system:index,BAI,DSM,NDVI,Plot,Severity,end_date,precipitation,start_date,temperature_2m_max,temperature_2m_min,.geo
0_00000000000000000000_0,62.92345542974011,381.0,0.7978630605603261,BS002,0.0,2007-01-01,1.6641673,2006-01-01,292.4296825252167,284.4708978940363,"{""geodesic"":false,""type"":""Point"",""coordinates"":[-121.3875027967385,35.85611981833809]}"
0_00000000000000000001_0,61.93974928659956,405.0,0.773690778689177,BS003,0.0,2007-01-01,1.6641673,2006-01-01,292.4296825252167,284.4708978940363,"{""geodesic"":false,""type"":""Point"",""coordinates"":[-121.39208420468752,35.85072992663337]}"
0_00000000000000000002_0,63.55216686941488,790.0,0.7070139391526348,BS004,0.0,2007-01-01,1.6641673,2006-01-01,292.4296825252167,284.4708978940363,"{""geodesic"":false,""type"":""Point"",""coordinates"":[-121.36675171367534,35.85854526960521]}"
0_00000000000000000003_0,60.523537659688394,851.0,0.7632595344477128,BS005,0.0,2007-01-01,1.6641673,2006-01-01,292.4296825252167,284.4708978940363,"{""geodesic"":false,""type"":""Point"",""coordinates"":[-121.36028384362969,35.85881476419044]}"
0_00000000000000000004_0,45.046973875609304,820.0,0.7900175889411288,BS006,0.0,2007-01-01,1.6641673,2006-01-01,292.4296825252167,284.4708978940363,"{""geodesic"":false,""type"":""Point"",""coordinates"":[-121.35381597358402,35.86043173170186]}"
0_00000000000000000005_0,18.51282967068274,883.0,0.7334298535281095,BS007,0.0,2007-01-01,1.6177839,2006-01-01,293.3737709776996,283.44372688188946,"{""geodesic"":false,""type"":""Point"",""coordinates"":[-121.33926326598129,35.857736785849504]}"
0_00000000000000000006_0,14.532307548613787,509.0,0.6070603726434259,BS011,0.0,2007-01-01,1.6269711,2006-01-01,292.64627660463935,284.8102299520414,"{""geodesic"":false,""type"":""Point"",""coordinates"":[-121.37133312162436,35.8291703598145]}"
0_00000000000000000007_0,30.564654737913177,359.0,0.7919534877231394,BS012,0.0,2007-01-01,1.6269711,2006-01-01,292.64627660463935,284.8102299520414,"{""geodesic"":false,""type"":""Point"",""coordinates"":[-121.37160261620959,35.82324147893931]}"
0_00000000000000000008_0,80.57645022628786,351.0,0.7394267584101036,BS015,0.0,2007-01-01,1.6694949,2006-01-01,292.928344517538,284.3553014885889,"{""geodesic"":false,""type"":""Point"",""coordinates"":[-121.34303619017459,35.8253974356212]}"
0_00000000000000000009_0,62.52178336503679,453.0,0.8428831281401798,BS016,0.0,2007-01-01,1.6694949,2006-01-01,292.928344517538,284.3553014885889,"{""geodesic"":false,""type"":""Point"",""coordinates"":[-121.33764629846988,35.82566693020643]}"
0_0000000000000000000a_0,49.55544967810672,518.0,0.8242938392356871,BS017,0.0,2007-01-01,1.6694949,2006-01-01,292.928344517538,284.3553014885889,"{""geodesic"":false,""type"":""Point"",""coordinates"":[-121.33225640676515,35.82512794103596]}"
0_0000000000000000000b_0,29.74976696940725,611.0,0.8716516561791519,BS018,0.0,2007-01-01,1.6694949,2006-01-01,292.928344517538,284.3553014885889,"{""geodesic"":false,""type"":""Point"",""coordinates"":[-121.32848348257185,35.82351097352455]}"
0_0000000000000000000c_0,69.17344526618085,466.0,0.7931254696236701,BS019,0.0,2007-01-01,1.6694949,2006-01-01,292.928344517538,284.3553014885889,"{""geodesic"":false,""type"":""Point"",""coordinates"":[-121.34249720100412,35.82970934898497]}"
0_0000000000000000000d_0,39.80784357248447,400.0,0.7883973491295241,BS020,0.0,2007-01-01,1.6694949,2006-01-01,292.928344517538,284.3553014885889,"{""geodesic"":false,""type"":""Point"",""coordinates"":[-121.3408802334927,35.83375176776351]}"
0_0000000000000000000e_0,30.372903247021892,639.0,0.8397258985603583,BS022,0.0,2007-01-01,1.6694949,2006-01-01,292.928344517538,284.3553014885889,"{""geodesic"":false,""type"":""Point"",""coordinates"":[-121.3379157930551,35.84426205658771]}"
0_0000000000000000000f_0,28.765444645082415,233.0,0.7929300060171819,BS026,0.0,2007-01-01,1.6914822,2006-01-01,292.4296825252167,284.4708978940363,"{""geodesic"":false,""type"":""Point"",""coordinates"":[-121.42550153325676,35.90166440324295]}"
0_00000000000000000010_0,62.420448818488296,186.0,0.7693697657092682,BS027,0.0,2007-01-01,1.6509237,2006-01-01,292.4296825252167,284.4708978940363,"{""geodesic"":false,""type"":""Point"",""coordinates"":[-121.43089142496147,35.89789147904964]}"
0_00000000000000000011_0,18.922702383108547,317.0,0.7737070147446728,BS032,0.0,2007-01-01,1.6517483,2006-01-01,292.928344517538,284.3553014885889,"{""geodesic"":false,""type"":""Point"",""coordinates"":[-121.3379157930551,35.797908987927144]}"
0_00000000000000000012_0,68.19896512095745,648.0,0.6674788523511371,BS034,0.0,2007-01-01,1.6694949,2006-01-01,292.928344517538,284.3553014885889,"{""geodesic"":false,""type"":""Point"",""coordinates"":[-121.32686651506043,35.800064944609026]}"
0_00000000000000000013_0,19.49288415667193,390.0,0.7430160788882225,BS035,0.0,2007-01-01,1.6517483,2006-01-01,292.928344517538,284.3553014885889,"{""geodesic"":false,""type"":""Point"",""coordinates"":[-121.31985965584431,35.789824150370066]}"
0_00000000000000000015_0,85.01118715341217,726.0,0.5385086565709479,BS044,0.0,2007-01-01,1.8769169,2006-01-01,291.6203050169226,283.72454629140356,"{""geodesic"":false,""type"":""Point"",""coordinates"":[-121.51712969223695,36.031560793326626]}"
0_00000000000000000016_0,19.30048158823937,517.0,0.8052831054252222,BS045,0.0,2007-01-01,1.8769169,2006-01-01,291.6203050169226,283.72454629140356,"{""geodesic"":false,""type"":""Point"",""coordinates"":[-121.50634990882752,36.02886584747427]}"
0_00000000000000000017_0,86.25582288747147,584.0,0.7037147912219573,BS046,0.0,2007-01-01,1.8769169,2006-01-01,291.6203050169226,283.72454629140356,"{""geodesic"":false,""type"":""Point"",""coordinates"":[-121.5047329413161,36.023475955769555]}"
0_00000000000000000018_0,24.528580272281605,690.0,0.7310163314771913,BS047,0.0,2007-01-01,1.8084484,2006-01-01,291.6203050169226,283.72454629140356,"{""geodesic"":false,""type"":""Point"",""coordinates"":[-121.49988203878186,36.02805736371856]}"
0_00000000000000000019_0,59.2372362752377,527.0,0.7686502181796119,BS048,0.0,2007-01-01,1.8084484,2006-01-01,291.6203050169226,283.72454629140356,"{""geodesic"":false,""type"":""Point"",""coordinates"":[-121.4904497282986,36.02859635288903]}"
0_0000000000000000001a_0,47.02416804379224,721.0,0.7580496575711893,BS050,0.0,2007-01-01,1.8084484,2006-01-01,291.6203050169226,283.72454629140356,"{""geodesic"":false,""type"":""Point"",""coordinates"":[-121.47966994488917,36.03290826625281]}"
0_0000000000000000001b_0,48.91035909509245,575.0,0.784997864218544,BS052,0.0,2007-01-01,1.8769169,2006-01-01,291.6203050169226,283.72454629140356,"{""geodesic"":false,""type"":""Point"",""coordinates"":[-121.50122951170803,36.01323516153059]}"
0_0000000000000000001c_0,90.59533642421907,380.0,0.735317161908406,BS053,0.0,2007-01-01,1.8769169,2006-01-01,291.6203050169226,283.72454629140356,"{""geodesic"":false,""type"":""Point"",""coordinates"":[-121.50661940341276,36.01242667777488]}"
0_0000000000000000001d_0,67.08948704566349,573.0,0.6624843204181604,BS054,0.0,2007-01-01,1.6517483,2006-01-01,292.928344517538,284.3553014885889,"{""geodesic"":false,""type"":""Point"",""coordinates"":[-121.31339178579864,35.78685970993247]}"
0_0000000000000000001e_0,47.57280798630779,599.0,0.7472449896459276,BS057,0.0,2007-01-01,1.8769169,2006-01-01,291.6203050169226,283.72454629140356,"{""geodesic"":false,""type"":""Point"",""coordinates"":[-121.51173980053224,36.029135342059504]}"
0_0000000000000000001f_0,44.08087194429572,767.0,0.755119068721418,BS058,0.0,2007-01-01,2.0962641,2006-01-01,291.13851627715644,282.9150447061617,"{""geodesic"":false,""type"":""Point"",""coordinates"":[-121.54677409661289,36.06012721936163]}"
0_00000000000000000020_0,26.83847409724351,661.0,0.7795949906804576,BS059,0.0,2007-01-01,2.0962641,2006-01-01,291.13851627715644,282.9150447061617,"{""geodesic"":false,""type"":""Point"",""coordinates"":[-121.54650460202767,36.056623789753566]}"
0_00000000000000000021_0,24.733303983865213,646.0,0.7448437659077807,BS060,0.0,2007-01-01,2.0962641,2006-01-01,291.13851627715644,282.9150447061617,"{""geodesic"":false,""type"":""Point"",""coordinates"":[-121.5438096561753,36.05258137097503]}"
0_00000000000000000022_0,17.2104945544785,612.0,0.7612067355847674,BS062,0.0,2007-01-01,1.8769169,2006-01-01,291.6203050169226,283.72454629140356,"{""geodesic"":false,""type"":""Point"",""coordinates"":[-121.54973853705049,36.03398624459375]}"
0_00000000000000000023_0,15.280916699432153,651.0,0.8183820672151584,BS063,0.0,2007-01-01,1.8769169,2006-01-01,291.6203050169226,283.72454629140356,"{""geodesic"":false,""type"":""Point"",""coordinates"":[-121.53788077530011,36.035603212105165]}"
0_00000000000000000024_0,23.91077902088099,746.0,0.813024493746214,BS066,0.0,2007-01-01,1.8769169,2006-01-01,291.6203050169226,283.72454629140356,"{""geodesic"":false,""type"":""Point"",""coordinates"":[-121.53356886193635,36.03722017961658]}"
0_00000000000000000026_0,14.307172458666928,705.0,0.7679895910306525,BS071,0.0,2007-01-01,1.8769169,2006-01-01,291.6203050169226,283.72454629140356,"{""geodesic"":false,""type"":""Point"",""coordinates"":[-121.54515712910148,36.037759168787055]}"
0_00000000000000000029_0,17.589524494982772,581.0,0.8438053875507284,BS076,0.0,2007-01-01,2.3032231,2006-01-01,289.34891863261186,282.214373319443,"{""geodesic"":false,""type"":""Point"",""coordinates"":[-121.8219280681387,36.361961154825785]}"
0_0000000000000000002a_0,19.727334378360165,607.0,0.8332819229039997,BS077,0.0,2007-01-01,2.3032231,2006-01-01,289.34891863261186,282.214373319443,"{""geodesic"":false,""type"":""Point"",""coordinates"":[-121.81896362770111,36.35926620897343]}"
0_0000000000000000002b_0,79.42488974947611,626.0,0.6790324080892605,BS078,0.0,2007-01-01,2.3032231,2006-01-01,289.34891863261186,282.214373319443,"{""geodesic"":false,""type"":""Point"",""coordinates"":[-121.81599918726351,36.35549328478013]}"
0_0000000000000000002c_0,26.03017023428038,745.0,0.8108352049623658,BS079,0.0,2007-01-01,2.3032231,2006-01-01,289.34891863261186,282.214373319443,"{""geodesic"":false,""type"":""Point"",""coordinates"":[-121.81249575765546,36.35953570355866]}"
0_0000000000000000002d_0,43.62449835705801,867.0,0.7769087815253167,BS080,0.0,2007-01-01,2.3032231,2006-01-01,289.34891863261186,282.214373319443,"{""geodesic"":false,""type"":""Point"",""coordinates"":[-121.80441092009838,36.36061368189961]}"
0_0000000000000000002e_0,30.208599835296933,316.0,0.7801476531374685,BS081,0.0,2007-01-01,2.3032231,2006-01-01,289.34891863261186,282.214373319443,"{""geodesic"":false,""type"":""Point"",""coordinates"":[-121.84429611871329,36.37193245447951]}"
0_00000000000000000034_0,12.943982433556034,1009.0,0.7783825745905524,BS088,0.0,2007-01-01,2.3343403,2006-01-01,289.34891863261186,282.214373319443,"{""geodesic"":false,""type"":""Point"",""coordinates"":[-121.7963260825413,36.3598051981439]}"
0_00000000000000000035_0,21.18267160432483,1058.0,0.7822294839386603,BS089,0.0,2007-01-01,2.3343403,2006-01-01,289.34891863261186,282.214373319443,"{""geodesic"":false,""type"":""Point"",""coordinates"":[-121.7963260825413,36.3665425627748]}"
0_00000000000000000036_0,20.843659318269484,952.0,0.7667051125121779,BS090,0.0,2007-01-01,2.3343403,2006-01-01,289.34891863261186,282.214373319443,"{""geodesic"":false,""type"":""Point"",""coordinates"":[-121.79659557712654,36.37085447613857]}"
0_00000000000000000037_0,32.164216334452085,929.0,0.8484192351987914,BS092,0.0,2007-01-01,2.3032231,2006-01-01,289.34891863261186,282.214373319443,"{""geodesic"":false,""type"":""Point"",""coordinates"":[-121.80414142551314,36.37489689491711]}"
0_00000000000000000038_0,69.52580690741836,785.0,0.7183016500015803,BS094,0.0,2007-01-01,1.6362692,2006-01-01,288.9997430252702,283.45979146042913,"{""geodesic"":false,""type"":""Point"",""coordinates"":[-121.87259305016305,36.45817072175499]}"
0_0000000000000000003a_0,39.13138761543413,521.0,0.8045821318713782,BS102,0.0,2007-01-01,2.3032231,2006-01-01,289.34891863261186,282.214373319443,"{""geodesic"":false,""type"":""Point"",""coordinates"":[-121.84240965661662,36.38055628120706]}"
0_0000000000000000003b_0,35.324204823896004,504.0,0.7671434053621012,BS103,0.0,2007-01-01,2.3032231,2006-01-01,289.34891863261186,282.214373319443,"{""geodesic"":false,""type"":""Point"",""coordinates"":[-121.84483510788375,36.378939313695646]}"
0_0000000000000000003d_0,63.136764995673936,889.0,0.7813811467209018,BS112,0.0,2007-01-01,2.18666,2006-01-01,289.34891863261186,282.214373319443,"{""geodesic"":false,""type"":""Point"",""coordinates"":[-121.8429486457871,36.41774653396961]}"
0_00000000000000000040_0,25.920001200409448,932.0,0.8154116850744585,BS121,0.0,2007-01-01,2.18666,2006-01-01,289.34891863261186,282.214373319443,"{""geodesic"":false,""type"":""Point"",""coordinates"":[-121.83944521617903,36.42178895274815]}"
0_00000000000000000041_0,72.0866525185155,766.0,0.6894557875020304,BS122,0.0,2007-01-01,2.18666,2006-01-01,289.34891863261186,282.214373319443,"{""geodesic"":false,""type"":""Point"",""coordinates"":[-121.84429611871329,36.423944909430034]}"
0_00000000000000000042_0,70.2652928240711,338.0,0.7562030270281896,BS123,0.0,2007-01-01,1.6362692,2006-01-01,288.9997430252702,283.45979146042913,"{""geodesic"":false,""type"":""Point"",""coordinates"":[-121.89415261698191,36.48107776150004]}"
0_00000000000000000043_0,49.00399905816304,376.0,0.8023863225465249,BS124,0.0,2007-01-01,1.6362692,2006-01-01,288.9997430252702,283.45979146042913,"{""geodesic"":false,""type"":""Point"",""coordinates"":[-121.89011019820337,36.47838281564768]}"
0_00000000000000000044_0,41.13779957896306,408.0,0.8276307376171615,BS125,0.0,2007-01-01,1.6362692,2006-01-01,288.9997430252702,283.45979146042913,"{""geodesic"":false,""type"":""Point"",""coordinates"":[-121.88633727401007,36.4808082669148]}"
0_00000000000000000045_0,62.30655970466102,311.0,0.7504812136380693,BS126,0.0,2007-01-01,1.6362692,2006-01-01,288.9997430252702,283.45979146042913,"{""geodesic"":false,""type"":""Point"",""coordinates"":[-121.88013889854965,36.484311696522866]}"
0_00000000000000000046_0,35.06056715751533,393.0,0.8226388034049753,BS128,0.0,2007-01-01,1.6362692,2006-01-01,288.9997430252702,283.45979146042913,"{""geodesic"":false,""type"":""Point"",""coordinates"":[-121.87367102850399,36.477843826477205]}"
0_00000000000000000047_0,55.923195750897726,351.0,0.7931009514401395,BS129,0.0,2007-01-01,1.6362692,2006-01-01,288.9997430252702,283.45979146042913,"{""geodesic"":false,""type"":""Point"",""coordinates"":[-121.88741525235102,36.49077956656853]}"
0_00000000000000000048_0,28.649982809968915,242.0,0.7878077400983682,BS130,0.0,2007-01-01,1.6362692,2006-01-01,288.9997430252702,283.45979146042913,"{""geodesic"":false,""type"":""Point"",""coordinates"":[-121.88391182274296,36.49563046910277]}"
0_00000000000000000049_0,72.74772438796816,250.0,0.7762730648102182,BS131,0.0,2007-01-01,1.3013933,2006-01-01,288.9997430252702,283.45979146042913,"{""geodesic"":false,""type"":""Point"",""coordinates"":[-121.88121687689059,36.500750866222255]}"
0_0000000000000000004e_0,41.84801635908435,306.0,0.8234735704296433,BS137,0.0,2007-01-01,2.4954908,2006-01-01,288.96066965599584,284.2491121475011,"{""geodesic"":false,""type"":""Point"",""coordinates"":[-121.87555749060064,36.347947436393525]}"
0_0000000000000000004f_0,29.75960152086803,306.0,0.7819263327015823,BS138,0.0,2007-01-01,1.6362692,2006-01-01,288.9997430252702,283.45979146042913,"{""geodesic"":false,""type"":""Point"",""coordinates"":[-121.86369972885026,36.49643895285848]}"
0_00000000000000000050_0,34.34882019811083,301.0,0.7334333582515498,BS139,0.0,2007-01-01,1.6362692,2006-01-01,288.9997430252702,283.45979146042913,"{""geodesic"":false,""type"":""Point"",""coordinates"":[-121.86289124509456,36.49104906115377]}"
0_00000000000000000051_0,49.53960613632822,333.0,0.8110824366391269,BS140,0.0,2007-01-01,1.6362692,2006-01-01,288.9997430252702,283.45979146042913,"{""geodesic"":false,""type"":""Point"",""coordinates"":[-121.86720315845832,36.482425234426216]}"
0_00000000000000000052_0,58.40667036642183,297.0,0.7727472229145756,BS141,0.0,2007-01-01,1.6362692,2006-01-01,288.9997430252702,283.45979146042913,"{""geodesic"":false,""type"":""Point"",""coordinates"":[-121.86100478299791,36.48296422359669]}"
0_00000000000000000053_0,26.053128148022054,503.0,0.7358654507525924,BS144,0.0,2007-01-01,1.732071,2006-01-01,289.90680186650525,282.4440477345088,"{""geodesic"":false,""type"":""Point"",""coordinates"":[-121.81761615477494,36.46841151599395]}"
0_00000000000000000054_0,64.13914976018094,722.0,0.779587449176335,BS146,0.0,2007-01-01,1.6362692,2006-01-01,288.9997430252702,283.45979146042913,"{""geodesic"":false,""type"":""Point"",""coordinates"":[-121.87313203933351,36.46302162428923]}"
0_00000000000000000055_0,70.4773657023174,435.0,0.8092464703441024,BS147,0.0,2007-01-01,1.6362692,2006-01-01,288.9997430252702,283.45979146042913,"{""geodesic"":false,""type"":""Point"",""coordinates"":[-121.88687626318055,36.47083696726107]}"
0_00000000000000000056_0,34.64613886102077,880.0,0.8049670598179525,BS148,0.0,2007-01-01,1.6362692,2006-01-01,288.9997430252702,283.45979146042913,"{""geodesic"":false,""type"":""Point"",""coordinates"":[-121.87124557723686,36.453050324635505]}"
0_00000000000000000057_0,53.21287772158417,767.0,0.7903167813026098,BS149,0.0,2007-01-01,1.6362692,2006-01-01,288.9997430252702,283.45979146042913,"{""geodesic"":false,""type"":""Point"",""coordinates"":[-121.87690496352683,36.45251133546503]}"
0_00000000000000000059_0,62.61816654542525,513.0,0.7859104736183712,BS151,0.0,2007-01-01,1.6362692,2006-01-01,288.9997430252702,283.45979146042913,"{""geodesic"":false,""type"":""Point"",""coordinates"":[-121.85130297792941,36.46248263511876]}"
0_0000000000000000005a_0,80.1713145644117,436.0,0.7609947986457535,BS152,0.0,2007-01-01,1.6362692,2006-01-01,288.9997430252702,283.45979146042913,"{""geodesic"":false,""type"":""Point"",""coordinates"":[-121.85184196709989,36.46706404306777]}"
0_0000000000000000005b_0,41.491500149871364,440.0,0.8328944398738946,BS156,0.0,2007-01-01,2.679913,2006-01-01,289.2602535718108,283.1223825951145,"{""geodesic"":false,""type"":""Point"",""coordinates"":[-121.80306344717219,36.30725375402291]}"
0_0000000000000000005c_0,72.83192982649649,369.0,0.7278478533551073,BS157,0.0,2007-01-01,2.679913,2006-01-01,289.2602535718108,283.1223825951145,"{""geodesic"":false,""type"":""Point"",""coordinates"":[-121.80737536053597,36.30375032441484]}"
0_0000000000000000005d_0,11.053333236981123,649.0,0.8255403386710412,BS158,0.0,2007-01-01,2.3032231,2006-01-01,289.34891863261186,282.214373319443,"{""geodesic"":false,""type"":""Point"",""coordinates"":[-121.8143822197521,36.35118137141635]}"
0_0000000000000000005e_0,30.32498708052272,294.0,0.8222971088480255,BS159,0.0,2007-01-01,2.679913,2006-01-01,289.2602535718108,283.1223825951145,"{""geodesic"":false,""type"":""Point"",""coordinates"":[-121.80225496341649,36.34067108259215]}"
0_0000000000000000005f_0,12.984398865042849,409.0,0.8358855548637232,BS160,0.0,2007-01-01,2.6230886,2006-01-01,289.2602535718108,283.1223825951145,"{""geodesic"":false,""type"":""Point"",""coordinates"":[-121.79821254463795,36.32935231001225]}"
0_00000000000000000060_0,16.16306879852449,1125.0,0.673212684846212,BS161,0.0,2007-01-01,2.3196886,2006-01-01,289.6812222833503,281.9554709656598,"{""geodesic"":false,""type"":""Point"",""coordinates"":[-121.71305225570342,36.3350116963022]}"
0_00000000000000000061_0,25.195123573427452,1102.0,0.8216601919908437,BS162,0.0,2007-01-01,2.3196886,2006-01-01,289.6812222833503,281.9554709656598,"{""geodesic"":false,""type"":""Point"",""coordinates"":[-121.71601669614101,36.34013209342169]}"
0_00000000000000000062_0,14.160259401466357,1175.0,0.7544161568408044,BS163,0.0,2007-01-01,2.3196886,2006-01-01,289.6812222833503,281.9554709656598,"{""geodesic"":false,""type"":""Point"",""coordinates"":[-121.71952012574909,36.3455219851264]}"
0_00000000000000000063_0,17.990615092849154,327.0,0.8458983770030842,BS165,0.0,2007-01-01,2.6230886,2006-01-01,289.2602535718108,283.1223825951145,"{""geodesic"":false,""type"":""Point"",""coordinates"":[-121.79201416917752,36.32584888040418]}"
0_00000000000000000064_0,29.48514644525946,373.0,0.825121732530981,BS166,0.0,2007-01-01,2.6230886,2006-01-01,289.2602535718108,283.1223825951145,"{""geodesic"":false,""type"":""Point"",""coordinates"":[-121.79228366376276,36.32935231001225]}"
0_00000000000000000065_0,42.75363696935633,437.0,0.8036993666169759,BS167,0.0,2007-01-01,2.6230886,2006-01-01,289.2602535718108,283.1223825951145,"{""geodesic"":false,""type"":""Point"",""coordinates"":[-121.79066669625135,36.320997977869936]}"
0_00000000000000000066_0,67.54238540527537,346.0,0.8071317917327047,BS168,0.0,2007-01-01,2.6230886,2006-01-01,289.2602535718108,283.1223825951145,"{""geodesic"":false,""type"":""Point"",""coordinates"":[-121.78446832079092,36.32477090206324]}"
0_00000000000000000067_0,14.253800319731054,1111.0,0.6417407886531821,BS172,0.0,2007-01-01,2.068217,2006-01-01,290.1317249872913,280.346741684169,"{""geodesic"":false,""type"":""Point"",""coordinates"":[-121.7429661546646,36.361961154825785]}"
0_00000000000000000068_0,10.336283351782141,522.0,0.8365279937933828,BS175,0.0,2007-01-01,2.679913,2006-01-01,289.2602535718108,283.1223825951145,"{""geodesic"":false,""type"":""Point"",""coordinates"":[-121.80117698507554,36.314799602409515]}"
0_00000000000000000069_0,11.988101092986236,533.0,0.8454675005720528,BS176,0.0,2007-01-01,2.6230886,2006-01-01,289.2602535718108,283.1223825951145,"{""geodesic"":false,""type"":""Point"",""coordinates"":[-121.79147518000705,36.30967920529003]}"
0_0000000000000000006a_0,53.314707246311364,577.0,0.8123111172183948,BS177,0.0,2007-01-01,2.6230886,2006-01-01,289.2602535718108,283.1223825951145,"{""geodesic"":false,""type"":""Point"",""coordinates"":[-121.79012770708087,36.30698425943768]}"
0_0000000000000000006b_0,49.72412274088566,231.0,0.8472885331180726,BS186,0.0,2007-01-01,3.0138586,2006-01-01,289.2602535718108,283.1223825951145,"{""geodesic"":false,""type"":""Point"",""coordinates"":[-121.82731795984343,36.268985522919415]}"
0_0000000000000000006c_0,42.54697992380292,123.0,0.8121752053465269,BS187,0.0,2007-01-01,3.0138586,2006-01-01,289.2602535718108,283.1223825951145,"{""geodesic"":false,""type"":""Point"",""coordinates"":[-121.82731795984343,36.28111277925503]}"
0_0000000000000000006d_0,28.406807503704414,275.0,0.7820516027539347,BS188,0.0,2007-01-01,3.0138586,2006-01-01,289.2602535718108,283.1223825951145,"{""geodesic"":false,""type"":""Point"",""coordinates"":[-121.82300604647965,36.26413462038517]}"
0_0000000000000000006e_0,56.68607663866397,109.0,0.7633320482100504,BS190,0.0,2007-01-01,3.0138586,2006-01-01,289.2602535718108,283.1223825951145,"{""geodesic"":false,""type"":""Point"",""coordinates"":[-121.83297734613338,36.285963681789276]}"
0_0000000000000000006f_0,43.54902596589387,422.0,0.8298916159333901,BS193,0.0,2007-01-01,3.0138586,2006-01-01,289.2602535718108,283.1223825951145,"{""geodesic"":false,""type"":""Point"",""coordinates"":[-121.82839593818437,36.2988994218806]}"
0_00000000000000000070_0,67.91766409546982,437.0,0.7404810695636804,BS194,0.0,2007-01-01,3.0138586,2006-01-01,289.2602535718108,283.1223825951145,"{""geodesic"":false,""type"":""Point"",""coordinates"":[-121.82408402482059,36.29674346519871]}"
0_00000000000000000071_0,92.54422416531673,590.0,0.587551660632602,BS195,0.0,2007-01-01,3.0138586,2006-01-01,289.2602535718108,283.1223825951145,"{""geodesic"":false,""type"":""Point"",""coordinates"":[-121.81249575765546,36.2951264976873]}"
0_00000000000000000072_0,55.520402421029104,661.0,0.7045374548923987,BS196,0.0,2007-01-01,3.0138586,2006-01-01,289.2602535718108,283.1223825951145,"{""geodesic"":false,""type"":""Point"",""coordinates"":[-121.80926182263262,36.29135357349399]}"
0_00000000000000000073_0,11.273049270836628,790.0,0.795719575498638,BS201,0.0,2007-01-01,2.3032231,2006-01-01,289.34891863261186,282.214373319443,"{""geodesic"":false,""type"":""Point"",""coordinates"":[-121.82650947608772,36.353606822683474]}"
0_00000000000000000074_0,14.294156388108876,787.0,0.6487097264802785,BS202,0.0,2007-01-01,2.3032231,2006-01-01,289.34891863261186,282.214373319443,"{""geodesic"":false,""type"":""Point"",""coordinates"":[-121.83567229198573,36.35333732809824]}"
0_00000000000000000075_0,33.29401817570127,795.0,0.8256589832520863,BS203,0.0,2007-01-01,2.3032231,2006-01-01,289.34891863261186,282.214373319443,"{""geodesic"":false,""type"":""Point"",""coordinates"":[-121.83675027032668,36.35791873604725]}"
0_00000000000000000076_0,32.703049926307095,794.0,0.8134851791645765,BS204,0.0,2007-01-01,2.3032231,2006-01-01,289.34891863261186,282.214373319443,"{""geodesic"":false,""type"":""Point"",""coordinates"":[-121.84240965661662,36.358188230632486]}"
0_00000000000000000077_0,32.887955062812175,98.0,0.7911216503418745,BS205,0.0,2007-01-01,3.0138586,2006-01-01,289.2602535718108,283.1223825951145,"{""geodesic"":false,""type"":""Point"",""coordinates"":[-121.81195676848498,36.27006350126036]}"
0_00000000000000000078_0,33.11448335121074,335.0,0.8333956463705428,BS207,0.0,2007-01-01,3.0138586,2006-01-01,289.2602535718108,283.1223825951145,"{""geodesic"":false,""type"":""Point"",""coordinates"":[-121.80252445800173,36.25712776116904]}"
0_00000000000000000080_0,50.09166091158085,375.0,0.7873525764178022,BS223,0.0,2007-01-01,2.65771,2006-01-01,289.6812222833503,281.9554709656598,"{""geodesic"":false,""type"":""Point"",""coordinates"":[-121.74916453012503,36.250390396538144]}"
0_00000000000000000081_0,69.52887994523041,457.0,0.7536865536474142,BS224,0.0,2007-01-01,2.65771,2006-01-01,289.6812222833503,281.9554709656598,"{""geodesic"":false,""type"":""Point"",""coordinates"":[-121.73973221964177,36.25389382614621]}"
0_00000000000000000082_0,64.85933744781278,497.0,0.799496027688039,BS226,0.0,2007-01-01,2.8762233,2006-01-01,290.092587029444,283.62809026012684,"{""geodesic"":false,""type"":""Point"",""coordinates"":[-121.73595929544847,36.24958191278244]}"
0_00000000000000000083_0,59.93149996349414,517.0,0.7774483729809817,BS228,0.0,2007-01-01,2.8762233,2006-01-01,290.092587029444,283.62809026012684,"{""geodesic"":false,""type"":""Point"",""coordinates"":[-121.72733546872092,36.24580898858913]}"
0_00000000000000000084_0,70.61589151376855,742.0,0.7836605081844156,BS229,0.0,2007-01-01,2.8762233,2006-01-01,290.092587029444,283.62809026012684,"{""geodesic"":false,""type"":""Point"",""coordinates"":[-121.7286829416471,36.23637667810588]}"
0_00000000000000000085_0,24.790512903343156,563.0,0.8141343279051849,BS230,0.0,2007-01-01,2.8762233,2006-01-01,290.092587029444,283.62809026012684,"{""geodesic"":false,""type"":""Point"",""coordinates"":[-121.72059810409003,36.24149707522536]}"
0_00000000000000000086_0,70.91514931068214,723.0,0.7174706765349467,BS232,0.0,2007-01-01,2.8762233,2006-01-01,290.092587029444,283.62809026012684,"{""geodesic"":false,""type"":""Point"",""coordinates"":[-121.74620008968743,36.23961061312871]}"
0_00000000000000000087_0,75.37172307725127,709.0,0.7211118133579362,BS233,0.0,2007-01-01,2.8762233,2006-01-01,290.092587029444,283.62809026012684,"{""geodesic"":false,""type"":""Point"",""coordinates"":[-121.74512211134649,36.2312562809864]}"
0_0000000000000000008b_0,73.5862795009642,325.0,0.7980940699825222,BS240,0.0,2007-01-01,2.8762233,2006-01-01,290.092587029444,283.62809026012684,"{""geodesic"":false,""type"":""Point"",""coordinates"":[-121.71844214740814,36.24796494527102]}"
0_0000000000000000008c_0,63.011767293372095,376.0,0.8089297362581916,BS241,0.0,2007-01-01,2.8762233,2006-01-01,290.092587029444,283.62809026012684,"{""geodesic"":false,""type"":""Point"",""coordinates"":[-121.71332175028866,36.24607848317437]}"
0_0000000000000000008d_0,32.29897220066324,442.0,0.8459787733298474,BS242,0.0,2007-01-01,2.8762233,2006-01-01,290.092587029444,283.62809026012684,"{""geodesic"":false,""type"":""Point"",""coordinates"":[-121.70173348312352,36.24715646151531]}"
0_0000000000000000008e_0,62.30198748305355,451.0,0.8226869034103438,BS243,0.0,2007-01-01,2.624714,2006-01-01,290.092587029444,283.62809026012684,"{""geodesic"":false,""type"":""Point"",""coordinates"":[-121.6941876347369,36.248503934441494]}"
0_0000000000000000008f_0,31.296007315556878,394.0,0.8105219081053084,BS244,0.0,2007-01-01,2.332288,2006-01-01,289.6812222833503,281.9554709656598,"{""geodesic"":false,""type"":""Point"",""coordinates"":[-121.68771976469125,36.25200736404956]}"
0_00000000000000000090_0,42.7892322791389,459.0,0.832457477133968,BS245,0.0,2007-01-01,2.624714,2006-01-01,290.092587029444,283.62809026012684,"{""geodesic"":false,""type"":""Point"",""coordinates"":[-121.68125189464558,36.2493124181972]}"
0_00000000000000000091_0,20.266261554575312,528.0,0.7518501777546699,BS246,0.0,2007-01-01,2.332288,2006-01-01,289.6812222833503,281.9554709656598,"{""geodesic"":false,""type"":""Point"",""coordinates"":[-121.67720947586704,36.250390396538144]}"
0_00000000000000000092_0,18.73896029016367,604.0,0.8185242296996215,BS247,0.0,2007-01-01,2.332288,2006-01-01,289.6812222833503,281.9554709656598,"{""geodesic"":false,""type"":""Point"",""coordinates"":[-121.67074160582139,36.2560497828281]}"
0_00000000000000000093_0,27.399470660809385,692.0,0.7182983239679223,BS248,0.0,2007-01-01,2.624714,2006-01-01,290.092587029444,283.62809026012684,"{""geodesic"":false,""type"":""Point"",""coordinates"":[-121.65942283324148,36.248503934441494]}"
0_00000000000000000094_0,25.50207604075285,580.0,0.7987649738962231,BS249,0.0,2007-01-01,2.624714,2006-01-01,290.092587029444,283.62809026012684,"{""geodesic"":false,""type"":""Point"",""coordinates"":[-121.65349395236629,36.248503934441494]}"
0_00000000000000000095_0,12.511254663930702,827.0,0.832557850685213,BS251,0.0,2007-01-01,2.8762233,2006-01-01,290.092587029444,283.62809026012684,"{""geodesic"":false,""type"":""Point"",""coordinates"":[-121.73191687666993,36.23044779723069]}"
0_00000000000000000096_0,17.07437438066253,888.0,0.8393263554555559,BS253,0.0,2007-01-01,2.8762233,2006-01-01,290.092587029444,283.62809026012684,"{""geodesic"":false,""type"":""Point"",""coordinates"":[-121.71763366365244,36.22020700299173]}"
0_00000000000000000097_0,47.683112434449335,901.0,0.8208335201013988,BS254,0.0,2007-01-01,2.8762233,2006-01-01,290.092587029444,283.62809026012684,"{""geodesic"":false,""type"":""Point"",""coordinates"":[-121.71170478277725,36.219937508406495]}"
0_00000000000000000098_0,80.00225389976515,1127.0,0.6979919026062814,BS257,0.0,2007-01-01,2.624714,2006-01-01,290.092587029444,283.62809026012684,"{""geodesic"":false,""type"":""Point"",""coordinates"":[-121.67936543254893,36.20969671416753]}"
0_00000000000000000099_0,29.373133886964514,122.0,0.7307667788557275,BS259,0.0,2007-01-01,3.0308163,2006-01-01,289.2602535718108,283.1223825951145,"{""geodesic"":false,""type"":""Point"",""coordinates"":[-121.79875153380843,36.26629057706706]}"
0_0000000000000000009a_0,33.517937834591855,256.0,0.8143331260153251,BS260,0.0,2007-01-01,3.0138586,2006-01-01,289.2602535718108,283.1223825951145,"{""geodesic"":false,""type"":""Point"",""coordinates"":[-121.80521940385408,36.260900685362344]}"
0_0000000000000000009b_0,19.481971082988814,539.0,0.8182377060891236,BS262,0.0,2007-01-01,2.8762233,2006-01-01,290.092587029444,283.62809026012684,"{""geodesic"":false,""type"":""Point"",""coordinates"":[-121.71978962033431,36.23718516186159]}"
0_0000000000000000009c_0,23.993306999919984,209.0,0.794117329867849,BS265,0.0,2007-01-01,3.0138586,2006-01-01,289.2602535718108,283.1223825951145,"{""geodesic"":false,""type"":""Point"",""coordinates"":[-121.81707716560446,36.25012090195291]}"
0_0000000000000000009e_0,15.767961377325612,854.0,0.6378702945795535,BS271,0.0,2007-01-01,2.8762233,2006-01-01,290.092587029444,283.62809026012684,"{""geodesic"":false,""type"":""Point"",""coordinates"":[-121.71224377194771,36.213200143775595]}"
0_0000000000000000009f_0,44.985469935781,635.0,0.757142468816085,BS272,0.0,2007-01-01,2.8762233,2006-01-01,290.092587029444,283.62809026012684,"{""geodesic"":false,""type"":""Point"",""coordinates"":[-121.7001165156121,36.20134238202522]}"
0_000000000000000000a0_0,14.301153410517855,765.0,0.820009856803344,BS273,0.0,2007-01-01,2.624714,2006-01-01,290.092587029444,283.62809026012684,"{""geodesic"":false,""type"":""Point"",""coordinates"":[-121.69472662390739,36.205384800803756]}"
0_000000000000000000a1_0,16.74799916088991,1154.0,0.7804384293765527,BS274,0.0,2007-01-01,2.8136663,2006-01-01,290.092587029444,283.62809026012684,"{""geodesic"":false,""type"":""Point"",""coordinates"":[-121.65645839280388,36.18975411486008]}"
0_000000000000000000a2_0,87.33935352374719,385.0,0.7394367839485402,BS276,0.0,2007-01-01,2.8136663,2006-01-01,290.092587029444,283.62809026012684,"{""geodesic"":false,""type"":""Point"",""coordinates"":[-121.68610279717983,36.180321804376824]}"
0_000000000000000000a3_0,44.25792591890008,271.0,0.816844100393331,BS277,0.0,2007-01-01,2.8136663,2006-01-01,290.092587029444,283.62809026012684,"{""geodesic"":false,""type"":""Point"",""coordinates"":[-121.66616019787239,36.16630808594456]}"
0_000000000000000000a8_0,51.833055337563984,617.0,0.7623233679089605,BS283,0.0,2007-01-01,2.8136663,2006-01-01,290.092587029444,283.62809026012684,"{""geodesic"":false,""type"":""Point"",""coordinates"":[-121.68044341088988,36.180052309791584]}"
0_000000000000000000a9_0,63.48185093201473,987.0,0.7586827938229761,BS287,0.0,2007-01-01,2.6083205,2006-01-01,290.31750897969283,282.5040873488335,"{""geodesic"":false,""type"":""Point"",""coordinates"":[-121.61010532414332,36.15013841083041]}"
0_000000000000000000aa_0,57.37560347805399,400.0,0.7598432111581338,BS292,0.0,2007-01-01,1.6362692,2006-01-01,288.9997430252702,283.45979146042913,"{""geodesic"":false,""type"":""Point"",""coordinates"":[-121.85157247251465,36.48916259905711]}"
0_000000000000000000ab_0,43.20372160383678,307.0,0.7824108703913105,BS293,0.0,2007-01-01,1.6362692,2006-01-01,288.9997430252702,283.45979146042913,"{""geodesic"":false,""type"":""Point"",""coordinates"":[-121.8534589346113,36.47919129940339]}"
0_000000000000000000ac_0,28.611566138188962,489.0,0.764846345242173,BS294,0.0,2007-01-01,1.6362692,2006-01-01,288.9997430252702,283.45979146042913,"{""geodesic"":false,""type"":""Point"",""coordinates"":[-121.8572318588046,36.46059617302211]}"
0_000000000000000000ad_0,76.16987224040223,205.0,0.7540152393058945,BS295,0.0,2007-01-01,1.7681612,2006-01-01,291.6203050169226,283.72454629140356,"{""geodesic"":false,""type"":""Point"",""coordinates"":[-121.49098871746908,35.99464003514932]}"
0_000000000000000000ae_0,33.117031875669234,616.0,0.783066792476025,BS296,0.0,2007-01-01,1.8084484,2006-01-01,291.6203050169226,283.72454629140356,"{""geodesic"":false,""type"":""Point"",""coordinates"":[-121.47077662357638,36.00299436729163]}"
0_000000000000000000af_0,17.298739366972754,626.0,0.8169787840059789,BS297,0.0,2007-01-01,1.8084484,2006-01-01,291.6203050169226,283.72454629140356,"{""geodesic"":false,""type"":""Point"",""coordinates"":[-121.45622391597365,36.00110790519498]}"
0_000000000000000000b0_0,76.1348366380565,223.0,0.7496634277859066,BS299,0.0,2007-01-01,1.7681612,2006-01-01,291.6203050169226,283.72454629140356,"{""geodesic"":false,""type"":""Point"",""coordinates"":[-121.47454954776968,35.99140610012648]}"
0_000000000000000000b1_0,49.6271458930398,530.0,0.791946695376117,BS301,0.0,2007-01-01,1.7681612,2006-01-01,291.6203050169226,283.72454629140356,"{""geodesic"":false,""type"":""Point"",""coordinates"":[-121.46969864523544,35.98682469217748]}"
0_000000000000000000b2_0,55.84187349039288,675.0,0.7531917143660322,BS303,0.0,2007-01-01,1.7681612,2006-01-01,291.6203050169226,283.72454629140356,"{""geodesic"":false,""type"":""Point"",""coordinates"":[-121.46592572104214,35.981704295057995]}"
0_000000000000000000b3_0,49.32534638156301,861.0,0.774869801657864,BS304,0.0,2007-01-01,1.7681612,2006-01-01,291.6203050169226,283.72454629140356,"{""geodesic"":false,""type"":""Point"",""coordinates"":[-121.454337453877,35.97604490876804]}"
0_000000000000000000b4_0,24.595260177265928,918.0,0.8112780480572664,BS306,0.0,2007-01-01,1.7319375,2006-01-01,292.468754682149,283.1277457041283,"{""geodesic"":false,""type"":""Point"",""coordinates"":[-121.43412535998431,35.98224328422847]}"
0_000000000000000000b5_0,22.863630144635383,639.0,0.8409520386954862,BS309,0.0,2007-01-01,1.7681612,2006-01-01,291.6203050169226,283.72454629140356,"{""geodesic"":false,""type"":""Point"",""coordinates"":[-121.45110351885417,35.98682469217748]}"
0_000000000000000000b6_0,41.09751382979562,528.0,0.7003864033390177,BS310,0.0,2007-01-01,1.7681612,2006-01-01,291.6203050169226,283.72454629140356,"{""geodesic"":false,""type"":""Point"",""coordinates"":[-121.47401055859922,35.98143480047276]}"
0_000000000000000000b7_0,18.072158947107567,600.0,0.7467927933204832,BS312,0.0,2007-01-01,1.7681612,2006-01-01,291.6203050169226,283.72454629140356,"{""geodesic"":false,""type"":""Point"",""coordinates"":[-121.45784088348506,35.95960573906866]}"
0_000000000000000000b8_0,23.551119668335147,603.0,0.7731578045454194,BS313,0.0,2007-01-01,1.7319375,2006-01-01,292.468754682149,283.1277457041283,"{""geodesic"":false,""type"":""Point"",""coordinates"":[-121.43547283291049,35.952868374437756]}"
0_000000000000000000b9_0,70.5257925571378,819.0,0.7452063169322215,BS315,0.0,2007-01-01,1.6914822,2006-01-01,292.4296825252167,284.4708978940363,"{""geodesic"":false,""type"":""Point"",""coordinates"":[-121.42819647910912,35.94316656936927]}"
0_000000000000000000ba_0,65.50540685918851,591.0,0.7494266917793192,BS316,0.0,2007-01-01,1.6914822,2006-01-01,292.4296825252167,284.4708978940363,"{""geodesic"":false,""type"":""Point"",""coordinates"":[-121.43978474627426,35.940471623516906]}"
0_000000000000000000bb_0,61.959319323949934,544.0,0.7534482918083949,BS317,0.0,2007-01-01,1.6914822,2006-01-01,292.4296825252167,284.4708978940363,"{""geodesic"":false,""type"":""Point"",""coordinates"":[-121.4446356488085,35.94181909644309]}"
0_000000000000000000bc_0,59.36001234878844,1007.0,0.7738786268061895,BS320,0.0,2007-01-01,1.7319375,2006-01-01,292.468754682149,283.1277457041283,"{""geodesic"":false,""type"":""Point"",""coordinates"":[-121.42280658740441,35.9501734285854]}"
0_000000000000000000bd_0,17.971834711473893,928.0,0.756704400567812,BS321,0.0,2007-01-01,1.6914822,2006-01-01,292.4296825252167,284.4708978940363,"{""geodesic"":false,""type"":""Point"",""coordinates"":[-121.42523203867152,35.938046172249784]}"
0_000000000000000000be_0,23.81788041349398,954.0,0.7533904488475937,BS322,0.0,2007-01-01,1.6914822,2006-01-01,292.4296825252167,284.4708978940363,"{""geodesic"":false,""type"":""Point"",""coordinates"":[-121.42900496286482,35.93346476430078]}"
0_000000000000000000bf_0,36.67817875886962,816.0,0.6964923186978776,BS323,0.0,2007-01-01,1.6914822,2006-01-01,292.4296825252167,284.4708978940363,"{""geodesic"":false,""type"":""Point"",""coordinates"":[-121.43116091954671,35.923762959232285]}"
0_000000000000000000c0_0,35.87483444047332,766.0,0.6686001770940598,BS324,0.0,2007-01-01,1.6914822,2006-01-01,292.4296825252167,284.4708978940363,"{""geodesic"":false,""type"":""Point"",""coordinates"":[-121.43223889788766,35.9186425621128]}"
0_000000000000000000c1_0,55.31308977075253,730.0,0.6827062774581932,BS326,0.0,2007-01-01,1.6914822,2006-01-01,292.4296825252167,284.4708978940363,"{""geodesic"":false,""type"":""Point"",""coordinates"":[-121.43062193037625,35.913522164993324]}"
0_000000000000000000c2_0,40.75364067122475,449.0,0.815067249756944,BS328,0.0,2007-01-01,1.6509237,2006-01-01,292.4296825252167,284.4708978940363,"{""geodesic"":false,""type"":""Point"",""coordinates"":[-121.43439485456955,35.89034563066304]}"
0_000000000000000000c3_0,27.80291438481535,602.0,0.7240373641861025,BS330,0.0,2007-01-01,1.6509237,2006-01-01,292.4296825252167,284.4708978940363,"{""geodesic"":false,""type"":""Point"",""coordinates"":[-121.4287354682796,35.88145230935026]}"
0_000000000000000000c4_0,26.918024145917855,758.0,0.811429659919082,BS331,0.0,2007-01-01,1.6509237,2006-01-01,292.4296825252167,284.4708978940363,"{""geodesic"":false,""type"":""Point"",""coordinates"":[-121.41876416862587,35.88414725520261]}"
0_000000000000000000c5_0,59.919604397416514,835.0,0.8274152212938017,BS333,0.0,2007-01-01,1.6509237,2006-01-01,292.4296825252167,284.4708978940363,"{""geodesic"":false,""type"":""Point"",""coordinates"":[-121.40178600975601,35.88818967398115]}"
0_000000000000000000c6_0,65.70496074985076,972.0,0.7924883777236353,BS334,0.0,2007-01-01,1.6641673,2006-01-01,292.4296825252167,284.4708978940363,"{""geodesic"":false,""type"":""Point"",""coordinates"":[-121.3875027967385,35.890884619833514]}"
0_000000000000000000c7_0,49.85939817176684,935.0,0.8247589548950178,BS335,0.0,2007-01-01,1.6641673,2006-01-01,292.4296825252167,284.4708978940363,"{""geodesic"":false,""type"":""Point"",""coordinates"":[-121.3791484645962,35.89223209275969]}"
0_000000000000000000c8_0,54.25982995851121,606.0,0.7086876285037617,BS338,0.0,2007-01-01,1.6641673,2006-01-01,292.4296825252167,284.4708978940363,"{""geodesic"":false,""type"":""Point"",""coordinates"":[-121.3942401613694,35.87094202052606]}"
0_000000000000000000c9_0,19.03106105150692,503.0,0.8252714817432678,BS355,0.0,2007-01-01,2.6230886,2006-01-01,289.2602535718108,283.1223825951145,"{""geodesic"":false,""type"":""Point"",""coordinates"":[-121.78824124498422,36.33393371796126]}"
0_000000000000000000ca_0,9.354361083812005,807.0,0.8505036030774767,BS358,0.0,2007-01-01,2.6230886,2006-01-01,289.2602535718108,283.1223825951145,"{""geodesic"":false,""type"":""Point"",""coordinates"":[-121.78608528830233,36.3455219851264]}"
0_000000000000000000cb_0,38.92544661534849,736.0,0.7895430039218048,BS359,0.0,2007-01-01,2.3343403,2006-01-01,289.34891863261186,282.214373319443,"{""geodesic"":false,""type"":""Point"",""coordinates"":[-121.79039720166611,36.35037288766065]}"
0_000000000000000000cc_0,16.721000286919164,936.0,0.7693674401068208,BS360,0.0,2007-01-01,2.3343403,2006-01-01,289.34891863261186,282.214373319443,"{""geodesic"":false,""type"":""Point"",""coordinates"":[-121.79120568542182,36.355762779365364]}"
0_000000000000000000cd_0,21.766791939751787,1015.0,0.7945459662012883,BS365,0.0,2007-01-01,2.624714,2006-01-01,290.092587029444,283.62809026012684,"{""geodesic"":false,""type"":""Point"",""coordinates"":[-121.68610279717983,36.22290194884409]}"
0_000000000000000000ce_0,13.422114565020252,665.0,0.7784978047279677,BS372,0.0,2007-01-01,2.8762233,2006-01-01,290.092587029444,283.62809026012684,"{""geodesic"":false,""type"":""Point"",""coordinates"":[-121.73568980086323,36.22290194884409]}"
0_000000000000000000cf_0,26.377475323603928,783.0,0.7639236952964273,BS373,0.0,2007-01-01,2.8762233,2006-01-01,290.092587029444,283.62809026012684,"{""geodesic"":false,""type"":""Point"",""coordinates"":[-121.7362287900337,36.228022345963566]}"
0_000000000000000000d1_0,59.199150819650384,371.0,0.797505855141237,BS378,0.0,2007-01-01,2.8762233,2006-01-01,290.092587029444,283.62809026012684,"{""geodesic"":false,""type"":""Point"",""coordinates"":[-121.74566110051695,36.219668013821256]}"
0_000000000000000000d2_0,62.459683522439526,746.0,0.49462126119484245,BS379,0.0,2007-01-01,2.8762233,2006-01-01,290.092587029444,283.62809026012684,"{""geodesic"":false,""type"":""Point"",""coordinates"":[-121.73973221964177,36.23098678640116]}"
0_000000000000000000d8_0,34.37221872059302,371.0,0.825113560783822,BS390,0.0,2007-01-01,2.6230886,2006-01-01,289.2602535718108,283.1223825951145,"{""geodesic"":false,""type"":""Point"",""coordinates"":[-121.79470911502989,36.333394728790786]}"
0_000000000000000000dd_0,23.425575229711384,878.0,0.8097588833091854,BS399,0.0,2007-01-01,1.6914822,2006-01-01,292.4296825252167,284.4708978940363,"{""geodesic"":false,""type"":""Point"",""coordinates"":[-121.42361507116011,35.93076981844842]}"
0_000000000000000000de_0,47.26227411551152,878.0,0.7242336772511385,BS405,0.0,2007-01-01,1.8769169,2006-01-01,291.6203050169226,283.72454629140356,"{""geodesic"":false,""type"":""Point"",""coordinates"":[-121.535455324033,36.04476602800319]}"
0_000000000000000000e1_0,32.13096351411678,263.0,0.8240700426931191,BS412,0.0,2007-01-01,1.6914822,2006-01-01,292.4296825252167,284.4708978940363,"{""geodesic"":false,""type"":""Point"",""coordinates"":[-121.41849467404063,35.90408985451007]}"
0_000000000000000000e2_0,30.14618622854766,628.0,0.6682651117718755,BS413,0.0,2007-01-01,1.6694949,2006-01-01,292.928344517538,284.3553014885889,"{""geodesic"":false,""type"":""Point"",""coordinates"":[-121.33360387969134,35.806263320069455]}"
0_000000000000000000e5_0,71.99346899692729,597.0,0.7309518772792208,BS420,0.0,2007-01-01,1.8084484,2006-01-01,291.6203050169226,283.72454629140356,"{""geodesic"":false,""type"":""Point"",""coordinates"":[-121.49071922288384,36.02374545035479]}"
0_000000000000000000e6_0,17.158571717892777,133.0,0.8225007609218354,BS423,0.0,2007-01-01,1.8769169,2006-01-01,291.6203050169226,283.72454629140356,"{""geodesic"":false,""type"":""Point"",""coordinates"":[-121.52144160560073,36.01566061279771]}"
0_000000000000000000e7_0,76.36300810574424,1336.0,0.713932150684468,BS425,0.0,2007-01-01,1.9086334,2006-01-01,291.13851627715644,282.9150447061617,"{""geodesic"":false,""type"":""Point"",""coordinates"":[-121.49880406044092,36.05500682224215]}"
0_000000000000000000e8_0,20.65059515832826,268.0,0.8194190652730754,BS426,0.0,2007-01-01,1.8769169,2006-01-01,291.6203050169226,283.72454629140356,"{""geodesic"":false,""type"":""Point"",""coordinates"":[-121.52817897023162,36.018894547820544]}"
0_000000000000000000e9_0,54.97081420938338,531.0,0.8095184983908755,BS427,0.0,2007-01-01,2.3032231,2006-01-01,289.34891863261186,282.214373319443,"{""geodesic"":false,""type"":""Point"",""coordinates"":[-121.83459431364479,36.37193245447951]}"
0_000000000000000000ea_0,29.729877327463086,379.0,0.819647832329472,BS429,0.0,2007-01-01,1.6362692,2006-01-01,288.9997430252702,283.45979146042913,"{""geodesic"":false,""type"":""Point"",""coordinates"":[-121.85184196709989,36.47245393477249]}"
0_000000000000000000eb_0,77.73819387475072,524.0,0.7225374133053711,BS430,0.0,2007-01-01,1.732071,2006-01-01,289.90680186650525,282.4440477345088,"{""geodesic"":false,""type"":""Point"",""coordinates"":[-121.81087879014403,36.46625555931207]}"
0_000000000000000000ec_0,38.548045402541675,808.0,0.8028685374613888,BS431,0.0,2007-01-01,1.6362692,2006-01-01,288.9997430252702,283.45979146042913,"{""geodesic"":false,""type"":""Point"",""coordinates"":[-121.86100478299791,36.45008588419791]}"
0_000000000000000000ed_0,20.349296860600322,385.0,0.8325855178132647,BS433,0.0,2007-01-01,2.679913,2006-01-01,289.2602535718108,283.1223825951145,"{""geodesic"":false,""type"":""Point"",""coordinates"":[-121.80737536053597,36.347677941808286]}"
0_000000000000000000ee_0,22.581635226249606,875.0,0.8284921491188367,BS434,0.0,2007-01-01,1.6362692,2006-01-01,288.9997430252702,283.45979146042913,"{""geodesic"":false,""type"":""Point"",""coordinates"":[-121.85103348334418,36.45089436795362]}"
0_000000000000000000ef_0,12.050553779311246,1045.0,0.7160360859757343,BS436,0.0,2007-01-01,2.3196886,2006-01-01,289.6812222833503,281.9554709656598,"{""geodesic"":false,""type"":""Point"",""coordinates"":[-121.72140658784573,36.3417490609331]}"
0_000000000000000000f0_0,23.259212401752706,367.0,0.839366960029297,BS438,0.0,2007-01-01,2.679913,2006-01-01,289.2602535718108,283.1223825951145,"{""geodesic"":false,""type"":""Point"",""coordinates"":[-121.80872283346216,36.34228805010357]}"
0_000000000000000000f1_0,17.833639529042895,109.0,0.793570585268064,BS457,0.0,2007-01-01,2.8136663,2006-01-01,290.092587029444,283.62809026012684,"{""geodesic"":false,""type"":""Point"",""coordinates"":[-121.6925706672255,36.17870483686541]}"
0_000000000000000000f4_0,22.336674334516502,438.0,0.7041873562847003,BS468,0.0,2007-01-01,1.732071,2006-01-01,289.90680186650525,282.4440477345088,"{""geodesic"":false,""type"":""Point"",""coordinates"":[-121.8467215699804,36.48512018027858]}"
0_000000000000000000f5_0,43.10262838205609,579.0,0.8256260263490544,BS469,0.0,2007-01-01,1.6362692,2006-01-01,288.9997430252702,283.45979146042913,"{""geodesic"":false,""type"":""Point"",""coordinates"":[-121.85830983714554,36.45574527048787]}"
0_000000000000000000f6_0,58.632671101261884,737.0,0.7904219989680664,BS470,0.0,2007-01-01,1.6362692,2006-01-01,288.9997430252702,283.45979146042913,"{""geodesic"":false,""type"":""Point"",""coordinates"":[-121.85291994544083,36.45628425965834]}"
0_000000000000000000f7_0,73.00380743689219,290.0,0.709100822912659,BS474,0.0,2007-01-01,1.7681612,2006-01-01,291.6203050169226,283.72454629140356,"{""geodesic"":false,""type"":""Point"",""coordinates"":[-121.46727319396832,35.990328121785545]}"
0_000000000000000000f8_0,54.733986622919396,972.0,0.751150217525957,BS478,0.0,2007-01-01,1.7319375,2006-01-01,292.468754682149,283.1277457041283,"{""geodesic"":false,""type"":""Point"",""coordinates"":[-121.4333168762286,35.99437054056408]}"
0_000000000000000000f9_0,25.14629298276454,507.0,0.713191646012136,BS486,0.0,2007-01-01,1.7681612,2006-01-01,291.6203050169226,283.72454629140356,"{""geodesic"":false,""type"":""Point"",""coordinates"":[-121.46835117230926,35.95367685819347]}"
0_000000000000000000fb_0,51.46333171720857,836.0,0.8032625928278504,BS499,0.0,2007-01-01,1.6509237,2006-01-01,292.4296825252167,284.4708978940363,"{""geodesic"":false,""type"":""Point"",""coordinates"":[-121.4077148906312,35.88738119022545]}"
0_000000000000000000fc_0,16.767080111827386,677.0,0.7647582632699549,BS504,0.0,2007-01-01,1.6641673,2006-01-01,292.4296825252167,284.4708978940363,"{""geodesic"":false,""type"":""Point"",""coordinates"":[-121.38911976424993,35.874175955548885]}"
0_000000000000000000fe_0,33.672963728878216,706.0,0.8213593639483417,BS518,0.0,2007-01-01,2.3032231,2006-01-01,289.34891863261186,282.214373319443,"{""geodesic"":false,""type"":""Point"",""coordinates"":[-121.83109088403673,36.38432920540036]}"
0_000000000000000000ff_0,37.30168104539343,538.0,0.8177544958873596,BS519,0.0,2007-01-01,2.3032231,2006-01-01,289.34891863261186,282.214373319443,"{""geodesic"":false,""type"":""Point"",""coordinates"":[-121.83944521617903,36.38352072164466]}"
0_00000000000000000101_0,28.657596590289987,581.0,0.7935366155194127,BS521,0.0,2007-01-01,2.8136663,2006-01-01,290.092587029444,283.62809026012684,"{""geodesic"":false,""type"":""Point"",""coordinates"":[-121.69526561307785,36.19837794158762]}"
0_00000000000000000102_0,20.66887898748966,562.0,0.8249460956799647,BS600,0.0,2007-01-01,2.3032231,2006-01-01,289.34891863261186,282.214373319443,"{""geodesic"":false,""type"":""Point"",""coordinates"":[-121.8219280681387,36.3598051981439]}"
0_00000000000000000103_0,39.747737295728626,638.0,0.8058882355301106,BS601,0.0,2007-01-01,2.3032231,2006-01-01,289.34891863261186,282.214373319443,"{""geodesic"":false,""type"":""Point"",""coordinates"":[-121.83324684071862,36.35926620897343]}"
0_00000000000000000104_0,18.23673808040532,518.0,0.816587639989276,BS603,0.0,2007-01-01,2.3032231,2006-01-01,289.34891863261186,282.214373319443,"{""geodesic"":false,""type"":""Point"",""coordinates"":[-121.84079268910521,36.366273068189564]}"
0_00000000000000000105_0,28.162588087245684,565.0,0.8334386325335451,BS604,0.0,2007-01-01,2.3032231,2006-01-01,289.34891863261186,282.214373319443,"{""geodesic"":false,""type"":""Point"",""coordinates"":[-121.84887752666229,36.367890035700974]}"
0_00000000000000000107_0,14.60029242636764,1022.0,0.812341469782153,BS607,0.0,2007-01-01,2.2323058,2006-01-01,290.31750897969283,282.5040873488335,"{""geodesic"":false,""type"":""Point"",""coordinates"":[-121.59151019776205,36.15013841083041]}"
0_00000000000000000108_0,72.80299918557995,257.0,0.7452505246861113,BS610,0.0,2007-01-01,2.8136663,2006-01-01,290.092587029444,283.62809026012684,"{""geodesic"":false,""type"":""Point"",""coordinates"":[-121.66292626284955,36.16253516175126]}"
0_00000000000000000109_0,58.471654682652115,417.0,0.7568867158691567,BS611,0.0,2007-01-01,2.8136663,2006-01-01,290.092587029444,283.62809026012684,"{""geodesic"":false,""type"":""Point"",""coordinates"":[-121.66454323036096,36.17304545057545]}"
0_0000000000000000010a_0,18.562010635087535,455.0,0.8126938351341794,BS612,0.0,2007-01-01,2.8136663,2006-01-01,290.092587029444,283.62809026012684,"{""geodesic"":false,""type"":""Point"",""coordinates"":[-121.66993312206569,36.17277595599022]}"
0_0000000000000000010b_0,21.298193690906377,318.0,0.8194032611167258,BS613,0.0,2007-01-01,2.8136663,2006-01-01,290.092587029444,283.62809026012684,"{""geodesic"":false,""type"":""Point"",""coordinates"":[-121.6693941328952,36.165769096774085]}"
0_0000000000000000010c_0,38.02976516495272,320.0,0.7904050441980993,BS620,0.0,2007-01-01,2.8136663,2006-01-01,290.092587029444,283.62809026012684,"{""geodesic"":false,""type"":""Point"",""coordinates"":[-121.6933791509812,36.184364223155356]}"
0_0000000000000000010d_0,83.78610982132626,262.0,0.7778037551320397,BS621,0.0,2007-01-01,2.8762233,2006-01-01,290.092587029444,283.62809026012684,"{""geodesic"":false,""type"":""Point"",""coordinates"":[-121.74862554095455,36.21805104630984]}"
0_00000000000000000113_0,24.405120333232052,151.0,0.8067763114564502,BS627,0.0,2007-01-01,3.0138586,2006-01-01,289.2602535718108,283.1223825951145,"{""geodesic"":false,""type"":""Point"",""coordinates"":[-121.80279395258697,36.27087198501607]}"
0_00000000000000000114_0,31.735643583242396,97.0,0.7931750765322088,BS628,0.0,2007-01-01,3.0138586,2006-01-01,289.2602535718108,283.1223825951145,"{""geodesic"":false,""type"":""Point"",""coordinates"":[-121.80629738219503,36.269255017504655]}"
0_00000000000000000115_0,31.948868733675695,405.0,0.8075277428891469,BS629,0.0,2007-01-01,2.8136663,2006-01-01,290.092587029444,283.62809026012684,"{""geodesic"":false,""type"":""Point"",""coordinates"":[-121.69526561307785,36.18813714734866]}"
0_00000000000000000116_0,25.657715938486398,552.0,0.8282796084542348,BS632,0.0,2007-01-01,2.679913,2006-01-01,289.2602535718108,283.1223825951145,"{""geodesic"":false,""type"":""Point"",""coordinates"":[-121.80036850131984,36.325040396648475]}"
0_00000000000000000117_0,13.943120018806965,639.0,0.8632543294621394,BS633,0.0,2007-01-01,2.679913,2006-01-01,289.2602535718108,283.1223825951145,"{""geodesic"":false,""type"":""Point"",""coordinates"":[-121.80063799590508,36.32261494538135]}"
1_00000000000000000000_0,65.20848873724582,381.0,0.7758210157959816,BS002,0.0,2008-01-01,0.93296033,2007-01-01,292.83044939433057,284.13498146370665,"{""geodesic"":false,""type"":""Point"",""coordinates"":[-121.3875027967385,35.85611981833809]}"
1_00000000000000000001_0,61.2894796111216,405.0,0.7496640563666364,BS003,0.0,2008-01-01,0.93296033,2007-01-01,292.83044939433057,284.13498146370665,"{""geodesic"":false,""type"":""Point"",""coordinates"":[-121.39208420468752,35.85072992663337]}"
1_00000000000000000002_0,58.42743996259278,790.0,0.7125016471300862,BS004,0.0,2008-01-01,0.93296033,2007-01-01,292.83044939433057,284.13498146370665,"{""geodesic"":false,""type"":""Point"",""coordinates"":[-121.36675171367534,35.85854526960521]}"
1_00000000000000000003_0,47.542214090585915,851.0,0.764865701249256,BS005,0.0,2008-01-01,0.93296033,2007-01-01,292.83044939433057,284.13498146370665,"{""geodesic"":false,""type"":""Point"",""coordinates"":[-121.36028384362969,35.85881476419044]}"
1_00000000000000000004_0,43.47044158770816,820.0,0.7775918217156845,BS006,0.0,2008-01-01,0.93296033,2007-01-01,292.83044939433057,284.13498146370665,"{""geodesic"":false,""type"":""Point"",""coordinates"":[-121.35381597358402,35.86043173170186]}"
1_00000000000000000005_0,17.515539359764254,883.0,0.732375227168211,BS007,0.0,2008-01-01,0.89713603,2007-01-01,294.02955798841504,283.1884359281357,"{""geodesic"":false,""type"":""Point"",""coordinates"":[-121.33926326598129,35.857736785849504]}"
1_00000000000000000006_0,16.221970000131893,509.0,0.5911605149652427,BS011,0.0,2008-01-01,0.9241203,2007-01-01,293.11504249050193,284.49458785383666,"{""geodesic"":false,""type"":""Point"",""coordinates"":[-121.37133312162436,35.8291703598145]}"
1_00000000000000000007_0,36.214606269251284,359.0,0.7530043238405844,BS012,0.0,2008-01-01,0.9241203,2007-01-01,293.11504249050193,284.49458785383666,"{""geodesic"":false,""type"":""Point"",""coordinates"":[-121.37160261620959,35.82324147893931]}"
1_00000000000000000008_0,77.23914893814795,351.0,0.7424215986834805,BS015,0.0,2008-01-01,0.90226406,2007-01-01,293.50518786286653,284.0573240933353,"{""geodesic"":false,""type"":""Point"",""coordinates"":[-121.34303619017459,35.8253974356212]}"
1_00000000000000000009_0,60.50429529422641,453.0,0.8120553924247083,BS016,0.0,2008-01-01,0.90226406,2007-01-01,293.50518786286653,284.0573240933353,"{""geodesic"":false,""type"":""Point"",""coordinates"":[-121.33764629846988,35.82566693020643]}"
1_0000000000000000000a_0,51.283188376457424,518.0,0.8299878037105128,BS017,0.0,2008-01-01,0.90226406,2007-01-01,293.50518786286653,284.0573240933353,"{""geodesic"":false,""type"":""Point"",""coordinates"":[-121.33225640676515,35.82512794103596]}"
1_0000000000000000000b_0,31.048173324296638,611.0,0.874961205028521,BS018,0.0,2008-01-01,0.90226406,2007-01-01,293.50518786286653,284.0573240933353,"{""geodesic"":false,""type"":""Point"",""coordinates"":[-121.32848348257185,35.82351097352455]}"
1_0000000000000000000c_0,63.963631132296925,466.0,0.8074281645227789,BS019,0.0,2008-01-01,0.90226406,2007-01-01,293.50518786286653,284.0573240933353,"{""geodesic"":false,""type"":""Point"",""coordinates"":[-121.34249720100412,35.82970934898497]}"
1_0000000000000000000d_0,41.7962565991728,400.0,0.7851833356392692,BS020,0.0,2008-01-01,0.90226406,2007-01-01,293.50518786286653,284.0573240933353,"{""geodesic"":false,""type"":""Point"",""coordinates"":[-121.3408802334927,35.83375176776351]}"
1_0000000000000000000e_0,31.85324223234206,639.0,0.8506147442965082,BS022,0.0,2008-01-01,0.90226406,2007-01-01,293.50518786286653,284.0573240933353,"{""geodesic"":false,""type"":""Point"",""coordinates"":[-121.3379157930551,35.84426205658771]}"
1_0000000000000000000f_0,30.597296237326372,233.0,0.7823827387030629,BS026,0.0,2008-01-01,0.9522368,2007-01-01,292.83044939433057,284.13498146370665,"{""geodesic"":false,""type"":""Point"",""coordinates"":[-121.42550153325676,35.90166440324295]}"
1_00000000000000000010_0,50.31525001067093,186.0,0.7978289740604659,BS027,0.0,2008-01-01,0.9448213,2007-01-01,292.83044939433057,284.13498146370665,"{""geodesic"":false,""type"":""Point"",""coordinates"":[-121.43089142496147,35.89789147904964]}"
1_00000000000000000011_0,21.48242557374834,317.0,0.7723665775008968,BS032,0.0,2008-01-01,0.883542,2007-01-01,293.50518786286653,284.0573240933353,"{""geodesic"":false,""type"":""Point"",""coordinates"":[-121.3379157930551,35.797908987927144]}"
1_00000000000000000012_0,63.68376174950886,648.0,0.6870600261893883,BS034,0.0,2008-01-01,0.90226406,2007-01-01,293.50518786286653,284.0573240933353,"{""geodesic"":false,""type"":""Point"",""coordinates"":[-121.32686651506043,35.800064944609026]}"
1_00000000000000000013_0,23.21334852528154,390.0,0.7443719992549902,BS035,0.0,2008-01-01,0.883542,2007-01-01,293.50518786286653,284.0573240933353,"{""geodesic"":false,""type"":""Point"",""coordinates"":[-121.31985965584431,35.789824150370066]}"
1_00000000000000000015_0,75.2840191665558,726.0,0.5492297580536776,BS044,0.0,2008-01-01,1.0565884,2007-01-01,291.8944339699941,283.31642940991543,"{""geodesic"":false,""type"":""Point"",""coordinates"":[-121.51712969223695,36.031560793326626]}"
1_00000000000000000016_0,18.689210468985806,517.0,0.8011433333157404,BS045,0.0,2008-01-01,1.0565884,2007-01-01,291.8944339699941,283.31642940991543,"{""geodesic"":false,""type"":""Point"",""coordinates"":[-121.50634990882752,36.02886584747427]}"
1_00000000000000000017_0,71.7926125521605,584.0,0.7520315207465957,BS046,0.0,2008-01-01,1.0565884,2007-01-01,291.8944339699941,283.31642940991543,"{""geodesic"":false,""type"":""Point"",""coordinates"":[-121.5047329413161,36.023475955769555]}"
1_00000000000000000018_0,21.335032736435434,690.0,0.7264836581418542,BS047,0.0,2008-01-01,1.0285608,2007-01-01,291.8944339699941,283.31642940991543,"{""geodesic"":false,""type"":""Point"",""coordinates"":[-121.49988203878186,36.02805736371856]}"
1_00000000000000000019_0,48.714920846591504,527.0,0.7464840513433681,BS048,0.0,2008-01-01,1.0285608,2007-01-01,291.8944339699941,283.31642940991543,"{""geodesic"":false,""type"":""Point"",""coordinates"":[-121.4904497282986,36.02859635288903]}"
1_0000000000000000001a_0,42.31215110321167,721.0,0.7630839052952413,BS050,0.0,2008-01-01,1.0285608,2007-01-01,291.8944339699941,283.31642940991543,"{""geodesic"":false,""type"":""Point"",""coordinates"":[-121.47966994488917,36.03290826625281]}"
1_0000000000000000001b_0,42.94719064226063,575.0,0.7747176440437308,BS052,0.0,2008-01-01,1.0565884,2007-01-01,291.8944339699941,283.31642940991543,"{""geodesic"":false,""type"":""Point"",""coordinates"":[-121.50122951170803,36.01323516153059]}"
1_0000000000000000001c_0,93.58612416580965,380.0,0.7122363154433923,BS053,0.0,2008-01-01,1.0565884,2007-01-01,291.8944339699941,283.31642940991543,"{""geodesic"":false,""type"":""Point"",""coordinates"":[-121.50661940341276,36.01242667777488]}"
1_0000000000000000001d_0,71.78437665306843,573.0,0.6633430147824527,BS054,0.0,2008-01-01,0.883542,2007-01-01,293.50518786286653,284.0573240933353,"{""geodesic"":false,""type"":""Point"",""coordinates"":[-121.31339178579864,35.78685970993247]}"
1_0000000000000000001e_0,39.64765387542423,599.0,0.7443167556146125,BS057,0.0,2008-01-01,1.0565884,2007-01-01,291.8944339699941,283.31642940991543,"{""geodesic"":false,""type"":""Point"",""coordinates"":[-121.51173980053224,36.029135342059504]}"
1_0000000000000000001f_0,42.109106789487555,767.0,0.7563523274609549,BS058,0.0,2008-01-01,1.1742284,2007-01-01,291.38687451506314,282.4927516571463,"{""geodesic"":false,""type"":""Point"",""coordinates"":[-121.54677409661289,36.06012721936163]}"
1_00000000000000000020_0,24.979320015805808,661.0,0.7667659031660418,BS059,0.0,2008-01-01,1.1742284,2007-01-01,291.38687451506314,282.4927516571463,"{""geodesic"":false,""type"":""Point"",""coordinates"":[-121.54650460202767,36.056623789753566]}"
1_00000000000000000021_0,21.54656793447684,646.0,0.7546917241387407,BS060,0.0,2008-01-01,1.1742284,2007-01-01,291.38687451506314,282.4927516571463,"{""geodesic"":false,""type"":""Point"",""coordinates"":[-121.5438096561753,36.05258137097503]}"
1_00000000000000000022_0,16.07805406515637,612.0,0.7639258044024396,BS062,0.0,2008-01-01,1.0565884,2007-01-01,291.8944339699941,283.31642940991543,"{""geodesic"":false,""type"":""Point"",""coordinates"":[-121.54973853705049,36.03398624459375]}"
1_00000000000000000023_0,14.364889367709246,651.0,0.8148022439974913,BS063,0.0,2008-01-01,1.0565884,2007-01-01,291.8944339699941,283.31642940991543,"{""geodesic"":false,""type"":""Point"",""coordinates"":[-121.53788077530011,36.035603212105165]}"
1_00000000000000000024_0,22.552550643609795,746.0,0.8328678089306031,BS066,0.0,2008-01-01,1.0565884,2007-01-01,291.8944339699941,283.31642940991543,"{""geodesic"":false,""type"":""Point"",""coordinates"":[-121.53356886193635,36.03722017961658]}"
1_00000000000000000026_0,14.328864088599092,705.0,0.7687019008714081,BS071,0.0,2008-01-01,1.0565884,2007-01-01,291.8944339699941,283.31642940991543,"{""geodesic"":false,""type"":""Point"",""coordinates"":[-121.54515712910148,36.037759168787055]}"
1_00000000000000000029_0,20.356010650661887,581.0,0.8236110198119414,BS076,0.0,2008-01-01,1.3533984,2007-01-01,289.1101814583556,281.84372445720516,"{""geodesic"":false,""type"":""Point"",""coordinates"":[-121.8219280681387,36.361961154825785]}"
1_0000000000000000002a_0,21.15816684488819,607.0,0.8110494534953719,BS077,0.0,2008-01-01,1.3533984,2007-01-01,289.1101814583556,281.84372445720516,"{""geodesic"":false,""type"":""Point"",""coordinates"":[-121.81896362770111,36.35926620897343]}"
1_0000000000000000002b_0,77.50797365122132,626.0,0.6943025269602452,BS078,0.0,2008-01-01,1.3533984,2007-01-01,289.1101814583556,281.84372445720516,"{""geodesic"":false,""type"":""Point"",""coordinates"":[-121.81599918726351,36.35549328478013]}"
1_0000000000000000002c_0,27.25204929175504,745.0,0.7926398567557772,BS079,0.0,2008-01-01,1.3533984,2007-01-01,289.1101814583556,281.84372445720516,"{""geodesic"":false,""type"":""Point"",""coordinates"":[-121.81249575765546,36.35953570355866]}"
1_0000000000000000002d_0,44.774517362733,867.0,0.7881490098932037,BS080,0.0,2008-01-01,1.3533984,2007-01-01,289.1101814583556,281.84372445720516,"{""geodesic"":false,""type"":""Point"",""coordinates"":[-121.80441092009838,36.36061368189961]}"
1_0000000000000000002e_0,29.724978363745166,316.0,0.7656655241522965,BS081,0.0,2008-01-01,1.3533984,2007-01-01,289.1101814583556,281.84372445720516,"{""geodesic"":false,""type"":""Point"",""coordinates"":[-121.84429611871329,36.37193245447951]}"
1_00000000000000000034_0,17.73013772578275,1009.0,0.7486247822337045,BS088,0.0,2008-01-01,1.2493781,2007-01-01,289.1101814583556,281.84372445720516,"{""geodesic"":false,""type"":""Point"",""coordinates"":[-121.7963260825413,36.3598051981439]}"
1_00000000000000000035_0,26.076825097155034,1058.0,0.7132121189288587,BS089,0.0,2008-01-01,1.2493781,2007-01-01,289.1101814583556,281.84372445720516,"{""geodesic"":false,""type"":""Point"",""coordinates"":[-121.7963260825413,36.3665425627748]}"
1_00000000000000000036_0,20.655248575274573,952.0,0.7555401157625942,BS090,0.0,2008-01-01,1.2493781,2007-01-01,289.1101814583556,281.84372445720516,"{""geodesic"":false,""type"":""Point"",""coordinates"":[-121.79659557712654,36.37085447613857]}"
1_00000000000000000037_0,28.09210592757669,929.0,0.8488293426823297,BS092,0.0,2008-01-01,1.3533984,2007-01-01,289.1101814583556,281.84372445720516,"{""geodesic"":false,""type"":""Point"",""coordinates"":[-121.80414142551314,36.37489689491711]}"
1_00000000000000000038_0,67.15508839327705,785.0,0.7265650544370654,BS094,0.0,2008-01-01,0.89830154,2007-01-01,288.5884978829998,283.02995572024827,"{""geodesic"":false,""type"":""Point"",""coordinates"":[-121.87259305016305,36.45817072175499]}"
1_0000000000000000003a_0,42.79105845548847,521.0,0.7629796949737148,BS102,0.0,2008-01-01,1.3533984,2007-01-01,289.1101814583556,281.84372445720516,"{""geodesic"":false,""type"":""Point"",""coordinates"":[-121.84240965661662,36.38055628120706]}"
1_0000000000000000003b_0,47.12374297242034,504.0,0.7416873991064166,BS103,0.0,2008-01-01,1.3533984,2007-01-01,289.1101814583556,281.84372445720516,"{""geodesic"":false,""type"":""Point"",""coordinates"":[-121.84483510788375,36.378939313695646]}"
1_0000000000000000003d_0,65.34630538875703,889.0,0.7407420713211451,BS112,0.0,2008-01-01,1.227232,2007-01-01,289.1101814583556,281.84372445720516,"{""geodesic"":false,""type"":""Point"",""coordinates"":[-121.8429486457871,36.41774653396961]}"
1_00000000000000000040_0,26.617861931611472,932.0,0.8175724057682429,BS121,0.0,2008-01-01,1.227232,2007-01-01,289.1101814583556,281.84372445720516,"{""geodesic"":false,""type"":""Point"",""coordinates"":[-121.83944521617903,36.42178895274815]}"
1_00000000000000000041_0,68.15496273400642,766.0,0.7286396642804654,BS122,0.0,2008-01-01,1.227232,2007-01-01,289.1101814583556,281.84372445720516,"{""geodesic"":false,""type"":""Point"",""coordinates"":[-121.84429611871329,36.423944909430034]}"
1_00000000000000000042_0,67.99381008484083,338.0,0.7777745005989763,BS123,0.0,2008-01-01,0.89830154,2007-01-01,288.5884978829998,283.02995572024827,"{""geodesic"":false,""type"":""Point"",""coordinates"":[-121.89415261698191,36.48107776150004]}"
1_00000000000000000043_0,49.36527717512419,376.0,0.8005596488719838,BS124,0.0,2008-01-01,0.89830154,2007-01-01,288.5884978829998,283.02995572024827,"{""geodesic"":false,""type"":""Point"",""coordinates"":[-121.89011019820337,36.47838281564768]}"
1_00000000000000000044_0,39.86513414088129,408.0,0.8193680324842444,BS125,0.0,2008-01-01,0.89830154,2007-01-01,288.5884978829998,283.02995572024827,"{""geodesic"":false,""type"":""Point"",""coordinates"":[-121.88633727401007,36.4808082669148]}"
1_00000000000000000045_0,65.26148200742664,311.0,0.734630673550821,BS126,0.0,2008-01-01,0.89830154,2007-01-01,288.5884978829998,283.02995572024827,"{""geodesic"":false,""type"":""Point"",""coordinates"":[-121.88013889854965,36.484311696522866]}"
1_00000000000000000046_0,38.064688794130355,393.0,0.8262281481948142,BS128,0.0,2008-01-01,0.89830154,2007-01-01,288.5884978829998,283.02995572024827,"{""geodesic"":false,""type"":""Point"",""coordinates"":[-121.87367102850399,36.477843826477205]}"
1_00000000000000000047_0,53.24212353794139,351.0,0.7686639753715485,BS129,0.0,2008-01-01,0.89830154,2007-01-01,288.5884978829998,283.02995572024827,"{""geodesic"":false,""type"":""Point"",""coordinates"":[-121.88741525235102,36.49077956656853]}"
1_00000000000000000048_0,28.176183043640034,242.0,0.7944973766430447,BS130,0.0,2008-01-01,0.89830154,2007-01-01,288.5884978829998,283.02995572024827,"{""geodesic"":false,""type"":""Point"",""coordinates"":[-121.88391182274296,36.49563046910277]}"
1_00000000000000000049_0,67.85987534791377,250.0,0.8005322476589658,BS131,0.0,2008-01-01,0.7580262,2007-01-01,288.5884978829998,283.02995572024827,"{""geodesic"":false,""type"":""Point"",""coordinates"":[-121.88121687689059,36.500750866222255]}"
1_0000000000000000004e_0,36.376734629473304,306.0,0.8204286879610887,BS137,0.0,2008-01-01,1.6246574,2007-01-01,288.4793225850145,283.7346164233064,"{""geodesic"":false,""type"":""Point"",""coordinates"":[-121.87555749060064,36.347947436393525]}"
1_0000000000000000004f_0,41.422779859836695,306.0,0.7487913605816033,BS138,0.0,2008-01-01,0.89830154,2007-01-01,288.5884978829998,283.02995572024827,"{""geodesic"":false,""type"":""Point"",""coordinates"":[-121.86369972885026,36.49643895285848]}"
1_00000000000000000050_0,36.986694563527806,301.0,0.7226721662909797,BS139,0.0,2008-01-01,0.89830154,2007-01-01,288.5884978829998,283.02995572024827,"{""geodesic"":false,""type"":""Point"",""coordinates"":[-121.86289124509456,36.49104906115377]}"
1_00000000000000000051_0,49.86539513429832,333.0,0.7976003731686377,BS140,0.0,2008-01-01,0.89830154,2007-01-01,288.5884978829998,283.02995572024827,"{""geodesic"":false,""type"":""Point"",""coordinates"":[-121.86720315845832,36.482425234426216]}"
1_00000000000000000052_0,63.23863606441473,297.0,0.721160407776651,BS141,0.0,2008-01-01,0.89830154,2007-01-01,288.5884978829998,283.02995572024827,"{""geodesic"":false,""type"":""Point"",""coordinates"":[-121.86100478299791,36.48296422359669]}"
1_00000000000000000053_0,29.653702932906757,503.0,0.7279835119165803,BS144,0.0,2008-01-01,0.96861196,2007-01-01,289.6358400109696,282.0112652504281,"{""geodesic"":false,""type"":""Point"",""coordinates"":[-121.81761615477494,36.46841151599395]}"
1_00000000000000000054_0,55.78760356823762,722.0,0.7604893548213748,BS146,0.0,2008-01-01,0.89830154,2007-01-01,288.5884978829998,283.02995572024827,"{""geodesic"":false,""type"":""Point"",""coordinates"":[-121.87313203933351,36.46302162428923]}"
1_00000000000000000055_0,68.8020016703383,435.0,0.7964952330757562,BS147,0.0,2008-01-01,0.89830154,2007-01-01,288.5884978829998,283.02995572024827,"{""geodesic"":false,""type"":""Point"",""coordinates"":[-121.88687626318055,36.47083696726107]}"
1_00000000000000000056_0,34.94846482098139,880.0,0.7955438556876455,BS148,0.0,2008-01-01,0.89830154,2007-01-01,288.5884978829998,283.02995572024827,"{""geodesic"":false,""type"":""Point"",""coordinates"":[-121.87124557723686,36.453050324635505]}"
1_00000000000000000057_0,50.126785747481186,767.0,0.8047671560126833,BS149,0.0,2008-01-01,0.89830154,2007-01-01,288.5884978829998,283.02995572024827,"{""geodesic"":false,""type"":""Point"",""coordinates"":[-121.87690496352683,36.45251133546503]}"
1_00000000000000000059_0,60.98833572848027,513.0,0.7773182794476703,BS151,0.0,2008-01-01,0.89830154,2007-01-01,288.5884978829998,283.02995572024827,"{""geodesic"":false,""type"":""Point"",""coordinates"":[-121.85130297792941,36.46248263511876]}"
1_0000000000000000005a_0,75.26111939841974,436.0,0.7730292081748334,BS152,0.0,2008-01-01,0.89830154,2007-01-01,288.5884978829998,283.02995572024827,"{""geodesic"":false,""type"":""Point"",""coordinates"":[-121.85184196709989,36.46706404306777]}"
1_0000000000000000005b_0,33.973346448211295,440.0,0.8108774825803898,BS156,0.0,2008-01-01,1.5859883,2007-01-01,288.9399922828152,282.6878959760274,"{""geodesic"":false,""type"":""Point"",""coordinates"":[-121.80306344717219,36.30725375402291]}"
1_0000000000000000005c_0,65.12318960115762,369.0,0.7191662852427027,BS157,0.0,2008-01-01,1.5859883,2007-01-01,288.9399922828152,282.6878959760274,"{""geodesic"":false,""type"":""Point"",""coordinates"":[-121.80737536053597,36.30375032441484]}"
1_0000000000000000005d_0,11.08490210006106,649.0,0.8133889702593095,BS158,0.0,2008-01-01,1.3533984,2007-01-01,289.1101814583556,281.84372445720516,"{""geodesic"":false,""type"":""Point"",""coordinates"":[-121.8143822197521,36.35118137141635]}"
1_0000000000000000005e_0,29.290393001277238,294.0,0.8226200487252786,BS159,0.0,2008-01-01,1.5859883,2007-01-01,288.9399922828152,282.6878959760274,"{""geodesic"":false,""type"":""Point"",""coordinates"":[-121.80225496341649,36.34067108259215]}"
1_0000000000000000005f_0,15.03000401881363,409.0,0.806980137160157,BS160,0.0,2008-01-01,1.5204401,2007-01-01,288.9399922828152,282.6878959760274,"{""geodesic"":false,""type"":""Point"",""coordinates"":[-121.79821254463795,36.32935231001225]}"
1_00000000000000000060_0,15.901400688990107,1125.0,0.6809934742833815,BS161,0.0,2008-01-01,1.237825,2007-01-01,289.557977671166,281.6079099472255,"{""geodesic"":false,""type"":""Point"",""coordinates"":[-121.71305225570342,36.3350116963022]}"
1_00000000000000000061_0,26.753897390001327,1102.0,0.8001538565701773,BS162,0.0,2008-01-01,1.237825,2007-01-01,289.557977671166,281.6079099472255,"{""geodesic"":false,""type"":""Point"",""coordinates"":[-121.71601669614101,36.34013209342169]}"
1_00000000000000000062_0,14.603324047487847,1175.0,0.7486932339369864,BS163,0.0,2008-01-01,1.237825,2007-01-01,289.557977671166,281.6079099472255,"{""geodesic"":false,""type"":""Point"",""coordinates"":[-121.71952012574909,36.3455219851264]}"
1_00000000000000000063_0,18.262622580826125,327.0,0.8342056665084834,BS165,0.0,2008-01-01,1.5204401,2007-01-01,288.9399922828152,282.6878959760274,"{""geodesic"":false,""type"":""Point"",""coordinates"":[-121.79201416917752,36.32584888040418]}"
1_00000000000000000064_0,33.17133818220138,373.0,0.7998344772330498,BS166,0.0,2008-01-01,1.5204401,2007-01-01,288.9399922828152,282.6878959760274,"{""geodesic"":false,""type"":""Point"",""coordinates"":[-121.79228366376276,36.32935231001225]}"
1_00000000000000000065_0,44.21812936307214,437.0,0.771274814226293,BS167,0.0,2008-01-01,1.5204401,2007-01-01,288.9399922828152,282.6878959760274,"{""geodesic"":false,""type"":""Point"",""coordinates"":[-121.79066669625135,36.320997977869936]}"
1_00000000000000000066_0,62.262135490090046,346.0,0.8060490677239589,BS168,0.0,2008-01-01,1.5204401,2007-01-01,288.9399922828152,282.6878959760274,"{""geodesic"":false,""type"":""Point"",""coordinates"":[-121.78446832079092,36.32477090206324]}"
1_00000000000000000067_0,16.448872492717374,1111.0,0.6504779000551815,BS172,0.0,2008-01-01,1.1391046,2007-01-01,290.16243950830744,280.06450053175837,"{""geodesic"":false,""type"":""Point"",""coordinates"":[-121.7429661546646,36.361961154825785]}"
1_00000000000000000068_0,13.834068567565758,522.0,0.7795656458845616,BS175,0.0,2008-01-01,1.5859883,2007-01-01,288.9399922828152,282.6878959760274,"{""geodesic"":false,""type"":""Point"",""coordinates"":[-121.80117698507554,36.314799602409515]}"
1_00000000000000000069_0,13.103778872058012,533.0,0.8196754693336985,BS176,0.0,2008-01-01,1.5204401,2007-01-01,288.9399922828152,282.6878959760274,"{""geodesic"":false,""type"":""Point"",""coordinates"":[-121.79147518000705,36.30967920529003]}"
1_0000000000000000006a_0,53.36162643291154,577.0,0.814242963629903,BS177,0.0,2008-01-01,1.5204401,2007-01-01,288.9399922828152,282.6878959760274,"{""geodesic"":false,""type"":""Point"",""coordinates"":[-121.79012770708087,36.30698425943768]}"
1_0000000000000000006b_0,53.911178797874506,231.0,0.8119960745613882,BS186,0.0,2008-01-01,1.9172084,2007-01-01,288.9399922828152,282.6878959760274,"{""geodesic"":false,""type"":""Point"",""coordinates"":[-121.82731795984343,36.268985522919415]}"
1_0000000000000000006c_0,44.319066738631726,123.0,0.806147511918084,BS187,0.0,2008-01-01,1.9172084,2007-01-01,288.9399922828152,282.6878959760274,"{""geodesic"":false,""type"":""Point"",""coordinates"":[-121.82731795984343,36.28111277925503]}"
1_0000000000000000006d_0,33.924455852699275,275.0,0.778212179081013,BS188,0.0,2008-01-01,1.9172084,2007-01-01,288.9399922828152,282.6878959760274,"{""geodesic"":false,""type"":""Point"",""coordinates"":[-121.82300604647965,36.26413462038517]}"
1_0000000000000000006e_0,55.720334197117666,109.0,0.7476628110550264,BS190,0.0,2008-01-01,1.9172084,2007-01-01,288.9399922828152,282.6878959760274,"{""geodesic"":false,""type"":""Point"",""coordinates"":[-121.83297734613338,36.285963681789276]}"
1_0000000000000000006f_0,41.6875658557285,422.0,0.8187360183592269,BS193,0.0,2008-01-01,1.9172084,2007-01-01,288.9399922828152,282.6878959760274,"{""geodesic"":false,""type"":""Point"",""coordinates"":[-121.82839593818437,36.2988994218806]}"
1_00000000000000000070_0,63.17894309498604,437.0,0.7589421608107667,BS194,0.0,2008-01-01,1.9172084,2007-01-01,288.9399922828152,282.6878959760274,"{""geodesic"":false,""type"":""Point"",""coordinates"":[-121.82408402482059,36.29674346519871]}"
1_00000000000000000071_0,79.28164963176933,590.0,0.5924663561134325,BS195,0.0,2008-01-01,1.9172084,2007-01-01,288.9399922828152,282.6878959760274,"{""geodesic"":false,""type"":""Point"",""coordinates"":[-121.81249575765546,36.2951264976873]}"
1_00000000000000000072_0,47.64606381506488,661.0,0.7286838227946522,BS196,0.0,2008-01-01,1.9172084,2007-01-01,288.9399922828152,282.6878959760274,"{""geodesic"":false,""type"":""Point"",""coordinates"":[-121.80926182263262,36.29135357349399]}"
1_00000000000000000073_0,10.703785103625785,790.0,0.7707972904224297,BS201,0.0,2008-01-01,1.3533984,2007-01-01,289.1101814583556,281.84372445720516,"{""geodesic"":false,""type"":""Point"",""coordinates"":[-121.82650947608772,36.353606822683474]}"
1_00000000000000000074_0,14.105751698912881,787.0,0.6717116619315732,BS202,0.0,2008-01-01,1.3533984,2007-01-01,289.1101814583556,281.84372445720516,"{""geodesic"":false,""type"":""Point"",""coordinates"":[-121.83567229198573,36.35333732809824]}"
1_00000000000000000075_0,39.25022760180615,795.0,0.8015774573179697,BS203,0.0,2008-01-01,1.3533984,2007-01-01,289.1101814583556,281.84372445720516,"{""geodesic"":false,""type"":""Point"",""coordinates"":[-121.83675027032668,36.35791873604725]}"
1_00000000000000000076_0,35.2537011352485,794.0,0.8168689871439091,BS204,0.0,2008-01-01,1.3533984,2007-01-01,289.1101814583556,281.84372445720516,"{""geodesic"":false,""type"":""Point"",""coordinates"":[-121.84240965661662,36.358188230632486]}"
1_00000000000000000077_0,36.94807455500454,98.0,0.7347955842793055,BS205,0.0,2008-01-01,1.9172084,2007-01-01,288.9399922828152,282.6878959760274,"{""geodesic"":false,""type"":""Point"",""coordinates"":[-121.81195676848498,36.27006350126036]}"
1_00000000000000000078_0,31.506698815217305,335.0,0.8240576162340023,BS207,0.0,2008-01-01,1.9172084,2007-01-01,288.9399922828152,282.6878959760274,"{""geodesic"":false,""type"":""Point"",""coordinates"":[-121.80252445800173,36.25712776116904]}"
1_00000000000000000080_0,53.49720217060028,375.0,0.7514651374451611,BS223,0.0,2008-01-01,1.653495,2007-01-01,289.557977671166,281.6079099472255,"{""geodesic"":false,""type"":""Point"",""coordinates"":[-121.74916453012503,36.250390396538144]}"
1_00000000000000000081_0,64.6367260166487,457.0,0.759762992632853,BS224,0.0,2008-01-01,1.653495,2007-01-01,289.557977671166,281.6079099472255,"{""geodesic"":false,""type"":""Point"",""coordinates"":[-121.73973221964177,36.25389382614621]}"
1_00000000000000000082_0,63.23084998437745,497.0,0.787426594287629,BS226,0.0,2008-01-01,1.7808446,2007-01-01,289.7665965877167,283.0568819228917,"{""geodesic"":false,""type"":""Point"",""coordinates"":[-121.73595929544847,36.24958191278244]}"
1_00000000000000000083_0,55.90921627805303,517.0,0.8015918030568646,BS228,0.0,2008-01-01,1.7808446,2007-01-01,289.7665965877167,283.0568819228917,"{""geodesic"":false,""type"":""Point"",""coordinates"":[-121.72733546872092,36.24580898858913]}"
1_00000000000000000084_0,66.83588878665142,742.0,0.7853678634789784,BS229,0.0,2008-01-01,1.7808446,2007-01-01,289.7665965877167,283.0568819228917,"{""geodesic"":false,""type"":""Point"",""coordinates"":[-121.7286829416471,36.23637667810588]}"
1_00000000000000000085_0,25.81239724770865,563.0,0.7965295217749527,BS230,0.0,2008-01-01,1.7808446,2007-01-01,289.7665965877167,283.0568819228917,"{""geodesic"":false,""type"":""Point"",""coordinates"":[-121.72059810409003,36.24149707522536]}"
1_00000000000000000086_0,65.52799904166868,723.0,0.719706550671106,BS232,0.0,2008-01-01,1.7808446,2007-01-01,289.7665965877167,283.0568819228917,"{""geodesic"":false,""type"":""Point"",""coordinates"":[-121.74620008968743,36.23961061312871]}"
1_00000000000000000087_0,68.43442840925674,709.0,0.7167825960628607,BS233,0.0,2008-01-01,1.7808446,2007-01-01,289.7665965877167,283.0568819228917,"{""geodesic"":false,""type"":""Point"",""coordinates"":[-121.74512211134649,36.2312562809864]}"
1_0000000000000000008b_0,81.90325174241383,325.0,0.7369041919621379,BS240,0.0,2008-01-01,1.7808446,2007-01-01,289.7665965877167,283.0568819228917,"{""geodesic"":false,""type"":""Point"",""coordinates"":[-121.71844214740814,36.24796494527102]}"
1_0000000000000000008c_0,60.19988651617762,376.0,0.7917386516726264,BS241,0.0,2008-01-01,1.7808446,2007-01-01,289.7665965877167,283.0568819228917,"{""geodesic"":false,""type"":""Point"",""coordinates"":[-121.71332175028866,36.24607848317437]}"
1_0000000000000000008d_0,34.209551351798346,442.0,0.8190475407068255,BS242,0.0,2008-01-01,1.7808446,2007-01-01,289.7665965877167,283.0568819228917,"{""geodesic"":false,""type"":""Point"",""coordinates"":[-121.70173348312352,36.24715646151531]}"
1_0000000000000000008e_0,61.41128198083302,451.0,0.8081265890380805,BS243,0.0,2008-01-01,1.6181985,2007-01-01,289.7665965877167,283.0568819228917,"{""geodesic"":false,""type"":""Point"",""coordinates"":[-121.6941876347369,36.248503934441494]}"
1_0000000000000000008f_0,30.068957643144596,394.0,0.7901949209602112,BS244,0.0,2008-01-01,1.4254903,2007-01-01,289.557977671166,281.6079099472255,"{""geodesic"":false,""type"":""Point"",""coordinates"":[-121.68771976469125,36.25200736404956]}"
1_00000000000000000090_0,41.68979846168083,459.0,0.8064148348842871,BS245,0.0,2008-01-01,1.6181985,2007-01-01,289.7665965877167,283.0568819228917,"{""geodesic"":false,""type"":""Point"",""coordinates"":[-121.68125189464558,36.2493124181972]}"
1_00000000000000000091_0,21.43258166120745,528.0,0.7506548935893677,BS246,0.0,2008-01-01,1.4254903,2007-01-01,289.557977671166,281.6079099472255,"{""geodesic"":false,""type"":""Point"",""coordinates"":[-121.67720947586704,36.250390396538144]}"
1_00000000000000000092_0,18.777082441123607,604.0,0.8159014394955073,BS247,0.0,2008-01-01,1.4254903,2007-01-01,289.557977671166,281.6079099472255,"{""geodesic"":false,""type"":""Point"",""coordinates"":[-121.67074160582139,36.2560497828281]}"
1_00000000000000000093_0,24.52296298971329,692.0,0.7254775003990956,BS248,0.0,2008-01-01,1.6181985,2007-01-01,289.7665965877167,283.0568819228917,"{""geodesic"":false,""type"":""Point"",""coordinates"":[-121.65942283324148,36.248503934441494]}"
1_00000000000000000094_0,24.9068544477595,580.0,0.8018105782854539,BS249,0.0,2008-01-01,1.6181985,2007-01-01,289.7665965877167,283.0568819228917,"{""geodesic"":false,""type"":""Point"",""coordinates"":[-121.65349395236629,36.248503934441494]}"
1_00000000000000000095_0,12.640066904207066,827.0,0.8149101322309772,BS251,0.0,2008-01-01,1.7808446,2007-01-01,289.7665965877167,283.0568819228917,"{""geodesic"":false,""type"":""Point"",""coordinates"":[-121.73191687666993,36.23044779723069]}"
1_00000000000000000096_0,16.61317120336987,888.0,0.822964016407902,BS253,0.0,2008-01-01,1.7808446,2007-01-01,289.7665965877167,283.0568819228917,"{""geodesic"":false,""type"":""Point"",""coordinates"":[-121.71763366365244,36.22020700299173]}"
1_00000000000000000097_0,43.142818482200006,901.0,0.8028806952520131,BS254,0.0,2008-01-01,1.7808446,2007-01-01,289.7665965877167,283.0568819228917,"{""geodesic"":false,""type"":""Point"",""coordinates"":[-121.71170478277725,36.219937508406495]}"
1_00000000000000000098_0,75.79964035486795,1127.0,0.7303804763313643,BS257,0.0,2008-01-01,1.6181985,2007-01-01,289.7665965877167,283.0568819228917,"{""geodesic"":false,""type"":""Point"",""coordinates"":[-121.67936543254893,36.20969671416753]}"
1_00000000000000000099_0,28.987107664095664,122.0,0.7149547182739461,BS259,0.0,2008-01-01,1.8334024,2007-01-01,288.9399922828152,282.6878959760274,"{""geodesic"":false,""type"":""Point"",""coordinates"":[-121.79875153380843,36.26629057706706]}"
1_0000000000000000009a_0,36.179191113392655,256.0,0.7930253056875781,BS260,0.0,2008-01-01,1.9172084,2007-01-01,288.9399922828152,282.6878959760274,"{""geodesic"":false,""type"":""Point"",""coordinates"":[-121.80521940385408,36.260900685362344]}"
1_0000000000000000009b_0,19.89984607179912,539.0,0.7820164014529193,BS262,0.0,2008-01-01,1.7808446,2007-01-01,289.7665965877167,283.0568819228917,"{""geodesic"":false,""type"":""Point"",""coordinates"":[-121.71978962033431,36.23718516186159]}"
1_0000000000000000009c_0,23.83214153996024,209.0,0.7736938435051605,BS265,0.0,2008-01-01,1.9172084,2007-01-01,288.9399922828152,282.6878959760274,"{""geodesic"":false,""type"":""Point"",""coordinates"":[-121.81707716560446,36.25012090195291]}"
1_0000000000000000009e_0,15.065393993182289,854.0,0.6396653569265052,BS271,0.0,2008-01-01,1.7808446,2007-01-01,289.7665965877167,283.0568819228917,"{""geodesic"":false,""type"":""Point"",""coordinates"":[-121.71224377194771,36.213200143775595]}"
1_0000000000000000009f_0,47.16770193620257,635.0,0.7272559209804208,BS272,0.0,2008-01-01,1.7808446,2007-01-01,289.7665965877167,283.0568819228917,"{""geodesic"":false,""type"":""Point"",""coordinates"":[-121.7001165156121,36.20134238202522]}"
1_000000000000000000a0_0,14.008280374761194,765.0,0.8040849793172996,BS273,0.0,2008-01-01,1.6181985,2007-01-01,289.7665965877167,283.0568819228917,"{""geodesic"":false,""type"":""Point"",""coordinates"":[-121.69472662390739,36.205384800803756]}"
1_000000000000000000a1_0,16.148007521487585,1154.0,0.7941620585686504,BS274,0.0,2008-01-01,1.6983718,2007-01-01,289.7665965877167,283.0568819228917,"{""geodesic"":false,""type"":""Point"",""coordinates"":[-121.65645839280388,36.18975411486008]}"
1_000000000000000000a2_0,82.93352015212227,385.0,0.7300352288557842,BS276,0.0,2008-01-01,1.6983718,2007-01-01,289.7665965877167,283.0568819228917,"{""geodesic"":false,""type"":""Point"",""coordinates"":[-121.68610279717983,36.180321804376824]}"
1_000000000000000000a3_0,44.38327214223572,271.0,0.8078499817647796,BS277,0.0,2008-01-01,1.6983718,2007-01-01,289.7665965877167,283.0568819228917,"{""geodesic"":false,""type"":""Point"",""coordinates"":[-121.66616019787239,36.16630808594456]}"
1_000000000000000000a8_0,51.33623367833593,617.0,0.7306408574842748,BS283,0.0,2008-01-01,1.6983718,2007-01-01,289.7665965877167,283.0568819228917,"{""geodesic"":false,""type"":""Point"",""coordinates"":[-121.68044341088988,36.180052309791584]}"
1_000000000000000000a9_0,59.72842901030995,987.0,0.7629903424648002,BS287,0.0,2008-01-01,1.4532715,2007-01-01,290.3199162313383,282.0665424085643,"{""geodesic"":false,""type"":""Point"",""coordinates"":[-121.61010532414332,36.15013841083041]}"
1_000000000000000000aa_0,69.1142372774658,400.0,0.7041907414491148,BS292,0.0,2008-01-01,0.89830154,2007-01-01,288.5884978829998,283.02995572024827,"{""geodesic"":false,""type"":""Point"",""coordinates"":[-121.85157247251465,36.48916259905711]}"
1_000000000000000000ab_0,46.16645570711278,307.0,0.7677648114117249,BS293,0.0,2008-01-01,0.89830154,2007-01-01,288.5884978829998,283.02995572024827,"{""geodesic"":false,""type"":""Point"",""coordinates"":[-121.8534589346113,36.47919129940339]}"
1_000000000000000000ac_0,33.699669403445924,489.0,0.7218726733821579,BS294,0.0,2008-01-01,0.89830154,2007-01-01,288.5884978829998,283.02995572024827,"{""geodesic"":false,""type"":""Point"",""coordinates"":[-121.8572318588046,36.46059617302211]}"
1_000000000000000000ad_0,68.60648228375298,205.0,0.752602765056206,BS295,0.0,2008-01-01,1.0376524,2007-01-01,291.8944339699941,283.31642940991543,"{""geodesic"":false,""type"":""Point"",""coordinates"":[-121.49098871746908,35.99464003514932]}"
1_000000000000000000ae_0,32.97629478994789,616.0,0.7729265703908403,BS296,0.0,2008-01-01,1.0285608,2007-01-01,291.8944339699941,283.31642940991543,"{""geodesic"":false,""type"":""Point"",""coordinates"":[-121.47077662357638,36.00299436729163]}"
1_000000000000000000af_0,16.968554139914477,626.0,0.8021876504139264,BS297,0.0,2008-01-01,1.0285608,2007-01-01,291.8944339699941,283.31642940991543,"{""geodesic"":false,""type"":""Point"",""coordinates"":[-121.45622391597365,36.00110790519498]}"
1_000000000000000000b0_0,75.5843519599337,223.0,0.7503660877890741,BS299,0.0,2008-01-01,1.0376524,2007-01-01,291.8944339699941,283.31642940991543,"{""geodesic"":false,""type"":""Point"",""coordinates"":[-121.47454954776968,35.99140610012648]}"
1_000000000000000000b1_0,51.047341274682644,530.0,0.7671901670091098,BS301,0.0,2008-01-01,1.0376524,2007-01-01,291.8944339699941,283.31642940991543,"{""geodesic"":false,""type"":""Point"",""coordinates"":[-121.46969864523544,35.98682469217748]}"
1_000000000000000000b2_0,50.83086881530381,675.0,0.7647887488517703,BS303,0.0,2008-01-01,1.0376524,2007-01-01,291.8944339699941,283.31642940991543,"{""geodesic"":false,""type"":""Point"",""coordinates"":[-121.46592572104214,35.981704295057995]}"
1_000000000000000000b3_0,50.78808738656844,861.0,0.775281934411367,BS304,0.0,2008-01-01,1.0376524,2007-01-01,291.8944339699941,283.31642940991543,"{""geodesic"":false,""type"":""Point"",""coordinates"":[-121.454337453877,35.97604490876804]}"
1_000000000000000000b4_0,33.252384746776094,918.0,0.7435643619102756,BS306,0.0,2008-01-01,0.963582,2007-01-01,292.9773016524641,282.8247353749733,"{""geodesic"":false,""type"":""Point"",""coordinates"":[-121.43412535998431,35.98224328422847]}"
1_000000000000000000b5_0,21.91923064611244,639.0,0.8140996354939554,BS309,0.0,2008-01-01,1.0376524,2007-01-01,291.8944339699941,283.31642940991543,"{""geodesic"":false,""type"":""Point"",""coordinates"":[-121.45110351885417,35.98682469217748]}"
1_000000000000000000b6_0,41.68388638001065,528.0,0.6967990299553597,BS310,0.0,2008-01-01,1.0376524,2007-01-01,291.8944339699941,283.31642940991543,"{""geodesic"":false,""type"":""Point"",""coordinates"":[-121.47401055859922,35.98143480047276]}"
1_000000000000000000b7_0,22.209468466483102,600.0,0.7550170183069409,BS312,0.0,2008-01-01,1.0376524,2007-01-01,291.8944339699941,283.31642940991543,"{""geodesic"":false,""type"":""Point"",""coordinates"":[-121.45784088348506,35.95960573906866]}"
1_000000000000000000b8_0,24.438372929123474,603.0,0.7571773661424314,BS313,0.0,2008-01-01,0.963582,2007-01-01,292.9773016524641,282.8247353749733,"{""geodesic"":false,""type"":""Point"",""coordinates"":[-121.43547283291049,35.952868374437756]}"
1_000000000000000000b9_0,66.25416378747624,819.0,0.7476088438090113,BS315,0.0,2008-01-01,0.9522368,2007-01-01,292.83044939433057,284.13498146370665,"{""geodesic"":false,""type"":""Point"",""coordinates"":[-121.42819647910912,35.94316656936927]}"
1_000000000000000000ba_0,66.88332987259126,591.0,0.7102323161507672,BS316,0.0,2008-01-01,0.9522368,2007-01-01,292.83044939433057,284.13498146370665,"{""geodesic"":false,""type"":""Point"",""coordinates"":[-121.43978474627426,35.940471623516906]}"
1_000000000000000000bb_0,58.9955114410313,544.0,0.7542363063931202,BS317,0.0,2008-01-01,0.9522368,2007-01-01,292.83044939433057,284.13498146370665,"{""geodesic"":false,""type"":""Point"",""coordinates"":[-121.4446356488085,35.94181909644309]}"
1_000000000000000000bc_0,51.60358446603463,1007.0,0.7577667062979973,BS320,0.0,2008-01-01,0.963582,2007-01-01,292.9773016524641,282.8247353749733,"{""geodesic"":false,""type"":""Point"",""coordinates"":[-121.42280658740441,35.9501734285854]}"
1_000000000000000000bd_0,20.832811091536374,928.0,0.7362013665429596,BS321,0.0,2008-01-01,0.9522368,2007-01-01,292.83044939433057,284.13498146370665,"{""geodesic"":false,""type"":""Point"",""coordinates"":[-121.42523203867152,35.938046172249784]}"
1_000000000000000000be_0,27.092662395464757,954.0,0.7433879493679041,BS322,0.0,2008-01-01,0.9522368,2007-01-01,292.83044939433057,284.13498146370665,"{""geodesic"":false,""type"":""Point"",""coordinates"":[-121.42900496286482,35.93346476430078]}"
1_000000000000000000bf_0,31.8340056533171,816.0,0.7067245864169867,BS323,0.0,2008-01-01,0.9522368,2007-01-01,292.83044939433057,284.13498146370665,"{""geodesic"":false,""type"":""Point"",""coordinates"":[-121.43116091954671,35.923762959232285]}"
1_000000000000000000c0_0,34.65067950969895,766.0,0.6716558569335963,BS324,0.0,2008-01-01,0.9522368,2007-01-01,292.83044939433057,284.13498146370665,"{""geodesic"":false,""type"":""Point"",""coordinates"":[-121.43223889788766,35.9186425621128]}"
1_000000000000000000c1_0,44.46853061349026,730.0,0.6967912985278101,BS326,0.0,2008-01-01,0.9522368,2007-01-01,292.83044939433057,284.13498146370665,"{""geodesic"":false,""type"":""Point"",""coordinates"":[-121.43062193037625,35.913522164993324]}"
1_000000000000000000c2_0,42.581474455126056,449.0,0.8165287096864425,BS328,0.0,2008-01-01,0.9448213,2007-01-01,292.83044939433057,284.13498146370665,"{""geodesic"":false,""type"":""Point"",""coordinates"":[-121.43439485456955,35.89034563066304]}"
1_000000000000000000c3_0,30.02082515570712,602.0,0.7270859667596671,BS330,0.0,2008-01-01,0.9448213,2007-01-01,292.83044939433057,284.13498146370665,"{""geodesic"":false,""type"":""Point"",""coordinates"":[-121.4287354682796,35.88145230935026]}"
1_000000000000000000c4_0,27.867601330848792,758.0,0.8062582204903533,BS331,0.0,2008-01-01,0.9448213,2007-01-01,292.83044939433057,284.13498146370665,"{""geodesic"":false,""type"":""Point"",""coordinates"":[-121.41876416862587,35.88414725520261]}"
1_000000000000000000c5_0,59.467412969085274,835.0,0.8148774157619912,BS333,0.0,2008-01-01,0.9448213,2007-01-01,292.83044939433057,284.13498146370665,"{""geodesic"":false,""type"":""Point"",""coordinates"":[-121.40178600975601,35.88818967398115]}"
1_000000000000000000c6_0,59.058225831245316,972.0,0.802017992987295,BS334,0.0,2008-01-01,0.93296033,2007-01-01,292.83044939433057,284.13498146370665,"{""geodesic"":false,""type"":""Point"",""coordinates"":[-121.3875027967385,35.890884619833514]}"
1_000000000000000000c7_0,48.74834615950501,935.0,0.8219959082093299,BS335,0.0,2008-01-01,0.93296033,2007-01-01,292.83044939433057,284.13498146370665,"{""geodesic"":false,""type"":""Point"",""coordinates"":[-121.3791484645962,35.89223209275969]}"
1_000000000000000000c8_0,55.84463423008125,606.0,0.7120518106168245,BS338,0.0,2008-01-01,0.93296033,2007-01-01,292.83044939433057,284.13498146370665,"{""geodesic"":false,""type"":""Point"",""coordinates"":[-121.3942401613694,35.87094202052606]}"
1_000000000000000000c9_0,18.003583458855704,503.0,0.817946073180615,BS355,0.0,2008-01-01,1.5204401,2007-01-01,288.9399922828152,282.6878959760274,"{""geodesic"":false,""type"":""Point"",""coordinates"":[-121.78824124498422,36.33393371796126]}"
1_000000000000000000ca_0,9.493770937078104,807.0,0.8316888684170447,BS358,0.0,2008-01-01,1.5204401,2007-01-01,288.9399922828152,282.6878959760274,"{""geodesic"":false,""type"":""Point"",""coordinates"":[-121.78608528830233,36.3455219851264]}"
1_000000000000000000cb_0,34.37658102076347,736.0,0.7826161544894737,BS359,0.0,2008-01-01,1.2493781,2007-01-01,289.1101814583556,281.84372445720516,"{""geodesic"":false,""type"":""Point"",""coordinates"":[-121.79039720166611,36.35037288766065]}"
1_000000000000000000cc_0,15.518122457267408,936.0,0.7687452563080552,BS360,0.0,2008-01-01,1.2493781,2007-01-01,289.1101814583556,281.84372445720516,"{""geodesic"":false,""type"":""Point"",""coordinates"":[-121.79120568542182,36.355762779365364]}"
1_000000000000000000cd_0,20.761334887735668,1015.0,0.8054548283251859,BS365,0.0,2008-01-01,1.6181985,2007-01-01,289.7665965877167,283.0568819228917,"{""geodesic"":false,""type"":""Point"",""coordinates"":[-121.68610279717983,36.22290194884409]}"
1_000000000000000000ce_0,13.387799585454038,665.0,0.768010265686277,BS372,0.0,2008-01-01,1.7808446,2007-01-01,289.7665965877167,283.0568819228917,"{""geodesic"":false,""type"":""Point"",""coordinates"":[-121.73568980086323,36.22290194884409]}"
1_000000000000000000cf_0,24.292239923408516,783.0,0.7661805921006138,BS373,0.0,2008-01-01,1.7808446,2007-01-01,289.7665965877167,283.0568819228917,"{""geodesic"":false,""type"":""Point"",""coordinates"":[-121.7362287900337,36.228022345963566]}"
1_000000000000000000d1_0,57.99960782604624,371.0,0.7944658695685435,BS378,0.0,2008-01-01,1.7808446,2007-01-01,289.7665965877167,283.0568819228917,"{""geodesic"":false,""type"":""Point"",""coordinates"":[-121.74566110051695,36.219668013821256]}"
1_000000000000000000d2_0,48.26688038748651,746.0,0.5281452686956439,BS379,0.0,2008-01-01,1.7808446,2007-01-01,289.7665965877167,283.0568819228917,"{""geodesic"":false,""type"":""Point"",""coordinates"":[-121.73973221964177,36.23098678640116]}"
1_000000000000000000d8_0,35.074681211003266,371.0,0.8300220658241796,BS390,0.0,2008-01-01,1.5204401,2007-01-01,288.9399922828152,282.6878959760274,"{""geodesic"":false,""type"":""Point"",""coordinates"":[-121.79470911502989,36.333394728790786]}"
1_000000000000000000dd_0,23.006675215258536,878.0,0.7923329718988898,BS399,0.0,2008-01-01,0.9522368,2007-01-01,292.83044939433057,284.13498146370665,"{""geodesic"":false,""type"":""Point"",""coordinates"":[-121.42361507116011,35.93076981844842]}"
1_000000000000000000de_0,45.85286859474093,878.0,0.7081335371996815,BS405,0.0,2008-01-01,1.0565884,2007-01-01,291.8944339699941,283.31642940991543,"{""geodesic"":false,""type"":""Point"",""coordinates"":[-121.535455324033,36.04476602800319]}"
1_000000000000000000e1_0,31.51764635289495,263.0,0.8262864280501933,BS412,0.0,2008-01-01,0.9522368,2007-01-01,292.83044939433057,284.13498146370665,"{""geodesic"":false,""type"":""Point"",""coordinates"":[-121.41849467404063,35.90408985451007]}"
1_000000000000000000e2_0,26.921352773023443,628.0,0.6841297178834062,BS413,0.0,2008-01-01,0.90226406,2007-01-01,293.50518786286653,284.0573240933353,"{""geodesic"":false,""type"":""Point"",""coordinates"":[-121.33360387969134,35.806263320069455]}"
1_000000000000000000e5_0,80.15206544180013,597.0,0.7093416034243929,BS420,0.0,2008-01-01,1.0285608,2007-01-01,291.8944339699941,283.31642940991543,"{""geodesic"":false,""type"":""Point"",""coordinates"":[-121.49071922288384,36.02374545035479]}"
1_000000000000000000e6_0,18.44832098749662,133.0,0.8116981701119185,BS423,0.0,2008-01-01,1.0565884,2007-01-01,291.8944339699941,283.31642940991543,"{""geodesic"":false,""type"":""Point"",""coordinates"":[-121.52144160560073,36.01566061279771]}"
1_000000000000000000e7_0,67.86840807897433,1336.0,0.7239811815763498,BS425,0.0,2008-01-01,1.0528278,2007-01-01,291.38687451506314,282.4927516571463,"{""geodesic"":false,""type"":""Point"",""coordinates"":[-121.49880406044092,36.05500682224215]}"
1_000000000000000000e8_0,21.416089840369338,268.0,0.8063835957672821,BS426,0.0,2008-01-01,1.0565884,2007-01-01,291.8944339699941,283.31642940991543,"{""geodesic"":false,""type"":""Point"",""coordinates"":[-121.52817897023162,36.018894547820544]}"
1_000000000000000000e9_0,59.05788450432561,531.0,0.7856736877824932,BS427,0.0,2008-01-01,1.3533984,2007-01-01,289.1101814583556,281.84372445720516,"{""geodesic"":false,""type"":""Point"",""coordinates"":[-121.83459431364479,36.37193245447951]}"
1_000000000000000000ea_0,33.27039040809178,379.0,0.7980821269486428,BS429,0.0,2008-01-01,0.89830154,2007-01-01,288.5884978829998,283.02995572024827,"{""geodesic"":false,""type"":""Point"",""coordinates"":[-121.85184196709989,36.47245393477249]}"
1_000000000000000000eb_0,84.3474498511831,524.0,0.6884052174655624,BS430,0.0,2008-01-01,0.96861196,2007-01-01,289.6358400109696,282.0112652504281,"{""geodesic"":false,""type"":""Point"",""coordinates"":[-121.81087879014403,36.46625555931207]}"
1_000000000000000000ec_0,40.644859047266316,808.0,0.7885511633785797,BS431,0.0,2008-01-01,0.89830154,2007-01-01,288.5884978829998,283.02995572024827,"{""geodesic"":false,""type"":""Point"",""coordinates"":[-121.86100478299791,36.45008588419791]}"
1_000000000000000000ed_0,18.43185882543321,385.0,0.8082692939614986,BS433,0.0,2008-01-01,1.5859883,2007-01-01,288.9399922828152,282.6878959760274,"{""geodesic"":false,""type"":""Point"",""coordinates"":[-121.80737536053597,36.347677941808286]}"
1_000000000000000000ee_0,19.976653016897973,875.0,0.8322437608262132,BS434,0.0,2008-01-01,0.89830154,2007-01-01,288.5884978829998,283.02995572024827,"{""geodesic"":false,""type"":""Point"",""coordinates"":[-121.85103348334418,36.45089436795362]}"
1_000000000000000000ef_0,13.457421256011871,1045.0,0.7079546427977953,BS436,0.0,2008-01-01,1.237825,2007-01-01,289.557977671166,281.6079099472255,"{""geodesic"":false,""type"":""Point"",""coordinates"":[-121.72140658784573,36.3417490609331]}"
1_000000000000000000f0_0,25.775951678251257,367.0,0.805175800564993,BS438,0.0,2008-01-01,1.5859883,2007-01-01,288.9399922828152,282.6878959760274,"{""geodesic"":false,""type"":""Point"",""coordinates"":[-121.80872283346216,36.34228805010357]}"
1_000000000000000000f1_0,20.827284105807824,109.0,0.7717198165351192,BS457,0.0,2008-01-01,1.6983718,2007-01-01,289.7665965877167,283.0568819228917,"{""geodesic"":false,""type"":""Point"",""coordinates"":[-121.6925706672255,36.17870483686541]}"
1_000000000000000000f4_0,25.006166464141508,438.0,0.6910294823373883,BS468,0.0,2008-01-01,0.96861196,2007-01-01,289.6358400109696,282.0112652504281,"{""geodesic"":false,""type"":""Point"",""coordinates"":[-121.8467215699804,36.48512018027858]}"
1_000000000000000000f5_0,49.31268236718338,579.0,0.8095243200465801,BS469,0.0,2008-01-01,0.89830154,2007-01-01,288.5884978829998,283.02995572024827,"{""geodesic"":false,""type"":""Point"",""coordinates"":[-121.85830983714554,36.45574527048787]}"
1_000000000000000000f6_0,59.648997053118194,737.0,0.7684905547227987,BS470,0.0,2008-01-01,0.89830154,2007-01-01,288.5884978829998,283.02995572024827,"{""geodesic"":false,""type"":""Point"",""coordinates"":[-121.85291994544083,36.45628425965834]}"
1_000000000000000000f7_0,73.06017469758822,290.0,0.7249079409649203,BS474,0.0,2008-01-01,1.0376524,2007-01-01,291.8944339699941,283.31642940991543,"{""geodesic"":false,""type"":""Point"",""coordinates"":[-121.46727319396832,35.990328121785545]}"
1_000000000000000000f8_0,60.844441435570936,972.0,0.7459346899707243,BS478,0.0,2008-01-01,0.963582,2007-01-01,292.9773016524641,282.8247353749733,"{""geodesic"":false,""type"":""Point"",""coordinates"":[-121.4333168762286,35.99437054056408]}"
1_000000000000000000f9_0,27.84060266170874,507.0,0.6922141574843356,BS486,0.0,2008-01-01,1.0376524,2007-01-01,291.8944339699941,283.31642940991543,"{""geodesic"":false,""type"":""Point"",""coordinates"":[-121.46835117230926,35.95367685819347]}"
1_000000000000000000fb_0,49.57014648253642,836.0,0.8081362237349229,BS499,0.0,2008-01-01,0.9448213,2007-01-01,292.83044939433057,284.13498146370665,"{""geodesic"":false,""type"":""Point"",""coordinates"":[-121.4077148906312,35.88738119022545]}"
1_000000000000000000fc_0,16.597200730269137,677.0,0.7662930996820255,BS504,0.0,2008-01-01,0.93296033,2007-01-01,292.83044939433057,284.13498146370665,"{""geodesic"":false,""type"":""Point"",""coordinates"":[-121.38911976424993,35.874175955548885]}"
1_000000000000000000fe_0,34.138934424847,706.0,0.8233751803672366,BS518,0.0,2008-01-01,1.3533984,2007-01-01,289.1101814583556,281.84372445720516,"{""geodesic"":false,""type"":""Point"",""coordinates"":[-121.83109088403673,36.38432920540036]}"
1_000000000000000000ff_0,37.89479247117731,538.0,0.8108167152453943,BS519,0.0,2008-01-01,1.3533984,2007-01-01,289.1101814583556,281.84372445720516,"{""geodesic"":false,""type"":""Point"",""coordinates"":[-121.83944521617903,36.38352072164466]}"
1_00000000000000000101_0,31.620152703344356,581.0,0.7661374175276094,BS521,0.0,2008-01-01,1.6983718,2007-01-01,289.7665965877167,283.0568819228917,"{""geodesic"":false,""type"":""Point"",""coordinates"":[-121.69526561307785,36.19837794158762]}"
1_00000000000000000102_0,22.668544169265996,562.0,0.8105581784247632,BS600,0.0,2008-01-01,1.3533984,2007-01-01,289.1101814583556,281.84372445720516,"{""geodesic"":false,""type"":""Point"",""coordinates"":[-121.8219280681387,36.3598051981439]}"
1_00000000000000000103_0,40.529278083062714,638.0,0.7945323058774277,BS601,0.0,2008-01-01,1.3533984,2007-01-01,289.1101814583556,281.84372445720516,"{""geodesic"":false,""type"":""Point"",""coordinates"":[-121.83324684071862,36.35926620897343]}"
1_00000000000000000104_0,17.538369889646685,518.0,0.809393275500724,BS603,0.0,2008-01-01,1.3533984,2007-01-01,289.1101814583556,281.84372445720516,"{""geodesic"":false,""type"":""Point"",""coordinates"":[-121.84079268910521,36.366273068189564]}"
1_00000000000000000105_0,32.00124353006396,565.0,0.8140702949150076,BS604,0.0,2008-01-01,1.3533984,2007-01-01,289.1101814583556,281.84372445720516,"{""geodesic"":false,""type"":""Point"",""coordinates"":[-121.84887752666229,36.367890035700974]}"
1_00000000000000000107_0,15.155740882665848,1022.0,0.7995800975768822,BS607,0.0,2008-01-01,1.3902221,2007-01-01,290.3199162313383,282.0665424085643,"{""geodesic"":false,""type"":""Point"",""coordinates"":[-121.59151019776205,36.15013841083041]}"
1_00000000000000000108_0,67.18846727901914,257.0,0.7626893129321322,BS610,0.0,2008-01-01,1.6983718,2007-01-01,289.7665965877167,283.0568819228917,"{""geodesic"":false,""type"":""Point"",""coordinates"":[-121.66292626284955,36.16253516175126]}"
1_00000000000000000109_0,57.435473672667264,417.0,0.7538452336237857,BS611,0.0,2008-01-01,1.6983718,2007-01-01,289.7665965877167,283.0568819228917,"{""geodesic"":false,""type"":""Point"",""coordinates"":[-121.66454323036096,36.17304545057545]}"
1_0000000000000000010a_0,19.657736954359304,455.0,0.7978996821573879,BS612,0.0,2008-01-01,1.6983718,2007-01-01,289.7665965877167,283.0568819228917,"{""geodesic"":false,""type"":""Point"",""coordinates"":[-121.66993312206569,36.17277595599022]}"
1_0000000000000000010b_0,24.589638859937804,318.0,0.7975651632269884,BS613,0.0,2008-01-01,1.6983718,2007-01-01,289.7665965877167,283.0568819228917,"{""geodesic"":false,""type"":""Point"",""coordinates"":[-121.6693941328952,36.165769096774085]}"
1_0000000000000000010c_0,35.8146416747745,320.0,0.7897212989862243,BS620,0.0,2008-01-01,1.6983718,2007-01-01,289.7665965877167,283.0568819228917,"{""geodesic"":false,""type"":""Point"",""coordinates"":[-121.6933791509812,36.184364223155356]}"
1_0000000000000000010d_0,84.26939493044017,262.0,0.7743249015820787,BS621,0.0,2008-01-01,1.7808446,2007-01-01,289.7665965877167,283.0568819228917,"{""geodesic"":false,""type"":""Point"",""coordinates"":[-121.74862554095455,36.21805104630984]}"
1_00000000000000000113_0,25.457041632066023,151.0,0.8000817088575992,BS627,0.0,2008-01-01,1.9172084,2007-01-01,288.9399922828152,282.6878959760274,"{""geodesic"":false,""type"":""Point"",""coordinates"":[-121.80279395258697,36.27087198501607]}"
1_00000000000000000114_0,30.772405664572663,97.0,0.7769033695413241,BS628,0.0,2008-01-01,1.9172084,2007-01-01,288.9399922828152,282.6878959760274,"{""geodesic"":false,""type"":""Point"",""coordinates"":[-121.80629738219503,36.269255017504655]}"
1_00000000000000000115_0,31.932791452180243,405.0,0.7827413723511844,BS629,0.0,2008-01-01,1.6983718,2007-01-01,289.7665965877167,283.0568819228917,"{""geodesic"":false,""type"":""Point"",""coordinates"":[-121.69526561307785,36.18813714734866]}"
1_00000000000000000116_0,25.33153908629306,552.0,0.8142958609196129,BS632,0.0,2008-01-01,1.5859883,2007-01-01,288.9399922828152,282.6878959760274,"{""geodesic"":false,""type"":""Point"",""coordinates"":[-121.80036850131984,36.325040396648475]}"
1_00000000000000000117_0,18.244488130977423,639.0,0.8200133328616825,BS633,0.0,2008-01-01,1.5859883,2007-01-01,288.9399922828152,282.6878959760274,"{""geodesic"":false,""type"":""Point"",""coordinates"":[-121.80063799590508,36.32261494538135]}"
2_00000000000000000000_0,70.37711187554724,381.0,0.7835177128739462,BS002,0.0,2009-01-01,1.6367593,2008-01-01,293.2377657447356,284.5781867022071,"{""geodesic"":false,""type"":""Point"",""coordinates"":[-121.3875027967385,35.85611981833809]}"
2_00000000000000000001_0,71.27787215843954,405.0,0.7461970200207967,BS003,0.0,2009-01-01,1.6367593,2008-01-01,293.2377657447356,284.5781867022071,"{""geodesic"":false,""type"":""Point"",""coordinates"":[-121.39208420468752,35.85072992663337]}"
2_00000000000000000002_0,56.32244266014614,790.0,0.7161113965163024,BS004,0.0,2009-01-01,1.6367593,2008-01-01,293.2377657447356,284.5781867022071,"{""geodesic"":false,""type"":""Point"",""coordinates"":[-121.36675171367534,35.85854526960521]}"
2_00000000000000000003_0,51.18209840673916,851.0,0.7443363653565925,BS005,0.0,2009-01-01,1.6367593,2008-01-01,293.2377657447356,284.5781867022071,"{""geodesic"":false,""type"":""Point"",""coordinates"":[-121.36028384362969,35.85881476419044]}"
2_00000000000000000004_0,43.779764686994824,820.0,0.7875916637558908,BS006,0.0,2009-01-01,1.6367593,2008-01-01,293.2377657447356,284.5781867022071,"{""geodesic"":false,""type"":""Point"",""coordinates"":[-121.35381597358402,35.86043173170186]}"
2_00000000000000000005_0,20.310878580705324,883.0,0.7162491069906795,BS007,0.0,2009-01-01,1.5532044,2008-01-01,294.39436657181204,283.5493529272861,"{""geodesic"":false,""type"":""Point"",""coordinates"":[-121.33926326598129,35.857736785849504]}"
2_00000000000000000006_0,16.02305040610538,509.0,0.5984030232709806,BS011,0.0,2009-01-01,1.494926,2008-01-01,293.5614664046491,284.91896098819586,"{""geodesic"":false,""type"":""Point"",""coordinates"":[-121.37133312162436,35.8291703598145]}"
2_00000000000000000007_0,42.71872466420055,359.0,0.740193682956782,BS012,0.0,2009-01-01,1.494926,2008-01-01,293.5614664046491,284.91896098819586,"{""geodesic"":false,""type"":""Point"",""coordinates"":[-121.37160261620959,35.82324147893931]}"
2_00000000000000000008_0,76.94043714902105,351.0,0.7521300873117474,BS015,0.0,2009-01-01,1.4842174,2008-01-01,293.9235449618981,284.45428858689274,"{""geodesic"":false,""type"":""Point"",""coordinates"":[-121.34303619017459,35.8253974356212]}"
2_00000000000000000009_0,59.212749526950944,453.0,0.815148804878567,BS016,0.0,2009-01-01,1.4842174,2008-01-01,293.9235449618981,284.45428858689274,"{""geodesic"":false,""type"":""Point"",""coordinates"":[-121.33764629846988,35.82566693020643]}"
2_0000000000000000000a_0,47.226201878835646,518.0,0.814638251932088,BS017,0.0,2009-01-01,1.4842174,2008-01-01,293.9235449618981,284.45428858689274,"{""geodesic"":false,""type"":""Point"",""coordinates"":[-121.33225640676515,35.82512794103596]}"
2_0000000000000000000b_0,28.08578609580426,611.0,0.8513958823013345,BS018,0.0,2009-01-01,1.4842174,2008-01-01,293.9235449618981,284.45428858689274,"{""geodesic"":false,""type"":""Point"",""coordinates"":[-121.32848348257185,35.82351097352455]}"
2_0000000000000000000c_0,65.59107181932586,466.0,0.7882669443171824,BS019,0.0,2009-01-01,1.4842174,2008-01-01,293.9235449618981,284.45428858689274,"{""geodesic"":false,""type"":""Point"",""coordinates"":[-121.34249720100412,35.82970934898497]}"
2_0000000000000000000d_0,44.21642137718723,400.0,0.7726237283331997,BS020,0.0,2009-01-01,1.4842174,2008-01-01,293.9235449618981,284.45428858689274,"{""geodesic"":false,""type"":""Point"",""coordinates"":[-121.3408802334927,35.83375176776351]}"
2_0000000000000000000e_0,32.00710959137145,639.0,0.832352763184904,BS022,0.0,2009-01-01,1.4842174,2008-01-01,293.9235449618981,284.45428858689274,"{""geodesic"":false,""type"":""Point"",""coordinates"":[-121.3379157930551,35.84426205658771]}"
2_0000000000000000000f_0,36.87534906878965,233.0,0.7641407026311117,BS026,0.0,2009-01-01,1.589312,2008-01-01,293.2377657447356,284.5781867022071,"{""geodesic"":false,""type"":""Point"",""coordinates"":[-121.42550153325676,35.90166440324295]}"
2_00000000000000000010_0,63.17611968671984,186.0,0.7805249471979895,BS027,0.0,2009-01-01,1.6563908,2008-01-01,293.2377657447356,284.5781867022071,"{""geodesic"":false,""type"":""Point"",""coordinates"":[-121.43089142496147,35.89789147904964]}"
2_00000000000000000011_0,26.361274235198078,317.0,0.7410017456123784,BS032,0.0,2009-01-01,1.4963126,2008-01-01,293.9235449618981,284.45428858689274,"{""geodesic"":false,""type"":""Point"",""coordinates"":[-121.3379157930551,35.797908987927144]}"
2_00000000000000000012_0,67.30455448422363,648.0,0.6520191841151866,BS034,0.0,2009-01-01,1.4842174,2008-01-01,293.9235449618981,284.45428858689274,"{""geodesic"":false,""type"":""Point"",""coordinates"":[-121.32686651506043,35.800064944609026]}"
2_00000000000000000013_0,26.259844871095407,390.0,0.741568576514006,BS035,0.0,2009-01-01,1.4963126,2008-01-01,293.9235449618981,284.45428858689274,"{""geodesic"":false,""type"":""Point"",""coordinates"":[-121.31985965584431,35.789824150370066]}"
2_00000000000000000015_0,76.6381760931746,726.0,0.5456755129048648,BS044,1.0,2009-01-01,1.7842503,2008-01-01,292.2805382983932,283.740343854727,"{""geodesic"":false,""type"":""Point"",""coordinates"":[-121.51712969223695,36.031560793326626]}"
2_00000000000000000016_0,23.816691054768317,517.0,0.7498082533331246,BS045,2.0,2009-01-01,1.7842503,2008-01-01,292.2805382983932,283.740343854727,"{""geodesic"":false,""type"":""Point"",""coordinates"":[-121.50634990882752,36.02886584747427]}"
2_00000000000000000017_0,94.26367044639152,584.0,0.6787267905086275,BS046,1.0,2009-01-01,1.7842503,2008-01-01,292.2805382983932,283.740343854727,"{""geodesic"":false,""type"":""Point"",""coordinates"":[-121.5047329413161,36.023475955769555]}"
2_00000000000000000018_0,31.547344211628282,690.0,0.6615741694915006,BS047,2.0,2009-01-01,1.7515734,2008-01-01,292.2805382983932,283.740343854727,"{""geodesic"":false,""type"":""Point"",""coordinates"":[-121.49988203878186,36.02805736371856]}"
2_00000000000000000019_0,64.62400140648047,527.0,0.7176963531831565,BS048,1.0,2009-01-01,1.7515734,2008-01-01,292.2805382983932,283.740343854727,"{""geodesic"":false,""type"":""Point"",""coordinates"":[-121.4904497282986,36.02859635288903]}"
2_0000000000000000001a_0,44.92622442675407,721.0,0.7278945082076941,BS050,1.0,2009-01-01,1.7515734,2008-01-01,292.2805382983932,283.740343854727,"{""geodesic"":false,""type"":""Point"",""coordinates"":[-121.47966994488917,36.03290826625281]}"
2_0000000000000000001b_0,59.79281008161572,575.0,0.7333426155758613,BS052,1.0,2009-01-01,1.7842503,2008-01-01,292.2805382983932,283.740343854727,"{""geodesic"":false,""type"":""Point"",""coordinates"":[-121.50122951170803,36.01323516153059]}"
2_0000000000000000001c_0,94.21886329678915,380.0,0.6640322404972597,BS053,1.0,2009-01-01,1.7842503,2008-01-01,292.2805382983932,283.740343854727,"{""geodesic"":false,""type"":""Point"",""coordinates"":[-121.50661940341276,36.01242667777488]}"
2_0000000000000000001d_0,69.57400455274423,573.0,0.6456287784601443,BS054,0.0,2009-01-01,1.4963126,2008-01-01,293.9235449618981,284.45428858689274,"{""geodesic"":false,""type"":""Point"",""coordinates"":[-121.31339178579864,35.78685970993247]}"
2_0000000000000000001e_0,63.311243216372695,599.0,0.6528957159769176,BS057,2.0,2009-01-01,1.7842503,2008-01-01,292.2805382983932,283.740343854727,"{""geodesic"":false,""type"":""Point"",""coordinates"":[-121.51173980053224,36.029135342059504]}"
2_0000000000000000001f_0,46.18093345258271,767.0,0.7391145541489599,BS058,0.0,2009-01-01,1.9012802,2008-01-01,291.78285625853823,282.92832458996384,"{""geodesic"":false,""type"":""Point"",""coordinates"":[-121.54677409661289,36.06012721936163]}"
2_00000000000000000020_0,25.809234689464216,661.0,0.7721187768805146,BS059,0.0,2009-01-01,1.9012802,2008-01-01,291.78285625853823,282.92832458996384,"{""geodesic"":false,""type"":""Point"",""coordinates"":[-121.54650460202767,36.056623789753566]}"
2_00000000000000000021_0,27.467670379139744,646.0,0.7189409077400525,BS060,0.0,2009-01-01,1.9012802,2008-01-01,291.78285625853823,282.92832458996384,"{""geodesic"":false,""type"":""Point"",""coordinates"":[-121.5438096561753,36.05258137097503]}"
2_00000000000000000022_0,18.53434767240701,612.0,0.6865888516576272,BS062,0.0,2009-01-01,1.7842503,2008-01-01,292.2805382983932,283.740343854727,"{""geodesic"":false,""type"":""Point"",""coordinates"":[-121.54973853705049,36.03398624459375]}"
2_00000000000000000023_0,19.003402784931282,651.0,0.7659486795808542,BS063,0.0,2009-01-01,1.7842503,2008-01-01,292.2805382983932,283.740343854727,"{""geodesic"":false,""type"":""Point"",""coordinates"":[-121.53788077530011,36.035603212105165]}"
2_00000000000000000024_0,26.91957498462358,746.0,0.7793698949849172,BS066,2.0,2009-01-01,1.7842503,2008-01-01,292.2805382983932,283.740343854727,"{""geodesic"":false,""type"":""Point"",""coordinates"":[-121.53356886193635,36.03722017961658]}"
2_00000000000000000026_0,15.75161351166708,705.0,0.7053222859575371,BS071,0.0,2009-01-01,1.7842503,2008-01-01,292.2805382983932,283.740343854727,"{""geodesic"":false,""type"":""Point"",""coordinates"":[-121.54515712910148,36.037759168787055]}"
2_00000000000000000029_0,20.746913238190746,581.0,0.8178643338513161,BS076,0.0,2009-01-01,2.1258166,2008-01-01,289.5687574793081,282.10586047563396,"{""geodesic"":false,""type"":""Point"",""coordinates"":[-121.8219280681387,36.361961154825785]}"
2_0000000000000000002a_0,26.56541066438462,607.0,0.8034070639959289,BS077,0.0,2009-01-01,2.1258166,2008-01-01,289.5687574793081,282.10586047563396,"{""geodesic"":false,""type"":""Point"",""coordinates"":[-121.81896362770111,36.35926620897343]}"
2_0000000000000000002b_0,82.45677517699508,626.0,0.7007728258299061,BS078,0.0,2009-01-01,2.1258166,2008-01-01,289.5687574793081,282.10586047563396,"{""geodesic"":false,""type"":""Point"",""coordinates"":[-121.81599918726351,36.35549328478013]}"
2_0000000000000000002c_0,29.217690763247123,745.0,0.7733978392122398,BS079,0.0,2009-01-01,2.1258166,2008-01-01,289.5687574793081,282.10586047563396,"{""geodesic"":false,""type"":""Point"",""coordinates"":[-121.81249575765546,36.35953570355866]}"
2_0000000000000000002d_0,48.863698001257404,867.0,0.7826572700998943,BS080,0.0,2009-01-01,2.1258166,2008-01-01,289.5687574793081,282.10586047563396,"{""geodesic"":false,""type"":""Point"",""coordinates"":[-121.80441092009838,36.36061368189961]}"
2_0000000000000000002e_0,36.5943083824627,316.0,0.7577757442097198,BS081,0.0,2009-01-01,2.1258166,2008-01-01,289.5687574793081,282.10586047563396,"{""geodesic"":false,""type"":""Point"",""coordinates"":[-121.84429611871329,36.37193245447951]}"
2_00000000000000000034_0,31.582545986892658,1009.0,0.6094576749390735,BS088,4.0,2009-01-01,1.9218208,2008-01-01,289.5687574793081,282.10586047563396,"{""geodesic"":false,""type"":""Point"",""coordinates"":[-121.7963260825413,36.3598051981439]}"
2_00000000000000000035_0,26.53678056616167,1058.0,0.749515038744328,BS089,0.0,2009-01-01,1.9218208,2008-01-01,289.5687574793081,282.10586047563396,"{""geodesic"":false,""type"":""Point"",""coordinates"":[-121.7963260825413,36.3665425627748]}"
2_00000000000000000036_0,24.287454761985007,952.0,0.7469476737949713,BS090,0.0,2009-01-01,1.9218208,2008-01-01,289.5687574793081,282.10586047563396,"{""geodesic"":false,""type"":""Point"",""coordinates"":[-121.79659557712654,36.37085447613857]}"
2_00000000000000000037_0,32.2361540642556,929.0,0.8358677646764373,BS092,0.0,2009-01-01,2.1258166,2008-01-01,289.5687574793081,282.10586047563396,"{""geodesic"":false,""type"":""Point"",""coordinates"":[-121.80414142551314,36.37489689491711]}"
2_00000000000000000038_0,63.76930129612401,785.0,0.7509686918002214,BS094,0.0,2009-01-01,1.3075652,2008-01-01,288.91949950671585,283.09988332446153,"{""geodesic"":false,""type"":""Point"",""coordinates"":[-121.87259305016305,36.45817072175499]}"
2_0000000000000000003a_0,56.00722310104956,521.0,0.7512804447094109,BS102,0.0,2009-01-01,2.1258166,2008-01-01,289.5687574793081,282.10586047563396,"{""geodesic"":false,""type"":""Point"",""coordinates"":[-121.84240965661662,36.38055628120706]}"
2_0000000000000000003b_0,51.66414326254843,504.0,0.7080789938690293,BS103,0.0,2009-01-01,2.1258166,2008-01-01,289.5687574793081,282.10586047563396,"{""geodesic"":false,""type"":""Point"",""coordinates"":[-121.84483510788375,36.378939313695646]}"
2_0000000000000000003d_0,72.9838821608265,889.0,0.7204710130788317,BS112,0.0,2009-01-01,1.8391975,2008-01-01,289.5687574793081,282.10586047563396,"{""geodesic"":false,""type"":""Point"",""coordinates"":[-121.8429486457871,36.41774653396961]}"
2_00000000000000000040_0,31.329779332942717,932.0,0.7940716707604815,BS121,0.0,2009-01-01,1.8391975,2008-01-01,289.5687574793081,282.10586047563396,"{""geodesic"":false,""type"":""Point"",""coordinates"":[-121.83944521617903,36.42178895274815]}"
2_00000000000000000041_0,83.0528326310765,766.0,0.6663213050808117,BS122,0.0,2009-01-01,1.8391975,2008-01-01,289.5687574793081,282.10586047563396,"{""geodesic"":false,""type"":""Point"",""coordinates"":[-121.84429611871329,36.423944909430034]}"
2_00000000000000000042_0,70.41771169511345,338.0,0.7578718142205739,BS123,0.0,2009-01-01,1.3075652,2008-01-01,288.91949950671585,283.09988332446153,"{""geodesic"":false,""type"":""Point"",""coordinates"":[-121.89415261698191,36.48107776150004]}"
2_00000000000000000043_0,43.50701054335763,376.0,0.8151923631069288,BS124,0.0,2009-01-01,1.3075652,2008-01-01,288.91949950671585,283.09988332446153,"{""geodesic"":false,""type"":""Point"",""coordinates"":[-121.89011019820337,36.47838281564768]}"
2_00000000000000000044_0,44.08884511522069,408.0,0.7941246567407766,BS125,0.0,2009-01-01,1.3075652,2008-01-01,288.91949950671585,283.09988332446153,"{""geodesic"":false,""type"":""Point"",""coordinates"":[-121.88633727401007,36.4808082669148]}"
2_00000000000000000045_0,68.97582179078795,311.0,0.7131999616603616,BS126,0.0,2009-01-01,1.3075652,2008-01-01,288.91949950671585,283.09988332446153,"{""geodesic"":false,""type"":""Point"",""coordinates"":[-121.88013889854965,36.484311696522866]}"
2_00000000000000000046_0,38.08951995547638,393.0,0.814852485202842,BS128,0.0,2009-01-01,1.3075652,2008-01-01,288.91949950671585,283.09988332446153,"{""geodesic"":false,""type"":""Point"",""coordinates"":[-121.87367102850399,36.477843826477205]}"
2_00000000000000000047_0,56.17067074373476,351.0,0.7142600843096987,BS129,0.0,2009-01-01,1.3075652,2008-01-01,288.91949950671585,283.09988332446153,"{""geodesic"":false,""type"":""Point"",""coordinates"":[-121.88741525235102,36.49077956656853]}"
2_00000000000000000048_0,28.109631875791013,242.0,0.7795706434879245,BS130,0.0,2009-01-01,1.3075652,2008-01-01,288.91949950671585,283.09988332446153,"{""geodesic"":false,""type"":""Point"",""coordinates"":[-121.88391182274296,36.49563046910277]}"
2_00000000000000000049_0,69.043283805018,250.0,0.7657640264633758,BS131,0.0,2009-01-01,1.0364305,2008-01-01,288.91949950671585,283.09988332446153,"{""geodesic"":false,""type"":""Point"",""coordinates"":[-121.88121687689059,36.500750866222255]}"
2_0000000000000000004e_0,47.70019388728928,306.0,0.7942396466324761,BS137,0.0,2009-01-01,2.5437965,2008-01-01,288.86918002269306,283.97675740393134,"{""geodesic"":false,""type"":""Point"",""coordinates"":[-121.87555749060064,36.347947436393525]}"
2_0000000000000000004f_0,37.41820554233075,306.0,0.7292361193471407,BS138,0.0,2009-01-01,1.3075652,2008-01-01,288.91949950671585,283.09988332446153,"{""geodesic"":false,""type"":""Point"",""coordinates"":[-121.86369972885026,36.49643895285848]}"
2_00000000000000000050_0,48.26034890011865,301.0,0.6768942993881465,BS139,0.0,2009-01-01,1.3075652,2008-01-01,288.91949950671585,283.09988332446153,"{""geodesic"":false,""type"":""Point"",""coordinates"":[-121.86289124509456,36.49104906115377]}"
2_00000000000000000051_0,57.19963801751396,333.0,0.8128918317850191,BS140,0.0,2009-01-01,1.3075652,2008-01-01,288.91949950671585,283.09988332446153,"{""geodesic"":false,""type"":""Point"",""coordinates"":[-121.86720315845832,36.482425234426216]}"
2_00000000000000000052_0,71.86524618532586,297.0,0.689841158788354,BS141,0.0,2009-01-01,1.3075652,2008-01-01,288.91949950671585,283.09988332446153,"{""geodesic"":false,""type"":""Point"",""coordinates"":[-121.86100478299791,36.48296422359669]}"
2_00000000000000000053_0,33.04904975801306,503.0,0.6977109586844845,BS144,0.0,2009-01-01,1.3946003,2008-01-01,290.0912525614754,282.2111301943253,"{""geodesic"":false,""type"":""Point"",""coordinates"":[-121.81761615477494,36.46841151599395]}"
2_00000000000000000054_0,60.79801787643371,722.0,0.7451507696399835,BS146,0.0,2009-01-01,1.3075652,2008-01-01,288.91949950671585,283.09988332446153,"{""geodesic"":false,""type"":""Point"",""coordinates"":[-121.87313203933351,36.46302162428923]}"
2_00000000000000000055_0,66.11858270889859,435.0,0.8043966806084716,BS147,0.0,2009-01-01,1.3075652,2008-01-01,288.91949950671585,283.09988332446153,"{""geodesic"":false,""type"":""Point"",""coordinates"":[-121.88687626318055,36.47083696726107]}"
2_00000000000000000056_0,46.72376896010885,880.0,0.7488269050206329,BS148,0.0,2009-01-01,1.3075652,2008-01-01,288.91949950671585,283.09988332446153,"{""geodesic"":false,""type"":""Point"",""coordinates"":[-121.87124557723686,36.453050324635505]}"
2_00000000000000000057_0,54.831667740195904,767.0,0.7700489165545027,BS149,0.0,2009-01-01,1.3075652,2008-01-01,288.91949950671585,283.09988332446153,"{""geodesic"":false,""type"":""Point"",""coordinates"":[-121.87690496352683,36.45251133546503]}"
2_00000000000000000059_0,73.92488039053454,513.0,0.7330427849177007,BS151,0.0,2009-01-01,1.3075652,2008-01-01,288.91949950671585,283.09988332446153,"{""geodesic"":false,""type"":""Point"",""coordinates"":[-121.85130297792941,36.46248263511876]}"
2_0000000000000000005a_0,81.70075170855134,436.0,0.7826316014931937,BS152,0.0,2009-01-01,1.3075652,2008-01-01,288.91949950671585,283.09988332446153,"{""geodesic"":false,""type"":""Point"",""coordinates"":[-121.85184196709989,36.46706404306777]}"
2_0000000000000000005b_0,54.8342338703662,440.0,0.7414538429595238,BS156,2.0,2009-01-01,2.6129756,2008-01-01,289.4219306153678,283.0232226679234,"{""geodesic"":false,""type"":""Point"",""coordinates"":[-121.80306344717219,36.30725375402291]}"
2_0000000000000000005c_0,86.40347909824563,369.0,0.6614848590819535,BS157,1.0,2009-01-01,2.6129756,2008-01-01,289.4219306153678,283.0232226679234,"{""geodesic"":false,""type"":""Point"",""coordinates"":[-121.80737536053597,36.30375032441484]}"
2_0000000000000000005d_0,15.115254299351546,649.0,0.7790483851844833,BS158,1.0,2009-01-01,2.1258166,2008-01-01,289.5687574793081,282.10586047563396,"{""geodesic"":false,""type"":""Point"",""coordinates"":[-121.8143822197521,36.35118137141635]}"
2_0000000000000000005e_0,38.18397518805176,294.0,0.7928006273449376,BS159,1.0,2009-01-01,2.6129756,2008-01-01,289.4219306153678,283.0232226679234,"{""geodesic"":false,""type"":""Point"",""coordinates"":[-121.80225496341649,36.34067108259215]}"
2_0000000000000000005f_0,34.6572453058754,409.0,0.6972765924295055,BS160,2.0,2009-01-01,2.470326,2008-01-01,289.4219306153678,283.0232226679234,"{""geodesic"":false,""type"":""Point"",""coordinates"":[-121.79821254463795,36.32935231001225]}"
2_00000000000000000060_0,59.361426621823966,1125.0,0.4402033906943252,BS161,3.0,2009-01-01,2.1848593,2008-01-01,290.1094227358292,281.993553953744,"{""geodesic"":false,""type"":""Point"",""coordinates"":[-121.71305225570342,36.3350116963022]}"
2_00000000000000000061_0,44.969704191160076,1102.0,0.7251539869379292,BS162,2.0,2009-01-01,2.1848593,2008-01-01,290.1094227358292,281.993553953744,"{""geodesic"":false,""type"":""Point"",""coordinates"":[-121.71601669614101,36.34013209342169]}"
2_00000000000000000062_0,52.571333676028374,1175.0,0.5198615081959441,BS163,3.0,2009-01-01,2.1848593,2008-01-01,290.1094227358292,281.993553953744,"{""geodesic"":false,""type"":""Point"",""coordinates"":[-121.71952012574909,36.3455219851264]}"
2_00000000000000000063_0,34.53692027214125,327.0,0.7757167702525366,BS165,1.0,2009-01-01,2.470326,2008-01-01,289.4219306153678,283.0232226679234,"{""geodesic"":false,""type"":""Point"",""coordinates"":[-121.79201416917752,36.32584888040418]}"
2_00000000000000000064_0,61.20347416982887,373.0,0.7328387911491273,BS166,1.0,2009-01-01,2.470326,2008-01-01,289.4219306153678,283.0232226679234,"{""geodesic"":false,""type"":""Point"",""coordinates"":[-121.79228366376276,36.32935231001225]}"
2_00000000000000000065_0,67.15357368393109,437.0,0.70922764206138,BS167,2.0,2009-01-01,2.470326,2008-01-01,289.4219306153678,283.0232226679234,"{""geodesic"":false,""type"":""Point"",""coordinates"":[-121.79066669625135,36.320997977869936]}"
2_00000000000000000066_0,91.25348460426858,346.0,0.6930144930666245,BS168,1.0,2009-01-01,2.470326,2008-01-01,289.4219306153678,283.0232226679234,"{""geodesic"":false,""type"":""Point"",""coordinates"":[-121.78446832079092,36.32477090206324]}"
2_00000000000000000067_0,38.99792240412482,1111.0,0.4827390972595995,BS172,2.0,2009-01-01,1.7558173,2008-01-01,290.7163680446604,280.3146162606328,"{""geodesic"":false,""type"":""Point"",""coordinates"":[-121.7429661546646,36.361961154825785]}"
2_00000000000000000068_0,30.898982927345703,522.0,0.6620254061806902,BS175,2.0,2009-01-01,2.6129756,2008-01-01,289.4219306153678,283.0232226679234,"{""geodesic"":false,""type"":""Point"",""coordinates"":[-121.80117698507554,36.314799602409515]}"
2_00000000000000000069_0,32.58553925058558,533.0,0.725302663713252,BS176,1.0,2009-01-01,2.470326,2008-01-01,289.4219306153678,283.0232226679234,"{""geodesic"":false,""type"":""Point"",""coordinates"":[-121.79147518000705,36.30967920529003]}"
2_0000000000000000006a_0,75.62011631575879,577.0,0.7406330410704854,BS177,1.0,2009-01-01,2.470326,2008-01-01,289.4219306153678,283.0232226679234,"{""geodesic"":false,""type"":""Point"",""coordinates"":[-121.79012770708087,36.30698425943768]}"
2_0000000000000000006b_0,65.10896015879274,231.0,0.7925567478619887,BS186,0.0,2009-01-01,2.9970014,2008-01-01,289.4219306153678,283.0232226679234,"{""geodesic"":false,""type"":""Point"",""coordinates"":[-121.82731795984343,36.268985522919415]}"
2_0000000000000000006c_0,62.35376572521511,123.0,0.7557588354781436,BS187,0.0,2009-01-01,2.9970014,2008-01-01,289.4219306153678,283.0232226679234,"{""geodesic"":false,""type"":""Point"",""coordinates"":[-121.82731795984343,36.28111277925503]}"
2_0000000000000000006d_0,36.17025035626932,275.0,0.7691846540313344,BS188,0.0,2009-01-01,2.9970014,2008-01-01,289.4219306153678,283.0232226679234,"{""geodesic"":false,""type"":""Point"",""coordinates"":[-121.82300604647965,36.26413462038517]}"
2_0000000000000000006e_0,81.12231121793515,109.0,0.7050143858231793,BS190,1.0,2009-01-01,2.9970014,2008-01-01,289.4219306153678,283.0232226679234,"{""geodesic"":false,""type"":""Point"",""coordinates"":[-121.83297734613338,36.285963681789276]}"
2_0000000000000000006f_0,58.341175573630245,422.0,0.773741818470858,BS193,2.0,2009-01-01,2.9970014,2008-01-01,289.4219306153678,283.0232226679234,"{""geodesic"":false,""type"":""Point"",""coordinates"":[-121.82839593818437,36.2988994218806]}"
2_00000000000000000070_0,96.68464443364142,437.0,0.6583208491369271,BS194,2.0,2009-01-01,2.9970014,2008-01-01,289.4219306153678,283.0232226679234,"{""geodesic"":false,""type"":""Point"",""coordinates"":[-121.82408402482059,36.29674346519871]}"
2_00000000000000000071_0,118.41476497143965,590.0,0.5300197078386629,BS195,1.0,2009-01-01,2.9970014,2008-01-01,289.4219306153678,283.0232226679234,"{""geodesic"":false,""type"":""Point"",""coordinates"":[-121.81249575765546,36.2951264976873]}"
2_00000000000000000072_0,77.47962817417738,661.0,0.6479565898358014,BS196,1.0,2009-01-01,2.9970014,2008-01-01,289.4219306153678,283.0232226679234,"{""geodesic"":false,""type"":""Point"",""coordinates"":[-121.80926182263262,36.29135357349399]}"
2_00000000000000000073_0,18.408720559521463,790.0,0.6691944925469547,BS201,1.0,2009-01-01,2.1258166,2008-01-01,289.5687574793081,282.10586047563396,"{""geodesic"":false,""type"":""Point"",""coordinates"":[-121.82650947608772,36.353606822683474]}"
2_00000000000000000074_0,26.805663845778515,787.0,0.5703957525399388,BS202,1.0,2009-01-01,2.1258166,2008-01-01,289.5687574793081,282.10586047563396,"{""geodesic"":false,""type"":""Point"",""coordinates"":[-121.83567229198573,36.35333732809824]}"
2_00000000000000000075_0,40.350780036580694,795.0,0.7742946999407531,BS203,0.0,2009-01-01,2.1258166,2008-01-01,289.5687574793081,282.10586047563396,"{""geodesic"":false,""type"":""Point"",""coordinates"":[-121.83675027032668,36.35791873604725]}"
2_00000000000000000076_0,33.478646615796485,794.0,0.791639724655839,BS204,0.0,2009-01-01,2.1258166,2008-01-01,289.5687574793081,282.10586047563396,"{""geodesic"":false,""type"":""Point"",""coordinates"":[-121.84240965661662,36.358188230632486]}"
2_00000000000000000077_0,43.178230203141204,98.0,0.7104008662308964,BS205,0.0,2009-01-01,2.9970014,2008-01-01,289.4219306153678,283.0232226679234,"{""geodesic"":false,""type"":""Point"",""coordinates"":[-121.81195676848498,36.27006350126036]}"
2_00000000000000000078_0,43.43701328148001,335.0,0.785111442228097,BS207,0.0,2009-01-01,2.9970014,2008-01-01,289.4219306153678,283.0232226679234,"{""geodesic"":false,""type"":""Point"",""coordinates"":[-121.80252445800173,36.25712776116904]}"
2_00000000000000000080_0,98.32934255906135,375.0,0.667597855090914,BS223,1.0,2009-01-01,2.7197902,2008-01-01,290.1094227358292,281.993553953744,"{""geodesic"":false,""type"":""Point"",""coordinates"":[-121.74916453012503,36.250390396538144]}"
2_00000000000000000081_0,114.66650690777165,457.0,0.6115463398603808,BS224,3.0,2009-01-01,2.7197902,2008-01-01,290.1094227358292,281.993553953744,"{""geodesic"":false,""type"":""Point"",""coordinates"":[-121.73973221964177,36.25389382614621]}"
2_00000000000000000082_0,100.18159047895934,497.0,0.6831783307225691,BS226,2.0,2009-01-01,2.9450083,2008-01-01,290.42780391505505,283.54283029525004,"{""geodesic"":false,""type"":""Point"",""coordinates"":[-121.73595929544847,36.24958191278244]}"
2_00000000000000000083_0,111.60303888540875,517.0,0.5741225135336759,BS228,2.0,2009-01-01,2.9450083,2008-01-01,290.42780391505505,283.54283029525004,"{""geodesic"":false,""type"":""Point"",""coordinates"":[-121.72733546872092,36.24580898858913]}"
2_00000000000000000084_0,128.7997714355044,742.0,0.5655547351327993,BS229,3.0,2009-01-01,2.9450083,2008-01-01,290.42780391505505,283.54283029525004,"{""geodesic"":false,""type"":""Point"",""coordinates"":[-121.7286829416471,36.23637667810588]}"
2_00000000000000000085_0,47.88013803019327,563.0,0.6716574259281272,BS230,1.0,2009-01-01,2.9450083,2008-01-01,290.42780391505505,283.54283029525004,"{""geodesic"":false,""type"":""Point"",""coordinates"":[-121.72059810409003,36.24149707522536]}"
2_00000000000000000086_0,98.15518251885545,723.0,0.624461809772235,BS232,2.0,2009-01-01,2.9450083,2008-01-01,290.42780391505505,283.54283029525004,"{""geodesic"":false,""type"":""Point"",""coordinates"":[-121.74620008968743,36.23961061312871]}"
2_00000000000000000087_0,109.01244354909142,709.0,0.6084890672158277,BS233,2.0,2009-01-01,2.9450083,2008-01-01,290.42780391505505,283.54283029525004,"{""geodesic"":false,""type"":""Point"",""coordinates"":[-121.74512211134649,36.2312562809864]}"
2_0000000000000000008b_0,114.75906293273813,325.0,0.6031122490612089,BS240,1.0,2009-01-01,2.9450083,2008-01-01,290.42780391505505,283.54283029525004,"{""geodesic"":false,""type"":""Point"",""coordinates"":[-121.71844214740814,36.24796494527102]}"
2_0000000000000000008c_0,90.52715653863349,376.0,0.676366332006152,BS241,1.0,2009-01-01,2.9450083,2008-01-01,290.42780391505505,283.54283029525004,"{""geodesic"":false,""type"":""Point"",""coordinates"":[-121.71332175028866,36.24607848317437]}"
2_0000000000000000008d_0,53.10131323591173,442.0,0.7624120077422035,BS242,1.0,2009-01-01,2.9450083,2008-01-01,290.42780391505505,283.54283029525004,"{""geodesic"":false,""type"":""Point"",""coordinates"":[-121.70173348312352,36.24715646151531]}"
2_0000000000000000008e_0,102.24341115976301,451.0,0.6831344649329667,BS243,1.0,2009-01-01,2.5716615,2008-01-01,290.42780391505505,283.54283029525004,"{""geodesic"":false,""type"":""Point"",""coordinates"":[-121.6941876347369,36.248503934441494]}"
2_0000000000000000008f_0,65.11718066064061,394.0,0.6751887121223007,BS244,2.0,2009-01-01,2.4047003,2008-01-01,290.1094227358292,281.993553953744,"{""geodesic"":false,""type"":""Point"",""coordinates"":[-121.68771976469125,36.25200736404956]}"
2_00000000000000000090_0,117.20912523562043,459.0,0.5950692989494119,BS245,2.0,2009-01-01,2.5716615,2008-01-01,290.42780391505505,283.54283029525004,"{""geodesic"":false,""type"":""Point"",""coordinates"":[-121.68125189464558,36.2493124181972]}"
2_00000000000000000091_0,49.036248111514965,528.0,0.5628856697404964,BS246,2.0,2009-01-01,2.4047003,2008-01-01,290.1094227358292,281.993553953744,"{""geodesic"":false,""type"":""Point"",""coordinates"":[-121.67720947586704,36.250390396538144]}"
2_00000000000000000092_0,31.065012382795476,604.0,0.72948916374785,BS247,2.0,2009-01-01,2.4047003,2008-01-01,290.1094227358292,281.993553953744,"{""geodesic"":false,""type"":""Point"",""coordinates"":[-121.67074160582139,36.2560497828281]}"
2_00000000000000000093_0,51.667356495096485,692.0,0.5707732772322299,BS248,2.0,2009-01-01,2.5716615,2008-01-01,290.42780391505505,283.54283029525004,"{""geodesic"":false,""type"":""Point"",""coordinates"":[-121.65942283324148,36.248503934441494]}"
2_00000000000000000094_0,53.717633860858406,580.0,0.6726840028015134,BS249,2.0,2009-01-01,2.5716615,2008-01-01,290.42780391505505,283.54283029525004,"{""geodesic"":false,""type"":""Point"",""coordinates"":[-121.65349395236629,36.248503934441494]}"
2_00000000000000000095_0,37.33857559414026,827.0,0.6456137375129345,BS251,4.0,2009-01-01,2.9450083,2008-01-01,290.42780391505505,283.54283029525004,"{""geodesic"":false,""type"":""Point"",""coordinates"":[-121.73191687666993,36.23044779723069]}"
2_00000000000000000096_0,93.45776271038407,888.0,0.5857759165730246,BS253,4.0,2009-01-01,2.9450083,2008-01-01,290.42780391505505,283.54283029525004,"{""geodesic"":false,""type"":""Point"",""coordinates"":[-121.71763366365244,36.22020700299173]}"
2_00000000000000000097_0,172.78893684275184,901.0,0.505127318186886,BS254,4.0,2009-01-01,2.9450083,2008-01-01,290.42780391505505,283.54283029525004,"{""geodesic"":false,""type"":""Point"",""coordinates"":[-121.71170478277725,36.219937508406495]}"
2_00000000000000000098_0,146.15260211479827,1127.0,0.48754651455782944,BS257,3.0,2009-01-01,2.5716615,2008-01-01,290.42780391505505,283.54283029525004,"{""geodesic"":false,""type"":""Point"",""coordinates"":[-121.67936543254893,36.20969671416753]}"
2_00000000000000000099_0,46.8696458971173,122.0,0.6424745685877288,BS259,1.0,2009-01-01,2.980156,2008-01-01,289.4219306153678,283.0232226679234,"{""geodesic"":false,""type"":""Point"",""coordinates"":[-121.79875153380843,36.26629057706706]}"
2_0000000000000000009a_0,40.76360779364378,256.0,0.7848717432822238,BS260,0.0,2009-01-01,2.9970014,2008-01-01,289.4219306153678,283.0232226679234,"{""geodesic"":false,""type"":""Point"",""coordinates"":[-121.80521940385408,36.260900685362344]}"
2_0000000000000000009b_0,44.21960275645497,539.0,0.6748555650583556,BS262,1.0,2009-01-01,2.9450083,2008-01-01,290.42780391505505,283.54283029525004,"{""geodesic"":false,""type"":""Point"",""coordinates"":[-121.71978962033431,36.23718516186159]}"
2_0000000000000000009c_0,27.36025825963379,209.0,0.755399100832857,BS265,0.0,2009-01-01,2.9970014,2008-01-01,289.4219306153678,283.0232226679234,"{""geodesic"":false,""type"":""Point"",""coordinates"":[-121.81707716560446,36.25012090195291]}"
2_0000000000000000009e_0,30.14248923921724,854.0,0.511748049059037,BS271,2.0,2009-01-01,2.9450083,2008-01-01,290.42780391505505,283.54283029525004,"{""geodesic"":false,""type"":""Point"",""coordinates"":[-121.71224377194771,36.213200143775595]}"
2_0000000000000000009f_0,193.26241131617243,635.0,0.481709961486992,BS272,3.0,2009-01-01,2.9450083,2008-01-01,290.42780391505505,283.54283029525004,"{""geodesic"":false,""type"":""Point"",""coordinates"":[-121.7001165156121,36.20134238202522]}"
2_000000000000000000a0_0,28.10599415292636,765.0,0.682443893243352,BS273,2.0,2009-01-01,2.5716615,2008-01-01,290.42780391505505,283.54283029525004,"{""geodesic"":false,""type"":""Point"",""coordinates"":[-121.69472662390739,36.205384800803756]}"
2_000000000000000000a1_0,96.06458472478981,1154.0,0.5394405527014745,BS274,4.0,2009-01-01,2.6823063,2008-01-01,290.42780391505505,283.54283029525004,"{""geodesic"":false,""type"":""Point"",""coordinates"":[-121.65645839280388,36.18975411486008]}"
2_000000000000000000a2_0,117.71875319687604,385.0,0.6525585804740371,BS276,2.0,2009-01-01,2.6823063,2008-01-01,290.42780391505505,283.54283029525004,"{""geodesic"":false,""type"":""Point"",""coordinates"":[-121.68610279717983,36.180321804376824]}"
2_000000000000000000a3_0,71.36484159418121,271.0,0.7465410248442942,BS277,1.0,2009-01-01,2.6823063,2008-01-01,290.42780391505505,283.54283029525004,"{""geodesic"":false,""type"":""Point"",""coordinates"":[-121.66616019787239,36.16630808594456]}"
2_000000000000000000a8_0,107.37661298338304,617.0,0.6226812225124198,BS283,2.0,2009-01-01,2.6823063,2008-01-01,290.42780391505505,283.54283029525004,"{""geodesic"":false,""type"":""Point"",""coordinates"":[-121.68044341088988,36.180052309791584]}"
2_000000000000000000a9_0,129.52902584873343,987.0,0.5538784987583937,BS287,3.0,2009-01-01,2.4108586,2008-01-01,290.84402991122886,282.52422887249725,"{""geodesic"":false,""type"":""Point"",""coordinates"":[-121.61010532414332,36.15013841083041]}"
2_000000000000000000aa_0,73.9346753041009,400.0,0.7044158021985694,BS292,0.0,2009-01-01,1.3075652,2008-01-01,288.91949950671585,283.09988332446153,"{""geodesic"":false,""type"":""Point"",""coordinates"":[-121.85157247251465,36.48916259905711]}"
2_000000000000000000ab_0,47.598685121573766,307.0,0.7667073349032316,BS293,0.0,2009-01-01,1.3075652,2008-01-01,288.91949950671585,283.09988332446153,"{""geodesic"":false,""type"":""Point"",""coordinates"":[-121.8534589346113,36.47919129940339]}"
2_000000000000000000ac_0,47.675951603652926,489.0,0.6884999894504756,BS294,0.0,2009-01-01,1.3075652,2008-01-01,288.91949950671585,283.09988332446153,"{""geodesic"":false,""type"":""Point"",""coordinates"":[-121.8572318588046,36.46059617302211]}"
2_000000000000000000ad_0,87.81543877227196,205.0,0.7291537032912786,BS295,0.0,2009-01-01,1.7035244,2008-01-01,292.2805382983932,283.740343854727,"{""geodesic"":false,""type"":""Point"",""coordinates"":[-121.49098871746908,35.99464003514932]}"
2_000000000000000000ae_0,40.054245373442136,616.0,0.7369127702706596,BS296,2.0,2009-01-01,1.7515734,2008-01-01,292.2805382983932,283.740343854727,"{""geodesic"":false,""type"":""Point"",""coordinates"":[-121.47077662357638,36.00299436729163]}"
2_000000000000000000af_0,20.2031642973843,626.0,0.7656961468304385,BS297,0.0,2009-01-01,1.7515734,2008-01-01,292.2805382983932,283.740343854727,"{""geodesic"":false,""type"":""Point"",""coordinates"":[-121.45622391597365,36.00110790519498]}"
2_000000000000000000b0_0,91.2385600118141,223.0,0.6703964896639559,BS299,0.0,2009-01-01,1.7035244,2008-01-01,292.2805382983932,283.740343854727,"{""geodesic"":false,""type"":""Point"",""coordinates"":[-121.47454954776968,35.99140610012648]}"
2_000000000000000000b1_0,60.10149142318184,530.0,0.7165702796686856,BS301,0.0,2009-01-01,1.7035244,2008-01-01,292.2805382983932,283.740343854727,"{""geodesic"":false,""type"":""Point"",""coordinates"":[-121.46969864523544,35.98682469217748]}"
2_000000000000000000b2_0,66.37425108010211,675.0,0.6937012722643363,BS303,2.0,2009-01-01,1.7035244,2008-01-01,292.2805382983932,283.740343854727,"{""geodesic"":false,""type"":""Point"",""coordinates"":[-121.46592572104214,35.981704295057995]}"
2_000000000000000000b3_0,56.2171509077652,861.0,0.7349912965987244,BS304,2.0,2009-01-01,1.7035244,2008-01-01,292.2805382983932,283.740343854727,"{""geodesic"":false,""type"":""Point"",""coordinates"":[-121.454337453877,35.97604490876804]}"
2_000000000000000000b4_0,67.94351272457926,918.0,0.6659816645540266,BS306,4.0,2009-01-01,1.6464366,2008-01-01,293.29098277274375,283.20698397276834,"{""geodesic"":false,""type"":""Point"",""coordinates"":[-121.43412535998431,35.98224328422847]}"
2_000000000000000000b5_0,34.93404290326132,639.0,0.7645436552663227,BS309,2.0,2009-01-01,1.7035244,2008-01-01,292.2805382983932,283.740343854727,"{""geodesic"":false,""type"":""Point"",""coordinates"":[-121.45110351885417,35.98682469217748]}"
2_000000000000000000b6_0,44.78182592264077,528.0,0.6507849626395369,BS310,0.0,2009-01-01,1.7035244,2008-01-01,292.2805382983932,283.740343854727,"{""geodesic"":false,""type"":""Point"",""coordinates"":[-121.47401055859922,35.98143480047276]}"
2_000000000000000000b7_0,25.86037303888902,600.0,0.6866710660099058,BS312,0.0,2009-01-01,1.7035244,2008-01-01,292.2805382983932,283.740343854727,"{""geodesic"":false,""type"":""Point"",""coordinates"":[-121.45784088348506,35.95960573906866]}"
2_000000000000000000b8_0,27.706538730281483,603.0,0.7232060350338299,BS313,0.0,2009-01-01,1.6464366,2008-01-01,293.29098277274375,283.20698397276834,"{""geodesic"":false,""type"":""Point"",""coordinates"":[-121.43547283291049,35.952868374437756]}"
2_000000000000000000b9_0,74.46535513122689,819.0,0.688026489773632,BS315,0.0,2009-01-01,1.589312,2008-01-01,293.2377657447356,284.5781867022071,"{""geodesic"":false,""type"":""Point"",""coordinates"":[-121.42819647910912,35.94316656936927]}"
2_000000000000000000ba_0,77.67246236279054,591.0,0.7124869068522185,BS316,0.0,2009-01-01,1.589312,2008-01-01,293.2377657447356,284.5781867022071,"{""geodesic"":false,""type"":""Point"",""coordinates"":[-121.43978474627426,35.940471623516906]}"
2_000000000000000000bb_0,61.8685320416925,544.0,0.7408146462130266,BS317,0.0,2009-01-01,1.589312,2008-01-01,293.2377657447356,284.5781867022071,"{""geodesic"":false,""type"":""Point"",""coordinates"":[-121.4446356488085,35.94181909644309]}"
2_000000000000000000bc_0,61.91013564168657,1007.0,0.7491905729390794,BS320,0.0,2009-01-01,1.6464366,2008-01-01,293.29098277274375,283.20698397276834,"{""geodesic"":false,""type"":""Point"",""coordinates"":[-121.42280658740441,35.9501734285854]}"
2_000000000000000000bd_0,22.212795745834686,928.0,0.7266433641734301,BS321,0.0,2009-01-01,1.589312,2008-01-01,293.2377657447356,284.5781867022071,"{""geodesic"":false,""type"":""Point"",""coordinates"":[-121.42523203867152,35.938046172249784]}"
2_000000000000000000be_0,29.617573254406576,954.0,0.7246277848605244,BS322,0.0,2009-01-01,1.589312,2008-01-01,293.2377657447356,284.5781867022071,"{""geodesic"":false,""type"":""Point"",""coordinates"":[-121.42900496286482,35.93346476430078]}"
2_000000000000000000bf_0,38.916715809281605,816.0,0.6792491381121825,BS323,0.0,2009-01-01,1.589312,2008-01-01,293.2377657447356,284.5781867022071,"{""geodesic"":false,""type"":""Point"",""coordinates"":[-121.43116091954671,35.923762959232285]}"
2_000000000000000000c0_0,39.06853204850355,766.0,0.6218673120702657,BS324,0.0,2009-01-01,1.589312,2008-01-01,293.2377657447356,284.5781867022071,"{""geodesic"":false,""type"":""Point"",""coordinates"":[-121.43223889788766,35.9186425621128]}"
2_000000000000000000c1_0,48.2872697885069,730.0,0.6670526742187982,BS326,0.0,2009-01-01,1.589312,2008-01-01,293.2377657447356,284.5781867022071,"{""geodesic"":false,""type"":""Point"",""coordinates"":[-121.43062193037625,35.913522164993324]}"
2_000000000000000000c2_0,46.02925553218834,449.0,0.806300947045432,BS328,0.0,2009-01-01,1.6563908,2008-01-01,293.2377657447356,284.5781867022071,"{""geodesic"":false,""type"":""Point"",""coordinates"":[-121.43439485456955,35.89034563066304]}"
2_000000000000000000c3_0,33.96530519300746,602.0,0.68927058006858,BS330,0.0,2009-01-01,1.6563908,2008-01-01,293.2377657447356,284.5781867022071,"{""geodesic"":false,""type"":""Point"",""coordinates"":[-121.4287354682796,35.88145230935026]}"
2_000000000000000000c4_0,33.713123088439886,758.0,0.7799639423279178,BS331,0.0,2009-01-01,1.6563908,2008-01-01,293.2377657447356,284.5781867022071,"{""geodesic"":false,""type"":""Point"",""coordinates"":[-121.41876416862587,35.88414725520261]}"
2_000000000000000000c5_0,58.99581137750058,835.0,0.840417074433204,BS333,0.0,2009-01-01,1.6563908,2008-01-01,293.2377657447356,284.5781867022071,"{""geodesic"":false,""type"":""Point"",""coordinates"":[-121.40178600975601,35.88818967398115]}"
2_000000000000000000c6_0,72.41011888225752,972.0,0.7936238444658743,BS334,0.0,2009-01-01,1.6367593,2008-01-01,293.2377657447356,284.5781867022071,"{""geodesic"":false,""type"":""Point"",""coordinates"":[-121.3875027967385,35.890884619833514]}"
2_000000000000000000c7_0,54.337499219998364,935.0,0.8065379318741212,BS335,0.0,2009-01-01,1.6367593,2008-01-01,293.2377657447356,284.5781867022071,"{""geodesic"":false,""type"":""Point"",""coordinates"":[-121.3791484645962,35.89223209275969]}"
2_000000000000000000c8_0,58.76533803926568,606.0,0.6818048261578525,BS338,0.0,2009-01-01,1.6367593,2008-01-01,293.2377657447356,284.5781867022071,"{""geodesic"":false,""type"":""Point"",""coordinates"":[-121.3942401613694,35.87094202052606]}"
2_000000000000000000c9_0,38.424733009442114,503.0,0.7160517683768483,BS355,2.0,2009-01-01,2.470326,2008-01-01,289.4219306153678,283.0232226679234,"{""geodesic"":false,""type"":""Point"",""coordinates"":[-121.78824124498422,36.33393371796126]}"
2_000000000000000000ca_0,38.46274581574705,807.0,0.6235631374349867,BS358,3.0,2009-01-01,2.470326,2008-01-01,289.4219306153678,283.0232226679234,"{""geodesic"":false,""type"":""Point"",""coordinates"":[-121.78608528830233,36.3455219851264]}"
2_000000000000000000cb_0,96.01469969584609,736.0,0.6409856320958917,BS359,2.0,2009-01-01,1.9218208,2008-01-01,289.5687574793081,282.10586047563396,"{""geodesic"":false,""type"":""Point"",""coordinates"":[-121.79039720166611,36.35037288766065]}"
2_000000000000000000cc_0,36.295945842257524,936.0,0.6084248819052201,BS360,3.0,2009-01-01,1.9218208,2008-01-01,289.5687574793081,282.10586047563396,"{""geodesic"":false,""type"":""Point"",""coordinates"":[-121.79120568542182,36.355762779365364]}"
2_000000000000000000cd_0,48.0335871660938,1015.0,0.6362768916378145,BS365,3.0,2009-01-01,2.5716615,2008-01-01,290.42780391505505,283.54283029525004,"{""geodesic"":false,""type"":""Point"",""coordinates"":[-121.68610279717983,36.22290194884409]}"
2_000000000000000000ce_0,32.72348083764647,665.0,0.6394003418041286,BS372,2.0,2009-01-01,2.9450083,2008-01-01,290.42780391505505,283.54283029525004,"{""geodesic"":false,""type"":""Point"",""coordinates"":[-121.73568980086323,36.22290194884409]}"
2_000000000000000000cf_0,78.16693642498822,783.0,0.5460123677733916,BS373,2.0,2009-01-01,2.9450083,2008-01-01,290.42780391505505,283.54283029525004,"{""geodesic"":false,""type"":""Point"",""coordinates"":[-121.7362287900337,36.228022345963566]}"
2_000000000000000000d1_0,87.55600233283383,371.0,0.7098806480489855,BS378,1.0,2009-01-01,2.9450083,2008-01-01,290.42780391505505,283.54283029525004,"{""geodesic"":false,""type"":""Point"",""coordinates"":[-121.74566110051695,36.219668013821256]}"
2_000000000000000000d2_0,89.48581139855946,746.0,0.5077932799720722,BS379,1.0,2009-01-01,2.9450083,2008-01-01,290.42780391505505,283.54283029525004,"{""geodesic"":false,""type"":""Point"",""coordinates"":[-121.73973221964177,36.23098678640116]}"
2_000000000000000000d8_0,52.96553540295389,371.0,0.7796702672713844,BS390,1.0,2009-01-01,2.470326,2008-01-01,289.4219306153678,283.0232226679234,"{""geodesic"":false,""type"":""Point"",""coordinates"":[-121.79470911502989,36.333394728790786]}"
2_000000000000000000dd_0,26.572903233049868,878.0,0.7624366574627555,BS399,0.0,2009-01-01,1.589312,2008-01-01,293.2377657447356,284.5781867022071,"{""geodesic"":false,""type"":""Point"",""coordinates"":[-121.42361507116011,35.93076981844842]}"
2_000000000000000000de_0,61.39626800995915,878.0,0.6349057952639823,BS405,4.0,2009-01-01,1.7842503,2008-01-01,292.2805382983932,283.740343854727,"{""geodesic"":false,""type"":""Point"",""coordinates"":[-121.535455324033,36.04476602800319]}"
2_000000000000000000e1_0,41.056835304096246,263.0,0.7911830590910743,BS412,0.0,2009-01-01,1.589312,2008-01-01,293.2377657447356,284.5781867022071,"{""geodesic"":false,""type"":""Point"",""coordinates"":[-121.41849467404063,35.90408985451007]}"
2_000000000000000000e2_0,27.78799319643565,628.0,0.6742167220732508,BS413,0.0,2009-01-01,1.4842174,2008-01-01,293.9235449618981,284.45428858689274,"{""geodesic"":false,""type"":""Point"",""coordinates"":[-121.33360387969134,35.806263320069455]}"
2_000000000000000000e5_0,83.5095493093009,597.0,0.665870862406745,BS420,2.0,2009-01-01,1.7515734,2008-01-01,292.2805382983932,283.740343854727,"{""geodesic"":false,""type"":""Point"",""coordinates"":[-121.49071922288384,36.02374545035479]}"
2_000000000000000000e6_0,23.357643293312876,133.0,0.775709759651264,BS423,1.0,2009-01-01,1.7842503,2008-01-01,292.2805382983932,283.740343854727,"{""geodesic"":false,""type"":""Point"",""coordinates"":[-121.52144160560073,36.01566061279771]}"
2_000000000000000000e7_0,83.4218465724454,1336.0,0.6379433019848396,BS425,0.0,2009-01-01,1.7807232,2008-01-01,291.78285625853823,282.92832458996384,"{""geodesic"":false,""type"":""Point"",""coordinates"":[-121.49880406044092,36.05500682224215]}"
2_000000000000000000e8_0,27.016607828373598,268.0,0.7691406313731335,BS426,2.0,2009-01-01,1.7842503,2008-01-01,292.2805382983932,283.740343854727,"{""geodesic"":false,""type"":""Point"",""coordinates"":[-121.52817897023162,36.018894547820544]}"
2_000000000000000000e9_0,70.21661038513163,531.0,0.7913423592954557,BS427,0.0,2009-01-01,2.1258166,2008-01-01,289.5687574793081,282.10586047563396,"{""geodesic"":false,""type"":""Point"",""coordinates"":[-121.83459431364479,36.37193245447951]}"
2_000000000000000000ea_0,39.843118172170016,379.0,0.7528683568518706,BS429,0.0,2009-01-01,1.3075652,2008-01-01,288.91949950671585,283.09988332446153,"{""geodesic"":false,""type"":""Point"",""coordinates"":[-121.85184196709989,36.47245393477249]}"
2_000000000000000000eb_0,84.94466861100675,524.0,0.7034759372713939,BS430,0.0,2009-01-01,1.3946003,2008-01-01,290.0912525614754,282.2111301943253,"{""geodesic"":false,""type"":""Point"",""coordinates"":[-121.81087879014403,36.46625555931207]}"
2_000000000000000000ec_0,44.402194907260196,808.0,0.7695301496350048,BS431,0.0,2009-01-01,1.3075652,2008-01-01,288.91949950671585,283.09988332446153,"{""geodesic"":false,""type"":""Point"",""coordinates"":[-121.86100478299791,36.45008588419791]}"
2_000000000000000000ed_0,33.00673188548863,385.0,0.7784529312014268,BS433,1.0,2009-01-01,2.6129756,2008-01-01,289.4219306153678,283.0232226679234,"{""geodesic"":false,""type"":""Point"",""coordinates"":[-121.80737536053597,36.347677941808286]}"
2_000000000000000000ee_0,23.27359316369169,875.0,0.8122112050645307,BS434,0.0,2009-01-01,1.3075652,2008-01-01,288.91949950671585,283.09988332446153,"{""geodesic"":false,""type"":""Point"",""coordinates"":[-121.85103348334418,36.45089436795362]}"
2_000000000000000000ef_0,30.632537527215348,1045.0,0.5292322833674379,BS436,3.0,2009-01-01,2.1848593,2008-01-01,290.1094227358292,281.993553953744,"{""geodesic"":false,""type"":""Point"",""coordinates"":[-121.72140658784573,36.3417490609331]}"
2_000000000000000000f0_0,43.236080084167845,367.0,0.7438110306501495,BS438,1.0,2009-01-01,2.6129756,2008-01-01,289.4219306153678,283.0232226679234,"{""geodesic"":false,""type"":""Point"",""coordinates"":[-121.80872283346216,36.34228805010357]}"
2_000000000000000000f1_0,34.37751296585649,109.0,0.7067191153115774,BS457,2.0,2009-01-01,2.6823063,2008-01-01,290.42780391505505,283.54283029525004,"{""geodesic"":false,""type"":""Point"",""coordinates"":[-121.6925706672255,36.17870483686541]}"
2_000000000000000000f4_0,29.17158975739392,438.0,0.6629820979357894,BS468,0.0,2009-01-01,1.3946003,2008-01-01,290.0912525614754,282.2111301943253,"{""geodesic"":false,""type"":""Point"",""coordinates"":[-121.8467215699804,36.48512018027858]}"
2_000000000000000000f5_0,55.17219540541723,579.0,0.7925800780601947,BS469,0.0,2009-01-01,1.3075652,2008-01-01,288.91949950671585,283.09988332446153,"{""geodesic"":false,""type"":""Point"",""coordinates"":[-121.85830983714554,36.45574527048787]}"
2_000000000000000000f6_0,62.12862203653274,737.0,0.7706754872962911,BS470,0.0,2009-01-01,1.3075652,2008-01-01,288.91949950671585,283.09988332446153,"{""geodesic"":false,""type"":""Point"",""coordinates"":[-121.85291994544083,36.45628425965834]}"
2_000000000000000000f7_0,84.23613022342056,290.0,0.6564022689696885,BS474,0.0,2009-01-01,1.7035244,2008-01-01,292.2805382983932,283.740343854727,"{""geodesic"":false,""type"":""Point"",""coordinates"":[-121.46727319396832,35.990328121785545]}"
2_000000000000000000f8_0,80.99917697275738,972.0,0.6667494967487291,BS478,3.0,2009-01-01,1.6464366,2008-01-01,293.29098277274375,283.20698397276834,"{""geodesic"":false,""type"":""Point"",""coordinates"":[-121.4333168762286,35.99437054056408]}"
2_000000000000000000f9_0,32.06759095496512,507.0,0.659623425242693,BS486,0.0,2009-01-01,1.7035244,2008-01-01,292.2805382983932,283.740343854727,"{""geodesic"":false,""type"":""Point"",""coordinates"":[-121.46835117230926,35.95367685819347]}"
2_000000000000000000fb_0,53.180853259936306,836.0,0.7736120277258113,BS499,0.0,2009-01-01,1.6563908,2008-01-01,293.2377657447356,284.5781867022071,"{""geodesic"":false,""type"":""Point"",""coordinates"":[-121.4077148906312,35.88738119022545]}"
2_000000000000000000fc_0,19.986082385510674,677.0,0.7342317304945282,BS504,0.0,2009-01-01,1.6367593,2008-01-01,293.2377657447356,284.5781867022071,"{""geodesic"":false,""type"":""Point"",""coordinates"":[-121.38911976424993,35.874175955548885]}"
2_000000000000000000fe_0,40.072134934675745,706.0,0.7892165026721045,BS518,0.0,2009-01-01,2.1258166,2008-01-01,289.5687574793081,282.10586047563396,"{""geodesic"":false,""type"":""Point"",""coordinates"":[-121.83109088403673,36.38432920540036]}"
2_000000000000000000ff_0,47.2734167461302,538.0,0.7627844201437269,BS519,0.0,2009-01-01,2.1258166,2008-01-01,289.5687574793081,282.10586047563396,"{""geodesic"":false,""type"":""Point"",""coordinates"":[-121.83944521617903,36.38352072164466]}"
2_00000000000000000101_0,80.06110409100614,581.0,0.6326974120584505,BS521,2.0,2009-01-01,2.6823063,2008-01-01,290.42780391505505,283.54283029525004,"{""geodesic"":false,""type"":""Point"",""coordinates"":[-121.69526561307785,36.19837794158762]}"
2_00000000000000000102_0,25.759881881893254,562.0,0.7990749946709345,BS600,0.0,2009-01-01,2.1258166,2008-01-01,289.5687574793081,282.10586047563396,"{""geodesic"":false,""type"":""Point"",""coordinates"":[-121.8219280681387,36.3598051981439]}"
2_00000000000000000103_0,37.54653102803771,638.0,0.8073959722390128,BS601,0.0,2009-01-01,2.1258166,2008-01-01,289.5687574793081,282.10586047563396,"{""geodesic"":false,""type"":""Point"",""coordinates"":[-121.83324684071862,36.35926620897343]}"
2_00000000000000000104_0,19.932229331983812,518.0,0.8082156189524929,BS603,0.0,2009-01-01,2.1258166,2008-01-01,289.5687574793081,282.10586047563396,"{""geodesic"":false,""type"":""Point"",""coordinates"":[-121.84079268910521,36.366273068189564]}"
2_00000000000000000105_0,30.317577117420615,565.0,0.8174134232672411,BS604,0.0,2009-01-01,2.1258166,2008-01-01,289.5687574793081,282.10586047563396,"{""geodesic"":false,""type"":""Point"",""coordinates"":[-121.84887752666229,36.367890035700974]}"
2_00000000000000000107_0,76.03065249400481,1022.0,0.5520149712071972,BS607,4.0,2009-01-01,2.1643853,2008-01-01,290.84402991122886,282.52422887249725,"{""geodesic"":false,""type"":""Point"",""coordinates"":[-121.59151019776205,36.15013841083041]}"
2_00000000000000000108_0,99.1963700659205,257.0,0.6418554270927443,BS610,1.0,2009-01-01,2.6823063,2008-01-01,290.42780391505505,283.54283029525004,"{""geodesic"":false,""type"":""Point"",""coordinates"":[-121.66292626284955,36.16253516175126]}"
2_00000000000000000109_0,92.31848670133577,417.0,0.686045306329719,BS611,1.0,2009-01-01,2.6823063,2008-01-01,290.42780391505505,283.54283029525004,"{""geodesic"":false,""type"":""Point"",""coordinates"":[-121.66454323036096,36.17304545057545]}"
2_0000000000000000010a_0,38.825070233202375,455.0,0.715146690808207,BS612,1.0,2009-01-01,2.6823063,2008-01-01,290.42780391505505,283.54283029525004,"{""geodesic"":false,""type"":""Point"",""coordinates"":[-121.66993312206569,36.17277595599022]}"
2_0000000000000000010b_0,41.96196147136872,318.0,0.7288495268506633,BS613,1.0,2009-01-01,2.6823063,2008-01-01,290.42780391505505,283.54283029525004,"{""geodesic"":false,""type"":""Point"",""coordinates"":[-121.6693941328952,36.165769096774085]}"
2_0000000000000000010c_0,66.70581636529603,320.0,0.7078141393917942,BS620,0.0,2009-01-01,2.6823063,2008-01-01,290.42780391505505,283.54283029525004,"{""geodesic"":false,""type"":""Point"",""coordinates"":[-121.6933791509812,36.184364223155356]}"
2_0000000000000000010d_0,109.45996738448592,262.0,0.705226962825996,BS621,1.0,2009-01-01,2.9450083,2008-01-01,290.42780391505505,283.54283029525004,"{""geodesic"":false,""type"":""Point"",""coordinates"":[-121.74862554095455,36.21805104630984]}"
2_00000000000000000113_0,29.326334385814945,151.0,0.7823129024955554,BS627,0.0,2009-01-01,2.9970014,2008-01-01,289.4219306153678,283.0232226679234,"{""geodesic"":false,""type"":""Point"",""coordinates"":[-121.80279395258697,36.27087198501607]}"
2_00000000000000000114_0,39.20690548263298,97.0,0.7660996835963515,BS628,0.0,2009-01-01,2.9970014,2008-01-01,289.4219306153678,283.0232226679234,"{""geodesic"":false,""type"":""Point"",""coordinates"":[-121.80629738219503,36.269255017504655]}"
2_00000000000000000115_0,48.78210323864375,405.0,0.7158891818334395,BS629,2.0,2009-01-01,2.6823063,2008-01-01,290.42780391505505,283.54283029525004,"{""geodesic"":false,""type"":""Point"",""coordinates"":[-121.69526561307785,36.18813714734866]}"
2_00000000000000000116_0,42.833230184913766,552.0,0.7563121541263751,BS632,1.0,2009-01-01,2.6129756,2008-01-01,289.4219306153678,283.0232226679234,"{""geodesic"":false,""type"":""Point"",""coordinates"":[-121.80036850131984,36.325040396648475]}"
2_00000000000000000117_0,24.247970204394818,639.0,0.816413520047111,BS633,1.0,2009-01-01,2.6129756,2008-01-01,289.4219306153678,283.0232226679234,"{""geodesic"":false,""type"":""Point"",""coordinates"":[-121.80063799590508,36.32261494538135]}"
3_00000000000000000000_0,72.53394297650591,381.0,0.7562143304934661,BS002,0.0,2010-01-01,1.658302,2009-01-01,292.83856163547466,284.4262871729185,"{""geodesic"":false,""type"":""Point"",""coordinates"":[-121.3875027967385,35.85611981833809]}"
3_00000000000000000001_0,62.31356224727024,405.0,0.7508854240577642,BS003,0.0,2010-01-01,1.658302,2009-01-01,292.83856163547466,284.4262871729185,"{""geodesic"":false,""type"":""Point"",""coordinates"":[-121.39208420468752,35.85072992663337]}"
3_00000000000000000002_0,56.88912577202541,790.0,0.7397878599576778,BS004,0.0,2010-01-01,1.658302,2009-01-01,292.83856163547466,284.4262871729185,"{""geodesic"":false,""type"":""Point"",""coordinates"":[-121.36675171367534,35.85854526960521]}"
3_00000000000000000003_0,57.01231992700712,851.0,0.7544560263091199,BS005,0.0,2010-01-01,1.658302,2009-01-01,292.83856163547466,284.4262871729185,"{""geodesic"":false,""type"":""Point"",""coordinates"":[-121.36028384362969,35.85881476419044]}"
3_00000000000000000004_0,47.439746631546086,820.0,0.7855483532243634,BS006,0.0,2010-01-01,1.658302,2009-01-01,292.83856163547466,284.4262871729185,"{""geodesic"":false,""type"":""Point"",""coordinates"":[-121.35381597358402,35.86043173170186]}"
3_00000000000000000005_0,18.18495088583052,883.0,0.719409000707343,BS007,0.0,2010-01-01,1.6330695,2009-01-01,293.92037867715914,283.4649386471265,"{""geodesic"":false,""type"":""Point"",""coordinates"":[-121.33926326598129,35.857736785849504]}"
3_00000000000000000006_0,17.282794560086053,509.0,0.6043197108526044,BS011,0.0,2010-01-01,1.5564836,2009-01-01,293.13660073476296,284.76099209720144,"{""geodesic"":false,""type"":""Point"",""coordinates"":[-121.37133312162436,35.8291703598145]}"
3_00000000000000000007_0,39.833144109835345,359.0,0.7473112613514346,BS012,0.0,2010-01-01,1.5564836,2009-01-01,293.13660073476296,284.76099209720144,"{""geodesic"":false,""type"":""Point"",""coordinates"":[-121.37160261620959,35.82324147893931]}"
3_00000000000000000008_0,76.86380261274154,351.0,0.7485602513761543,BS015,0.0,2010-01-01,1.590223,2009-01-01,293.4590083710135,284.299462890625,"{""geodesic"":false,""type"":""Point"",""coordinates"":[-121.34303619017459,35.8253974356212]}"
3_00000000000000000009_0,67.0937099432483,453.0,0.8038005971924354,BS016,0.0,2010-01-01,1.590223,2009-01-01,293.4590083710135,284.299462890625,"{""geodesic"":false,""type"":""Point"",""coordinates"":[-121.33764629846988,35.82566693020643]}"
3_0000000000000000000a_0,56.537341608051406,518.0,0.8041679732522407,BS017,0.0,2010-01-01,1.590223,2009-01-01,293.4590083710135,284.299462890625,"{""geodesic"":false,""type"":""Point"",""coordinates"":[-121.33225640676515,35.82512794103596]}"
3_0000000000000000000b_0,28.634309711358082,611.0,0.8424829941585605,BS018,0.0,2010-01-01,1.590223,2009-01-01,293.4590083710135,284.299462890625,"{""geodesic"":false,""type"":""Point"",""coordinates"":[-121.32848348257185,35.82351097352455]}"
3_0000000000000000000c_0,73.46307773920675,466.0,0.7927303925344905,BS019,0.0,2010-01-01,1.590223,2009-01-01,293.4590083710135,284.299462890625,"{""geodesic"":false,""type"":""Point"",""coordinates"":[-121.34249720100412,35.82970934898497]}"
3_0000000000000000000d_0,42.23273664303715,400.0,0.7630659677318309,BS020,0.0,2010-01-01,1.590223,2009-01-01,293.4590083710135,284.299462890625,"{""geodesic"":false,""type"":""Point"",""coordinates"":[-121.3408802334927,35.83375176776351]}"
3_0000000000000000000e_0,35.74662949235091,639.0,0.8115424164991082,BS022,0.0,2010-01-01,1.590223,2009-01-01,293.4590083710135,284.299462890625,"{""geodesic"":false,""type"":""Point"",""coordinates"":[-121.3379157930551,35.84426205658771]}"
3_0000000000000000000f_0,32.33928880837281,233.0,0.7678702406516938,BS026,0.0,2010-01-01,1.6961693,2009-01-01,292.83856163547466,284.4262871729185,"{""geodesic"":false,""type"":""Point"",""coordinates"":[-121.42550153325676,35.90166440324295]}"
3_00000000000000000010_0,59.75759919045019,186.0,0.7625147428054649,BS027,0.0,2010-01-01,1.6587739,2009-01-01,292.83856163547466,284.4262871729185,"{""geodesic"":false,""type"":""Point"",""coordinates"":[-121.43089142496147,35.89789147904964]}"
3_00000000000000000011_0,24.413309511372784,317.0,0.7531392399874465,BS032,0.0,2010-01-01,1.524128,2009-01-01,293.4590083710135,284.299462890625,"{""geodesic"":false,""type"":""Point"",""coordinates"":[-121.3379157930551,35.797908987927144]}"
3_00000000000000000012_0,67.98855746655163,648.0,0.6762494023915802,BS034,0.0,2010-01-01,1.590223,2009-01-01,293.4590083710135,284.299462890625,"{""geodesic"":false,""type"":""Point"",""coordinates"":[-121.32686651506043,35.800064944609026]}"
3_00000000000000000013_0,26.864684756653148,390.0,0.7450391994962048,BS035,0.0,2010-01-01,1.524128,2009-01-01,293.4590083710135,284.299462890625,"{""geodesic"":false,""type"":""Point"",""coordinates"":[-121.31985965584431,35.789824150370066]}"
3_00000000000000000015_0,69.56401331701123,726.0,0.5380590870537314,BS044,0.0,2010-01-01,2.0012712,2009-01-01,291.9472982328232,283.6844729070794,"{""geodesic"":false,""type"":""Point"",""coordinates"":[-121.51712969223695,36.031560793326626]}"
3_00000000000000000016_0,36.24109436291496,517.0,0.6922090378763864,BS045,0.0,2010-01-01,2.0012712,2009-01-01,291.9472982328232,283.6844729070794,"{""geodesic"":false,""type"":""Point"",""coordinates"":[-121.50634990882752,36.02886584747427]}"
3_00000000000000000017_0,97.22699407305775,584.0,0.6747726247282245,BS046,0.0,2010-01-01,2.0012712,2009-01-01,291.9472982328232,283.6844729070794,"{""geodesic"":false,""type"":""Point"",""coordinates"":[-121.5047329413161,36.023475955769555]}"
3_00000000000000000018_0,30.02539187638099,690.0,0.6622877945229051,BS047,0.0,2010-01-01,1.898344,2009-01-01,291.9472982328232,283.6844729070794,"{""geodesic"":false,""type"":""Point"",""coordinates"":[-121.49988203878186,36.02805736371856]}"
3_00000000000000000019_0,77.26591078612935,527.0,0.6850281156323242,BS048,0.0,2010-01-01,1.898344,2009-01-01,291.9472982328232,283.6844729070794,"{""geodesic"":false,""type"":""Point"",""coordinates"":[-121.4904497282986,36.02859635288903]}"
3_0000000000000000001a_0,58.96294934435364,721.0,0.694614736300279,BS050,0.0,2010-01-01,1.898344,2009-01-01,291.9472982328232,283.6844729070794,"{""geodesic"":false,""type"":""Point"",""coordinates"":[-121.47966994488917,36.03290826625281]}"
3_0000000000000000001b_0,53.725135291455324,575.0,0.7223694798338206,BS052,0.0,2010-01-01,2.0012712,2009-01-01,291.9472982328232,283.6844729070794,"{""geodesic"":false,""type"":""Point"",""coordinates"":[-121.50122951170803,36.01323516153059]}"
3_0000000000000000001c_0,110.48701517567646,380.0,0.6186353629142877,BS053,0.0,2010-01-01,2.0012712,2009-01-01,291.9472982328232,283.6844729070794,"{""geodesic"":false,""type"":""Point"",""coordinates"":[-121.50661940341276,36.01242667777488]}"
3_0000000000000000001d_0,69.01435392567221,573.0,0.6479992900833982,BS054,0.0,2010-01-01,1.524128,2009-01-01,293.4590083710135,284.299462890625,"{""geodesic"":false,""type"":""Point"",""coordinates"":[-121.31339178579864,35.78685970993247]}"
3_0000000000000000001e_0,72.9670945044809,599.0,0.6098837304293979,BS057,0.0,2010-01-01,2.0012712,2009-01-01,291.9472982328232,283.6844729070794,"{""geodesic"":false,""type"":""Point"",""coordinates"":[-121.51173980053224,36.029135342059504]}"
3_0000000000000000001f_0,48.58337802638502,767.0,0.7438340165020608,BS058,0.0,2010-01-01,2.16155,2009-01-01,291.444332969352,282.87205843990796,"{""geodesic"":false,""type"":""Point"",""coordinates"":[-121.54677409661289,36.06012721936163]}"
3_00000000000000000020_0,30.846162995889614,661.0,0.735663879221947,BS059,0.0,2010-01-01,2.16155,2009-01-01,291.444332969352,282.87205843990796,"{""geodesic"":false,""type"":""Point"",""coordinates"":[-121.54650460202767,36.056623789753566]}"
3_00000000000000000021_0,30.810075360736075,646.0,0.7242753060442718,BS060,0.0,2010-01-01,2.16155,2009-01-01,291.444332969352,282.87205843990796,"{""geodesic"":false,""type"":""Point"",""coordinates"":[-121.5438096561753,36.05258137097503]}"
3_00000000000000000022_0,19.456451282254868,612.0,0.7383261436421827,BS062,0.0,2010-01-01,2.0012712,2009-01-01,291.9472982328232,283.6844729070794,"{""geodesic"":false,""type"":""Point"",""coordinates"":[-121.54973853705049,36.03398624459375]}"
3_00000000000000000023_0,21.61038503016448,651.0,0.7671635103459212,BS063,0.0,2010-01-01,2.0012712,2009-01-01,291.9472982328232,283.6844729070794,"{""geodesic"":false,""type"":""Point"",""coordinates"":[-121.53788077530011,36.035603212105165]}"
3_00000000000000000024_0,37.61845847116147,746.0,0.7106409230529723,BS066,0.0,2010-01-01,2.0012712,2009-01-01,291.9472982328232,283.6844729070794,"{""geodesic"":false,""type"":""Point"",""coordinates"":[-121.53356886193635,36.03722017961658]}"
3_00000000000000000026_0,17.847225290542053,705.0,0.7071949404964598,BS071,0.0,2010-01-01,2.0012712,2009-01-01,291.9472982328232,283.6844729070794,"{""geodesic"":false,""type"":""Point"",""coordinates"":[-121.54515712910148,36.037759168787055]}"
3_00000000000000000029_0,19.926315485421025,581.0,0.8036682248362396,BS076,0.0,2010-01-01,2.3482573,2009-01-01,289.4672390036387,282.3027526019371,"{""geodesic"":false,""type"":""Point"",""coordinates"":[-121.8219280681387,36.361961154825785]}"
3_0000000000000000002a_0,24.326312605520954,607.0,0.7945330038156324,BS077,0.0,2010-01-01,2.3482573,2009-01-01,289.4672390036387,282.3027526019371,"{""geodesic"":false,""type"":""Point"",""coordinates"":[-121.81896362770111,36.35926620897343]}"
3_0000000000000000002b_0,69.31838146161307,626.0,0.693548063414458,BS078,0.0,2010-01-01,2.3482573,2009-01-01,289.4672390036387,282.3027526019371,"{""geodesic"":false,""type"":""Point"",""coordinates"":[-121.81599918726351,36.35549328478013]}"
3_0000000000000000002c_0,28.45090654275714,745.0,0.7643624969713009,BS079,0.0,2010-01-01,2.3482573,2009-01-01,289.4672390036387,282.3027526019371,"{""geodesic"":false,""type"":""Point"",""coordinates"":[-121.81249575765546,36.35953570355866]}"
3_0000000000000000002d_0,40.931435542299496,867.0,0.7718099664812562,BS080,0.0,2010-01-01,2.3482573,2009-01-01,289.4672390036387,282.3027526019371,"{""geodesic"":false,""type"":""Point"",""coordinates"":[-121.80441092009838,36.36061368189961]}"
3_0000000000000000002e_0,42.07055434574801,316.0,0.7524944481959,BS081,0.0,2010-01-01,2.3482573,2009-01-01,289.4672390036387,282.3027526019371,"{""geodesic"":false,""type"":""Point"",""coordinates"":[-121.84429611871329,36.37193245447951]}"
3_00000000000000000034_0,44.89552810268257,1009.0,0.5075929708200496,BS088,0.0,2010-01-01,2.2314653,2009-01-01,289.4672390036387,282.3027526019371,"{""geodesic"":false,""type"":""Point"",""coordinates"":[-121.7963260825413,36.3598051981439]}"
3_00000000000000000035_0,21.82837544732055,1058.0,0.7728864585951004,BS089,0.0,2010-01-01,2.2314653,2009-01-01,289.4672390036387,282.3027526019371,"{""geodesic"":false,""type"":""Point"",""coordinates"":[-121.7963260825413,36.3665425627748]}"
3_00000000000000000036_0,22.01171011500716,952.0,0.7486008779642807,BS090,0.0,2010-01-01,2.2314653,2009-01-01,289.4672390036387,282.3027526019371,"{""geodesic"":false,""type"":""Point"",""coordinates"":[-121.79659557712654,36.37085447613857]}"
3_00000000000000000037_0,33.69288982790801,929.0,0.828784026147407,BS092,0.0,2010-01-01,2.3482573,2009-01-01,289.4672390036387,282.3027526019371,"{""geodesic"":false,""type"":""Point"",""coordinates"":[-121.80414142551314,36.37489689491711]}"
3_00000000000000000038_0,65.49419684717712,785.0,0.7355845004296171,BS094,0.0,2010-01-01,1.4997841,2009-01-01,288.9396188814346,283.3583833459305,"{""geodesic"":false,""type"":""Point"",""coordinates"":[-121.87259305016305,36.45817072175499]}"
3_0000000000000000003a_0,52.03621089778236,521.0,0.7444988951092371,BS102,0.0,2010-01-01,2.3482573,2009-01-01,289.4672390036387,282.3027526019371,"{""geodesic"":false,""type"":""Point"",""coordinates"":[-121.84240965661662,36.38055628120706]}"
3_0000000000000000003b_0,52.186314354630575,504.0,0.7185128087135988,BS103,0.0,2010-01-01,2.3482573,2009-01-01,289.4672390036387,282.3027526019371,"{""geodesic"":false,""type"":""Point"",""coordinates"":[-121.84483510788375,36.378939313695646]}"
3_0000000000000000003d_0,66.17123042727646,889.0,0.7388835159830023,BS112,0.0,2010-01-01,2.1077332,2009-01-01,289.4672390036387,282.3027526019371,"{""geodesic"":false,""type"":""Point"",""coordinates"":[-121.8429486457871,36.41774653396961]}"
3_00000000000000000040_0,28.781396789128586,932.0,0.8013184253445008,BS121,0.0,2010-01-01,2.1077332,2009-01-01,289.4672390036387,282.3027526019371,"{""geodesic"":false,""type"":""Point"",""coordinates"":[-121.83944521617903,36.42178895274815]}"
3_00000000000000000041_0,82.79237513860197,766.0,0.6878797624608329,BS122,0.0,2010-01-01,2.1077332,2009-01-01,289.4672390036387,282.3027526019371,"{""geodesic"":false,""type"":""Point"",""coordinates"":[-121.84429611871329,36.423944909430034]}"
3_00000000000000000042_0,66.2520782684576,338.0,0.7290015445879338,BS123,0.0,2010-01-01,1.4997841,2009-01-01,288.9396188814346,283.3583833459305,"{""geodesic"":false,""type"":""Point"",""coordinates"":[-121.89415261698191,36.48107776150004]}"
3_00000000000000000043_0,53.04064777565477,376.0,0.7693283822407905,BS124,0.0,2010-01-01,1.4997841,2009-01-01,288.9396188814346,283.3583833459305,"{""geodesic"":false,""type"":""Point"",""coordinates"":[-121.89011019820337,36.47838281564768]}"
3_00000000000000000044_0,44.3626157358714,408.0,0.7940529882991417,BS125,0.0,2010-01-01,1.4997841,2009-01-01,288.9396188814346,283.3583833459305,"{""geodesic"":false,""type"":""Point"",""coordinates"":[-121.88633727401007,36.4808082669148]}"
3_00000000000000000045_0,69.26107065817293,311.0,0.7281524044303844,BS126,0.0,2010-01-01,1.4997841,2009-01-01,288.9396188814346,283.3583833459305,"{""geodesic"":false,""type"":""Point"",""coordinates"":[-121.88013889854965,36.484311696522866]}"
3_00000000000000000046_0,39.9835269943887,393.0,0.7817029082020868,BS128,0.0,2010-01-01,1.4997841,2009-01-01,288.9396188814346,283.3583833459305,"{""geodesic"":false,""type"":""Point"",""coordinates"":[-121.87367102850399,36.477843826477205]}"
3_00000000000000000047_0,60.070571612966056,351.0,0.7633801187560412,BS129,0.0,2010-01-01,1.4997841,2009-01-01,288.9396188814346,283.3583833459305,"{""geodesic"":false,""type"":""Point"",""coordinates"":[-121.88741525235102,36.49077956656853]}"
3_00000000000000000048_0,28.020179233134954,242.0,0.7802005676272397,BS130,0.0,2010-01-01,1.4997841,2009-01-01,288.9396188814346,283.3583833459305,"{""geodesic"":false,""type"":""Point"",""coordinates"":[-121.88391182274296,36.49563046910277]}"
3_00000000000000000049_0,65.6019764730052,250.0,0.7728935263701748,BS131,0.0,2010-01-01,1.2468306,2009-01-01,288.9396188814346,283.3583833459305,"{""geodesic"":false,""type"":""Point"",""coordinates"":[-121.88121687689059,36.500750866222255]}"
3_0000000000000000004e_0,45.289260003058054,306.0,0.7789389638045224,BS137,0.0,2010-01-01,2.8218114,2009-01-01,288.8883485976964,284.1408726940416,"{""geodesic"":false,""type"":""Point"",""coordinates"":[-121.87555749060064,36.347947436393525]}"
3_0000000000000000004f_0,33.80956207515352,306.0,0.7568306515571573,BS138,0.0,2010-01-01,1.4997841,2009-01-01,288.9396188814346,283.3583833459305,"{""geodesic"":false,""type"":""Point"",""coordinates"":[-121.86369972885026,36.49643895285848]}"
3_00000000000000000050_0,37.07605496989016,301.0,0.7064011242227203,BS139,0.0,2010-01-01,1.4997841,2009-01-01,288.9396188814346,283.3583833459305,"{""geodesic"":false,""type"":""Point"",""coordinates"":[-121.86289124509456,36.49104906115377]}"
3_00000000000000000051_0,51.07679121402875,333.0,0.8056394830416143,BS140,0.0,2010-01-01,1.4997841,2009-01-01,288.9396188814346,283.3583833459305,"{""geodesic"":false,""type"":""Point"",""coordinates"":[-121.86720315845832,36.482425234426216]}"
3_00000000000000000052_0,69.49269314329148,297.0,0.6966364067538408,BS141,0.0,2010-01-01,1.4997841,2009-01-01,288.9396188814346,283.3583833459305,"{""geodesic"":false,""type"":""Point"",""coordinates"":[-121.86100478299791,36.48296422359669]}"
3_00000000000000000053_0,29.445355784011312,503.0,0.736636283692273,BS144,0.0,2010-01-01,1.6144522,2009-01-01,290.0072712937446,282.44337860525474,"{""geodesic"":false,""type"":""Point"",""coordinates"":[-121.81761615477494,36.46841151599395]}"
3_00000000000000000054_0,66.41463935128826,722.0,0.7763802887587262,BS146,0.0,2010-01-01,1.4997841,2009-01-01,288.9396188814346,283.3583833459305,"{""geodesic"":false,""type"":""Point"",""coordinates"":[-121.87313203933351,36.46302162428923]}"
3_00000000000000000055_0,70.64109972639022,435.0,0.7770312017318876,BS147,0.0,2010-01-01,1.4997841,2009-01-01,288.9396188814346,283.3583833459305,"{""geodesic"":false,""type"":""Point"",""coordinates"":[-121.88687626318055,36.47083696726107]}"
3_00000000000000000056_0,43.082589494411586,880.0,0.7759752189554532,BS148,0.0,2010-01-01,1.4997841,2009-01-01,288.9396188814346,283.3583833459305,"{""geodesic"":false,""type"":""Point"",""coordinates"":[-121.87124557723686,36.453050324635505]}"
3_00000000000000000057_0,47.15945174237567,767.0,0.7769064934656713,BS149,0.0,2010-01-01,1.4997841,2009-01-01,288.9396188814346,283.3583833459305,"{""geodesic"":false,""type"":""Point"",""coordinates"":[-121.87690496352683,36.45251133546503]}"
3_00000000000000000059_0,70.79453483763722,513.0,0.7380433636729872,BS151,0.0,2010-01-01,1.4997841,2009-01-01,288.9396188814346,283.3583833459305,"{""geodesic"":false,""type"":""Point"",""coordinates"":[-121.85130297792941,36.46248263511876]}"
3_0000000000000000005a_0,75.46062760927114,436.0,0.7818715442471805,BS152,0.0,2010-01-01,1.4997841,2009-01-01,288.9396188814346,283.3583833459305,"{""geodesic"":false,""type"":""Point"",""coordinates"":[-121.85184196709989,36.46706404306777]}"
3_0000000000000000005b_0,67.20960455977946,440.0,0.6352048948313787,BS156,0.0,2010-01-01,2.9191084,2009-01-01,289.31673914243095,283.1496691142043,"{""geodesic"":false,""type"":""Point"",""coordinates"":[-121.80306344717219,36.30725375402291]}"
3_0000000000000000005c_0,91.24297906169062,369.0,0.6152659786453825,BS157,0.0,2010-01-01,2.9191084,2009-01-01,289.31673914243095,283.1496691142043,"{""geodesic"":false,""type"":""Point"",""coordinates"":[-121.80737536053597,36.30375032441484]}"
3_0000000000000000005d_0,20.87066311632128,649.0,0.6968236007789659,BS158,0.0,2010-01-01,2.3482573,2009-01-01,289.4672390036387,282.3027526019371,"{""geodesic"":false,""type"":""Point"",""coordinates"":[-121.8143822197521,36.35118137141635]}"
3_0000000000000000005e_0,37.53466541388312,294.0,0.7526040752039412,BS159,0.0,2010-01-01,2.9191084,2009-01-01,289.31673914243095,283.1496691142043,"{""geodesic"":false,""type"":""Point"",""coordinates"":[-121.80225496341649,36.34067108259215]}"
3_0000000000000000005f_0,37.02101351121076,409.0,0.6350890626082386,BS160,0.0,2010-01-01,2.6888225,2009-01-01,289.31673914243095,283.1496691142043,"{""geodesic"":false,""type"":""Point"",""coordinates"":[-121.79821254463795,36.32935231001225]}"
3_00000000000000000060_0,43.78729100147021,1125.0,0.42648642143223997,BS161,0.0,2010-01-01,2.342898,2009-01-01,289.88768561376287,282.0843169329918,"{""geodesic"":false,""type"":""Point"",""coordinates"":[-121.71305225570342,36.3350116963022]}"
3_00000000000000000061_0,62.6513380567196,1102.0,0.629892635078401,BS162,0.0,2010-01-01,2.342898,2009-01-01,289.88768561376287,282.0843169329918,"{""geodesic"":false,""type"":""Point"",""coordinates"":[-121.71601669614101,36.34013209342169]}"
3_00000000000000000062_0,42.919396120475696,1175.0,0.45395910424740155,BS163,0.0,2010-01-01,2.342898,2009-01-01,289.88768561376287,282.0843169329918,"{""geodesic"":false,""type"":""Point"",""coordinates"":[-121.71952012574909,36.3455219851264]}"
3_00000000000000000063_0,33.61237247825476,327.0,0.7323017846871313,BS165,0.0,2010-01-01,2.6888225,2009-01-01,289.31673914243095,283.1496691142043,"{""geodesic"":false,""type"":""Point"",""coordinates"":[-121.79201416917752,36.32584888040418]}"
3_00000000000000000064_0,70.1090195836351,373.0,0.6791548677797971,BS166,0.0,2010-01-01,2.6888225,2009-01-01,289.31673914243095,283.1496691142043,"{""geodesic"":false,""type"":""Point"",""coordinates"":[-121.79228366376276,36.32935231001225]}"
3_00000000000000000065_0,72.95390147268326,437.0,0.6533146583108589,BS167,0.0,2010-01-01,2.6888225,2009-01-01,289.31673914243095,283.1496691142043,"{""geodesic"":false,""type"":""Point"",""coordinates"":[-121.79066669625135,36.320997977869936]}"
3_00000000000000000066_0,88.4277748686871,346.0,0.6631083138444344,BS168,0.0,2010-01-01,2.6888225,2009-01-01,289.31673914243095,283.1496691142043,"{""geodesic"":false,""type"":""Point"",""coordinates"":[-121.78446832079092,36.32477090206324]}"
3_00000000000000000067_0,33.4628556522962,1111.0,0.3979964858875577,BS172,0.0,2010-01-01,1.9649677,2009-01-01,290.48544850806667,280.54599015745396,"{""geodesic"":false,""type"":""Point"",""coordinates"":[-121.7429661546646,36.361961154825785]}"
3_00000000000000000068_0,41.938201366708846,522.0,0.5686723991434356,BS175,0.0,2010-01-01,2.9191084,2009-01-01,289.31673914243095,283.1496691142043,"{""geodesic"":false,""type"":""Point"",""coordinates"":[-121.80117698507554,36.314799602409515]}"
3_00000000000000000069_0,27.53240431485588,533.0,0.6937826928806193,BS176,0.0,2010-01-01,2.6888225,2009-01-01,289.31673914243095,283.1496691142043,"{""geodesic"":false,""type"":""Point"",""coordinates"":[-121.79147518000705,36.30967920529003]}"
3_0000000000000000006a_0,82.13622794155907,577.0,0.680534746388143,BS177,0.0,2010-01-01,2.6888225,2009-01-01,289.31673914243095,283.1496691142043,"{""geodesic"":false,""type"":""Point"",""coordinates"":[-121.79012770708087,36.30698425943768]}"
3_0000000000000000006b_0,65.91471411898736,231.0,0.7868734839249195,BS186,0.0,2010-01-01,3.3206263,2009-01-01,289.31673914243095,283.1496691142043,"{""geodesic"":false,""type"":""Point"",""coordinates"":[-121.82731795984343,36.268985522919415]}"
3_0000000000000000006c_0,65.83929401757241,123.0,0.6891959558194981,BS187,0.0,2010-01-01,3.3206263,2009-01-01,289.31673914243095,283.1496691142043,"{""geodesic"":false,""type"":""Point"",""coordinates"":[-121.82731795984343,36.28111277925503]}"
3_0000000000000000006d_0,31.04791029852621,275.0,0.7851754135754206,BS188,0.0,2010-01-01,3.3206263,2009-01-01,289.31673914243095,283.1496691142043,"{""geodesic"":false,""type"":""Point"",""coordinates"":[-121.82300604647965,36.26413462038517]}"
3_0000000000000000006e_0,68.87787474300613,109.0,0.717860036228866,BS190,0.0,2010-01-01,3.3206263,2009-01-01,289.31673914243095,283.1496691142043,"{""geodesic"":false,""type"":""Point"",""coordinates"":[-121.83297734613338,36.285963681789276]}"
3_0000000000000000006f_0,69.6673456411498,422.0,0.709662619629817,BS193,0.0,2010-01-01,3.3206263,2009-01-01,289.31673914243095,283.1496691142043,"{""geodesic"":false,""type"":""Point"",""coordinates"":[-121.82839593818437,36.2988994218806]}"
3_00000000000000000070_0,105.66554701007654,437.0,0.586149646935344,BS194,0.0,2010-01-01,3.3206263,2009-01-01,289.31673914243095,283.1496691142043,"{""geodesic"":false,""type"":""Point"",""coordinates"":[-121.82408402482059,36.29674346519871]}"
3_00000000000000000071_0,100.17343460428968,590.0,0.44424831020597644,BS195,0.0,2010-01-01,3.3206263,2009-01-01,289.31673914243095,283.1496691142043,"{""geodesic"":false,""type"":""Point"",""coordinates"":[-121.81249575765546,36.2951264976873]}"
3_00000000000000000072_0,64.0128970237452,661.0,0.6117753487414802,BS196,0.0,2010-01-01,3.3206263,2009-01-01,289.31673914243095,283.1496691142043,"{""geodesic"":false,""type"":""Point"",""coordinates"":[-121.80926182263262,36.29135357349399]}"
3_00000000000000000073_0,26.10692826386338,790.0,0.6414496674506182,BS201,0.0,2010-01-01,2.3482573,2009-01-01,289.4672390036387,282.3027526019371,"{""geodesic"":false,""type"":""Point"",""coordinates"":[-121.82650947608772,36.353606822683474]}"
3_00000000000000000074_0,20.149918040087694,787.0,0.5488688203778438,BS202,0.0,2010-01-01,2.3482573,2009-01-01,289.4672390036387,282.3027526019371,"{""geodesic"":false,""type"":""Point"",""coordinates"":[-121.83567229198573,36.35333732809824]}"
3_00000000000000000075_0,39.40375947332813,795.0,0.762250449260183,BS203,0.0,2010-01-01,2.3482573,2009-01-01,289.4672390036387,282.3027526019371,"{""geodesic"":false,""type"":""Point"",""coordinates"":[-121.83675027032668,36.35791873604725]}"
3_00000000000000000076_0,29.74092741993088,794.0,0.792813254326335,BS204,0.0,2010-01-01,2.3482573,2009-01-01,289.4672390036387,282.3027526019371,"{""geodesic"":false,""type"":""Point"",""coordinates"":[-121.84240965661662,36.358188230632486]}"
3_00000000000000000077_0,38.79969390377474,98.0,0.7342323832356684,BS205,0.0,2010-01-01,3.3206263,2009-01-01,289.31673914243095,283.1496691142043,"{""geodesic"":false,""type"":""Point"",""coordinates"":[-121.81195676848498,36.27006350126036]}"
3_00000000000000000078_0,39.95112592803048,335.0,0.7956742195064289,BS207,0.0,2010-01-01,3.3206263,2009-01-01,289.31673914243095,283.1496691142043,"{""geodesic"":false,""type"":""Point"",""coordinates"":[-121.80252445800173,36.25712776116904]}"
3_00000000000000000080_0,71.73303243106771,375.0,0.6995467226286913,BS223,0.0,2010-01-01,2.859179,2009-01-01,289.88768561376287,282.0843169329918,"{""geodesic"":false,""type"":""Point"",""coordinates"":[-121.74916453012503,36.250390396538144]}"
3_00000000000000000081_0,112.26112492761001,457.0,0.5613798273094577,BS224,0.0,2010-01-01,2.859179,2009-01-01,289.88768561376287,282.0843169329918,"{""geodesic"":false,""type"":""Point"",""coordinates"":[-121.73973221964177,36.25389382614621]}"
3_00000000000000000082_0,96.14595340687656,497.0,0.650332139785185,BS226,0.0,2010-01-01,3.1826696,2009-01-01,290.19054494361353,283.54914931205855,"{""geodesic"":false,""type"":""Point"",""coordinates"":[-121.73595929544847,36.24958191278244]}"
3_00000000000000000083_0,98.18228006655936,517.0,0.5701833965873773,BS228,0.0,2010-01-01,3.1826696,2009-01-01,290.19054494361353,283.54914931205855,"{""geodesic"":false,""type"":""Point"",""coordinates"":[-121.72733546872092,36.24580898858913]}"
3_00000000000000000084_0,138.58349999525166,742.0,0.4813074256961039,BS229,0.0,2010-01-01,3.1826696,2009-01-01,290.19054494361353,283.54914931205855,"{""geodesic"":false,""type"":""Point"",""coordinates"":[-121.7286829416471,36.23637667810588]}"
3_00000000000000000085_0,47.06621195829116,563.0,0.674122460759616,BS230,0.0,2010-01-01,3.1826696,2009-01-01,290.19054494361353,283.54914931205855,"{""geodesic"":false,""type"":""Point"",""coordinates"":[-121.72059810409003,36.24149707522536]}"
3_00000000000000000086_0,98.5079182516868,723.0,0.5786660382200485,BS232,0.0,2010-01-01,3.1826696,2009-01-01,290.19054494361353,283.54914931205855,"{""geodesic"":false,""type"":""Point"",""coordinates"":[-121.74620008968743,36.23961061312871]}"
3_00000000000000000087_0,110.85668359736405,709.0,0.566843466972803,BS233,0.0,2010-01-01,3.1826696,2009-01-01,290.19054494361353,283.54914931205855,"{""geodesic"":false,""type"":""Point"",""coordinates"":[-121.74512211134649,36.2312562809864]}"
3_0000000000000000008b_0,106.48699685647117,325.0,0.5761302786073806,BS240,0.0,2010-01-01,3.1826696,2009-01-01,290.19054494361353,283.54914931205855,"{""geodesic"":false,""type"":""Point"",""coordinates"":[-121.71844214740814,36.24796494527102]}"
3_0000000000000000008c_0,75.46167997547437,376.0,0.7066065549067096,BS241,0.0,2010-01-01,3.1826696,2009-01-01,290.19054494361353,283.54914931205855,"{""geodesic"":false,""type"":""Point"",""coordinates"":[-121.71332175028866,36.24607848317437]}"
3_0000000000000000008d_0,49.938329295949764,442.0,0.7365359609004307,BS242,0.0,2010-01-01,3.1826696,2009-01-01,290.19054494361353,283.54914931205855,"{""geodesic"":false,""type"":""Point"",""coordinates"":[-121.70173348312352,36.24715646151531]}"
3_0000000000000000008e_0,113.93741215298418,451.0,0.5906086433569043,BS243,0.0,2010-01-01,2.7952907,2009-01-01,290.19054494361353,283.54914931205855,"{""geodesic"":false,""type"":""Point"",""coordinates"":[-121.6941876347369,36.248503934441494]}"
3_0000000000000000008f_0,62.55877566553763,394.0,0.6524938589195122,BS244,0.0,2010-01-01,2.5810375,2009-01-01,289.88768561376287,282.0843169329918,"{""geodesic"":false,""type"":""Point"",""coordinates"":[-121.68771976469125,36.25200736404956]}"
3_00000000000000000090_0,113.47099908932171,459.0,0.568529178424579,BS245,0.0,2010-01-01,2.7952907,2009-01-01,290.19054494361353,283.54914931205855,"{""geodesic"":false,""type"":""Point"",""coordinates"":[-121.68125189464558,36.2493124181972]}"
3_00000000000000000091_0,48.64274905208282,528.0,0.5237437102657464,BS246,0.0,2010-01-01,2.5810375,2009-01-01,289.88768561376287,282.0843169329918,"{""geodesic"":false,""type"":""Point"",""coordinates"":[-121.67720947586704,36.250390396538144]}"
3_00000000000000000092_0,35.0981488487993,604.0,0.6752380710021537,BS247,0.0,2010-01-01,2.5810375,2009-01-01,289.88768561376287,282.0843169329918,"{""geodesic"":false,""type"":""Point"",""coordinates"":[-121.67074160582139,36.2560497828281]}"
3_00000000000000000093_0,38.384563875245895,692.0,0.5805725350875705,BS248,0.0,2010-01-01,2.7952907,2009-01-01,290.19054494361353,283.54914931205855,"{""geodesic"":false,""type"":""Point"",""coordinates"":[-121.65942283324148,36.248503934441494]}"
3_00000000000000000094_0,47.35805481989482,580.0,0.6161744769220611,BS249,0.0,2010-01-01,2.7952907,2009-01-01,290.19054494361353,283.54914931205855,"{""geodesic"":false,""type"":""Point"",""coordinates"":[-121.65349395236629,36.248503934441494]}"
3_00000000000000000095_0,55.73701409994454,827.0,0.5324049151576213,BS251,0.0,2010-01-01,3.1826696,2009-01-01,290.19054494361353,283.54914931205855,"{""geodesic"":false,""type"":""Point"",""coordinates"":[-121.73191687666993,36.23044779723069]}"
3_00000000000000000096_0,158.73556492559626,888.0,0.41413176278088404,BS253,0.0,2010-01-01,3.1826696,2009-01-01,290.19054494361353,283.54914931205855,"{""geodesic"":false,""type"":""Point"",""coordinates"":[-121.71763366365244,36.22020700299173]}"
3_00000000000000000097_0,151.4508661289041,901.0,0.44467358816213937,BS254,0.0,2010-01-01,3.1826696,2009-01-01,290.19054494361353,283.54914931205855,"{""geodesic"":false,""type"":""Point"",""coordinates"":[-121.71170478277725,36.219937508406495]}"
3_00000000000000000098_0,178.6291640302534,1127.0,0.31556434331104016,BS257,0.0,2010-01-01,2.7952907,2009-01-01,290.19054494361353,283.54914931205855,"{""geodesic"":false,""type"":""Point"",""coordinates"":[-121.67936543254893,36.20969671416753]}"
3_00000000000000000099_0,32.26512827555075,122.0,0.6637207915994718,BS259,0.0,2010-01-01,3.083211,2009-01-01,289.31673914243095,283.1496691142043,"{""geodesic"":false,""type"":""Point"",""coordinates"":[-121.79875153380843,36.26629057706706]}"
3_0000000000000000009a_0,41.70859783658497,256.0,0.7746164197167833,BS260,0.0,2010-01-01,3.3206263,2009-01-01,289.31673914243095,283.1496691142043,"{""geodesic"":false,""type"":""Point"",""coordinates"":[-121.80521940385408,36.260900685362344]}"
3_0000000000000000009b_0,43.77837349433805,539.0,0.634417724967725,BS262,0.0,2010-01-01,3.1826696,2009-01-01,290.19054494361353,283.54914931205855,"{""geodesic"":false,""type"":""Point"",""coordinates"":[-121.71978962033431,36.23718516186159]}"
3_0000000000000000009c_0,25.649460217660568,209.0,0.7717502641322104,BS265,0.0,2010-01-01,3.3206263,2009-01-01,289.31673914243095,283.1496691142043,"{""geodesic"":false,""type"":""Point"",""coordinates"":[-121.81707716560446,36.25012090195291]}"
3_0000000000000000009e_0,26.795577223930444,854.0,0.4685297479256519,BS271,0.0,2010-01-01,3.1826696,2009-01-01,290.19054494361353,283.54914931205855,"{""geodesic"":false,""type"":""Point"",""coordinates"":[-121.71224377194771,36.213200143775595]}"
3_0000000000000000009f_0,134.97070474858512,635.0,0.44683443225172453,BS272,0.0,2010-01-01,3.1826696,2009-01-01,290.19054494361353,283.54914931205855,"{""geodesic"":false,""type"":""Point"",""coordinates"":[-121.7001165156121,36.20134238202522]}"
3_000000000000000000a0_0,42.4123549932004,765.0,0.6123299622772903,BS273,0.0,2010-01-01,2.7952907,2009-01-01,290.19054494361353,283.54914931205855,"{""geodesic"":false,""type"":""Point"",""coordinates"":[-121.69472662390739,36.205384800803756]}"
3_000000000000000000a1_0,116.36583115088462,1154.0,0.32280644590814317,BS274,0.0,2010-01-01,2.9306257,2009-01-01,290.19054494361353,283.54914931205855,"{""geodesic"":false,""type"":""Point"",""coordinates"":[-121.65645839280388,36.18975411486008]}"
3_000000000000000000a2_0,119.05659324445661,385.0,0.625801195195561,BS276,0.0,2010-01-01,2.9306257,2009-01-01,290.19054494361353,283.54914931205855,"{""geodesic"":false,""type"":""Point"",""coordinates"":[-121.68610279717983,36.180321804376824]}"
3_000000000000000000a3_0,78.17718539629982,271.0,0.7097667421218244,BS277,0.0,2010-01-01,2.9306257,2009-01-01,290.19054494361353,283.54914931205855,"{""geodesic"":false,""type"":""Point"",""coordinates"":[-121.66616019787239,36.16630808594456]}"
3_000000000000000000a8_0,111.15227222427389,617.0,0.5756510699358611,BS283,0.0,2010-01-01,2.9306257,2009-01-01,290.19054494361353,283.54914931205855,"{""geodesic"":false,""type"":""Point"",""coordinates"":[-121.68044341088988,36.180052309791584]}"
3_000000000000000000a9_0,150.37086767802185,987.0,0.4572661584489212,BS287,0.0,2010-01-01,2.5673928,2009-01-01,290.5630669162698,282.50563906316887,"{""geodesic"":false,""type"":""Point"",""coordinates"":[-121.61010532414332,36.15013841083041]}"
3_000000000000000000aa_0,66.8961566022583,400.0,0.7182824048424548,BS292,0.0,2010-01-01,1.4997841,2009-01-01,288.9396188814346,283.3583833459305,"{""geodesic"":false,""type"":""Point"",""coordinates"":[-121.85157247251465,36.48916259905711]}"
3_000000000000000000ab_0,42.40032906885869,307.0,0.7701627036940036,BS293,0.0,2010-01-01,1.4997841,2009-01-01,288.9396188814346,283.3583833459305,"{""geodesic"":false,""type"":""Point"",""coordinates"":[-121.8534589346113,36.47919129940339]}"
3_000000000000000000ac_0,48.241779951859556,489.0,0.6953772668660414,BS294,0.0,2010-01-01,1.4997841,2009-01-01,288.9396188814346,283.3583833459305,"{""geodesic"":false,""type"":""Point"",""coordinates"":[-121.8572318588046,36.46059617302211]}"
3_000000000000000000ad_0,103.96176807247654,205.0,0.6652416384655002,BS295,0.0,2010-01-01,1.8113531,2009-01-01,291.9472982328232,283.6844729070794,"{""geodesic"":false,""type"":""Point"",""coordinates"":[-121.49098871746908,35.99464003514932]}"
3_000000000000000000ae_0,52.38466260016742,616.0,0.6842117974919107,BS296,0.0,2010-01-01,1.898344,2009-01-01,291.9472982328232,283.6844729070794,"{""geodesic"":false,""type"":""Point"",""coordinates"":[-121.47077662357638,36.00299436729163]}"
3_000000000000000000af_0,28.91445659661822,626.0,0.7054115737190759,BS297,0.0,2010-01-01,1.898344,2009-01-01,291.9472982328232,283.6844729070794,"{""geodesic"":false,""type"":""Point"",""coordinates"":[-121.45622391597365,36.00110790519498]}"
3_000000000000000000b0_0,98.0682419311207,223.0,0.6548193644656591,BS299,0.0,2010-01-01,1.8113531,2009-01-01,291.9472982328232,283.6844729070794,"{""geodesic"":false,""type"":""Point"",""coordinates"":[-121.47454954776968,35.99140610012648]}"
3_000000000000000000b1_0,65.88131950573914,530.0,0.7018963496267053,BS301,0.0,2010-01-01,1.8113531,2009-01-01,291.9472982328232,283.6844729070794,"{""geodesic"":false,""type"":""Point"",""coordinates"":[-121.46969864523544,35.98682469217748]}"
3_000000000000000000b2_0,99.09689785478768,675.0,0.5765189477260944,BS303,0.0,2010-01-01,1.8113531,2009-01-01,291.9472982328232,283.6844729070794,"{""geodesic"":false,""type"":""Point"",""coordinates"":[-121.46592572104214,35.981704295057995]}"
3_000000000000000000b3_0,65.13088146331066,861.0,0.6748654486434632,BS304,0.0,2010-01-01,1.8113531,2009-01-01,291.9472982328232,283.6844729070794,"{""geodesic"":false,""type"":""Point"",""coordinates"":[-121.454337453877,35.97604490876804]}"
3_000000000000000000b4_0,198.40414895979995,918.0,0.36832292106501363,BS306,0.0,2010-01-01,1.748848,2009-01-01,292.89124446503104,283.1539064172196,"{""geodesic"":false,""type"":""Point"",""coordinates"":[-121.43412535998431,35.98224328422847]}"
3_000000000000000000b5_0,56.10497844956779,639.0,0.6535187040239326,BS309,0.0,2010-01-01,1.8113531,2009-01-01,291.9472982328232,283.6844729070794,"{""geodesic"":false,""type"":""Point"",""coordinates"":[-121.45110351885417,35.98682469217748]}"
3_000000000000000000b6_0,43.11501599121609,528.0,0.6734488247196636,BS310,0.0,2010-01-01,1.8113531,2009-01-01,291.9472982328232,283.6844729070794,"{""geodesic"":false,""type"":""Point"",""coordinates"":[-121.47401055859922,35.98143480047276]}"
3_000000000000000000b7_0,25.28262925833559,600.0,0.706673364425855,BS312,0.0,2010-01-01,1.8113531,2009-01-01,291.9472982328232,283.6844729070794,"{""geodesic"":false,""type"":""Point"",""coordinates"":[-121.45784088348506,35.95960573906866]}"
3_000000000000000000b8_0,30.70529989307148,603.0,0.7193461720290704,BS313,0.0,2010-01-01,1.748848,2009-01-01,292.89124446503104,283.1539064172196,"{""geodesic"":false,""type"":""Point"",""coordinates"":[-121.43547283291049,35.952868374437756]}"
3_000000000000000000b9_0,69.33913717602236,819.0,0.6989398113300714,BS315,0.0,2010-01-01,1.6961693,2009-01-01,292.83856163547466,284.4262871729185,"{""geodesic"":false,""type"":""Point"",""coordinates"":[-121.42819647910912,35.94316656936927]}"
3_000000000000000000ba_0,72.66744496040454,591.0,0.6847218101319195,BS316,0.0,2010-01-01,1.6961693,2009-01-01,292.83856163547466,284.4262871729185,"{""geodesic"":false,""type"":""Point"",""coordinates"":[-121.43978474627426,35.940471623516906]}"
3_000000000000000000bb_0,63.895783582017906,544.0,0.7357686551856539,BS317,0.0,2010-01-01,1.6961693,2009-01-01,292.83856163547466,284.4262871729185,"{""geodesic"":false,""type"":""Point"",""coordinates"":[-121.4446356488085,35.94181909644309]}"
3_000000000000000000bc_0,63.97653455297091,1007.0,0.731061440423643,BS320,0.0,2010-01-01,1.748848,2009-01-01,292.89124446503104,283.1539064172196,"{""geodesic"":false,""type"":""Point"",""coordinates"":[-121.42280658740441,35.9501734285854]}"
3_000000000000000000bd_0,22.630054957380676,928.0,0.7268884361046105,BS321,0.0,2010-01-01,1.6961693,2009-01-01,292.83856163547466,284.4262871729185,"{""geodesic"":false,""type"":""Point"",""coordinates"":[-121.42523203867152,35.938046172249784]}"
3_000000000000000000be_0,31.518093683470752,954.0,0.7099861831939723,BS322,0.0,2010-01-01,1.6961693,2009-01-01,292.83856163547466,284.4262871729185,"{""geodesic"":false,""type"":""Point"",""coordinates"":[-121.42900496286482,35.93346476430078]}"
3_000000000000000000bf_0,36.408489986160674,816.0,0.6834925383882073,BS323,0.0,2010-01-01,1.6961693,2009-01-01,292.83856163547466,284.4262871729185,"{""geodesic"":false,""type"":""Point"",""coordinates"":[-121.43116091954671,35.923762959232285]}"
3_000000000000000000c0_0,35.19602341408775,766.0,0.6416090340900775,BS324,0.0,2010-01-01,1.6961693,2009-01-01,292.83856163547466,284.4262871729185,"{""geodesic"":false,""type"":""Point"",""coordinates"":[-121.43223889788766,35.9186425621128]}"
3_000000000000000000c1_0,44.68052685055641,730.0,0.6798720382643244,BS326,0.0,2010-01-01,1.6961693,2009-01-01,292.83856163547466,284.4262871729185,"{""geodesic"":false,""type"":""Point"",""coordinates"":[-121.43062193037625,35.913522164993324]}"
3_000000000000000000c2_0,43.87934320470735,449.0,0.7977675468964894,BS328,0.0,2010-01-01,1.6587739,2009-01-01,292.83856163547466,284.4262871729185,"{""geodesic"":false,""type"":""Point"",""coordinates"":[-121.43439485456955,35.89034563066304]}"
3_000000000000000000c3_0,35.369244570564874,602.0,0.688423974586084,BS330,0.0,2010-01-01,1.6587739,2009-01-01,292.83856163547466,284.4262871729185,"{""geodesic"":false,""type"":""Point"",""coordinates"":[-121.4287354682796,35.88145230935026]}"
3_000000000000000000c4_0,30.65685367484881,758.0,0.7812716563922003,BS331,0.0,2010-01-01,1.6587739,2009-01-01,292.83856163547466,284.4262871729185,"{""geodesic"":false,""type"":""Point"",""coordinates"":[-121.41876416862587,35.88414725520261]}"
3_000000000000000000c5_0,53.56452702367953,835.0,0.7979339690832482,BS333,0.0,2010-01-01,1.6587739,2009-01-01,292.83856163547466,284.4262871729185,"{""geodesic"":false,""type"":""Point"",""coordinates"":[-121.40178600975601,35.88818967398115]}"
3_000000000000000000c6_0,74.14908534779035,972.0,0.7613246475648374,BS334,0.0,2010-01-01,1.658302,2009-01-01,292.83856163547466,284.4262871729185,"{""geodesic"":false,""type"":""Point"",""coordinates"":[-121.3875027967385,35.890884619833514]}"
3_000000000000000000c7_0,50.13383602470723,935.0,0.7853592599267759,BS335,0.0,2010-01-01,1.658302,2009-01-01,292.83856163547466,284.4262871729185,"{""geodesic"":false,""type"":""Point"",""coordinates"":[-121.3791484645962,35.89223209275969]}"
3_000000000000000000c8_0,57.97169024945938,606.0,0.6940411816043476,BS338,0.0,2010-01-01,1.658302,2009-01-01,292.83856163547466,284.4262871729185,"{""geodesic"":false,""type"":""Point"",""coordinates"":[-121.3942401613694,35.87094202052606]}"
3_000000000000000000c9_0,37.151649106805344,503.0,0.6769698785811474,BS355,0.0,2010-01-01,2.6888225,2009-01-01,289.31673914243095,283.1496691142043,"{""geodesic"":false,""type"":""Point"",""coordinates"":[-121.78824124498422,36.33393371796126]}"
3_000000000000000000ca_0,75.55735973739262,807.0,0.5446479682380299,BS358,0.0,2010-01-01,2.6888225,2009-01-01,289.31673914243095,283.1496691142043,"{""geodesic"":false,""type"":""Point"",""coordinates"":[-121.78608528830233,36.3455219851264]}"
3_000000000000000000cb_0,75.68758313442166,736.0,0.6066239954424564,BS359,0.0,2010-01-01,2.2314653,2009-01-01,289.4672390036387,282.3027526019371,"{""geodesic"":false,""type"":""Point"",""coordinates"":[-121.79039720166611,36.35037288766065]}"
3_000000000000000000cc_0,67.88077578837759,936.0,0.4779656680450438,BS360,0.0,2010-01-01,2.2314653,2009-01-01,289.4672390036387,282.3027526019371,"{""geodesic"":false,""type"":""Point"",""coordinates"":[-121.79120568542182,36.355762779365364]}"
3_000000000000000000cd_0,69.56916260280444,1015.0,0.5240660066789657,BS365,0.0,2010-01-01,2.7952907,2009-01-01,290.19054494361353,283.54914931205855,"{""geodesic"":false,""type"":""Point"",""coordinates"":[-121.68610279717983,36.22290194884409]}"
3_000000000000000000ce_0,35.97351887132813,665.0,0.5644736270717222,BS372,0.0,2010-01-01,3.1826696,2009-01-01,290.19054494361353,283.54914931205855,"{""geodesic"":false,""type"":""Point"",""coordinates"":[-121.73568980086323,36.22290194884409]}"
3_000000000000000000cf_0,87.34961003093828,783.0,0.44936855298706413,BS373,0.0,2010-01-01,3.1826696,2009-01-01,290.19054494361353,283.54914931205855,"{""geodesic"":false,""type"":""Point"",""coordinates"":[-121.7362287900337,36.228022345963566]}"
3_000000000000000000d1_0,75.87225806624139,371.0,0.7018996836339957,BS378,0.0,2010-01-01,3.1826696,2009-01-01,290.19054494361353,283.54914931205855,"{""geodesic"":false,""type"":""Point"",""coordinates"":[-121.74566110051695,36.219668013821256]}"
3_000000000000000000d2_0,43.13752506033462,746.0,0.4677358083335017,BS379,0.0,2010-01-01,3.1826696,2009-01-01,290.19054494361353,283.54914931205855,"{""geodesic"":false,""type"":""Point"",""coordinates"":[-121.73973221964177,36.23098678640116]}"
3_000000000000000000d8_0,51.667467262375,371.0,0.7459040344597943,BS390,0.0,2010-01-01,2.6888225,2009-01-01,289.31673914243095,283.1496691142043,"{""geodesic"":false,""type"":""Point"",""coordinates"":[-121.79470911502989,36.333394728790786]}"
3_000000000000000000dd_0,27.2028760674,878.0,0.7600744007542548,BS399,0.0,2010-01-01,1.6961693,2009-01-01,292.83856163547466,284.4262871729185,"{""geodesic"":false,""type"":""Point"",""coordinates"":[-121.42361507116011,35.93076981844842]}"
3_000000000000000000de_0,110.13651121153713,878.0,0.47236552678354293,BS405,0.0,2010-01-01,2.0012712,2009-01-01,291.9472982328232,283.6844729070794,"{""geodesic"":false,""type"":""Point"",""coordinates"":[-121.535455324033,36.04476602800319]}"
3_000000000000000000e1_0,38.695381451913896,263.0,0.7985077817151676,BS412,0.0,2010-01-01,1.6961693,2009-01-01,292.83856163547466,284.4262871729185,"{""geodesic"":false,""type"":""Point"",""coordinates"":[-121.41849467404063,35.90408985451007]}"
3_000000000000000000e2_0,29.52426153603775,628.0,0.6705861259917434,BS413,0.0,2010-01-01,1.590223,2009-01-01,293.4590083710135,284.299462890625,"{""geodesic"":false,""type"":""Point"",""coordinates"":[-121.33360387969134,35.806263320069455]}"
3_000000000000000000e5_0,101.28176751747459,597.0,0.5680986201303935,BS420,0.0,2010-01-01,1.898344,2009-01-01,291.9472982328232,283.6844729070794,"{""geodesic"":false,""type"":""Point"",""coordinates"":[-121.49071922288384,36.02374545035479]}"
3_000000000000000000e6_0,31.863368085173693,133.0,0.7469210332490088,BS423,0.0,2010-01-01,2.0012712,2009-01-01,291.9472982328232,283.6844729070794,"{""geodesic"":false,""type"":""Point"",""coordinates"":[-121.52144160560073,36.01566061279771]}"
3_000000000000000000e7_0,78.4618959596199,1336.0,0.6945546399855856,BS425,0.0,2010-01-01,1.9621764,2009-01-01,291.444332969352,282.87205843990796,"{""geodesic"":false,""type"":""Point"",""coordinates"":[-121.49880406044092,36.05500682224215]}"
3_000000000000000000e8_0,29.87438120628958,268.0,0.7322515900450507,BS426,0.0,2010-01-01,2.0012712,2009-01-01,291.9472982328232,283.6844729070794,"{""geodesic"":false,""type"":""Point"",""coordinates"":[-121.52817897023162,36.018894547820544]}"
3_000000000000000000e9_0,59.85296460337531,531.0,0.793179291260773,BS427,0.0,2010-01-01,2.3482573,2009-01-01,289.4672390036387,282.3027526019371,"{""geodesic"":false,""type"":""Point"",""coordinates"":[-121.83459431364479,36.37193245447951]}"
3_000000000000000000ea_0,46.11154540169968,379.0,0.7398054591783597,BS429,0.0,2010-01-01,1.4997841,2009-01-01,288.9396188814346,283.3583833459305,"{""geodesic"":false,""type"":""Point"",""coordinates"":[-121.85184196709989,36.47245393477249]}"
3_000000000000000000eb_0,83.74425503336649,524.0,0.7125109455435813,BS430,0.0,2010-01-01,1.6144522,2009-01-01,290.0072712937446,282.44337860525474,"{""geodesic"":false,""type"":""Point"",""coordinates"":[-121.81087879014403,36.46625555931207]}"
3_000000000000000000ec_0,46.509776357549875,808.0,0.7656688537053811,BS431,0.0,2010-01-01,1.4997841,2009-01-01,288.9396188814346,283.3583833459305,"{""geodesic"":false,""type"":""Point"",""coordinates"":[-121.86100478299791,36.45008588419791]}"
3_000000000000000000ed_0,26.14676360966174,385.0,0.752444835367649,BS433,0.0,2010-01-01,2.9191084,2009-01-01,289.31673914243095,283.1496691142043,"{""geodesic"":false,""type"":""Point"",""coordinates"":[-121.80737536053597,36.347677941808286]}"
3_000000000000000000ee_0,21.46825825869375,875.0,0.8280914610147408,BS434,0.0,2010-01-01,1.4997841,2009-01-01,288.9396188814346,283.3583833459305,"{""geodesic"":false,""type"":""Point"",""coordinates"":[-121.85103348334418,36.45089436795362]}"
3_000000000000000000ef_0,41.47275054077918,1045.0,0.40877693284005373,BS436,0.0,2010-01-01,2.342898,2009-01-01,289.88768561376287,282.0843169329918,"{""geodesic"":false,""type"":""Point"",""coordinates"":[-121.72140658784573,36.3417490609331]}"
3_000000000000000000f0_0,38.4276463800849,367.0,0.721416931985314,BS438,0.0,2010-01-01,2.9191084,2009-01-01,289.31673914243095,283.1496691142043,"{""geodesic"":false,""type"":""Point"",""coordinates"":[-121.80872283346216,36.34228805010357]}"
3_000000000000000000f1_0,32.06626817076382,109.0,0.7067902758635398,BS457,0.0,2010-01-01,2.9306257,2009-01-01,290.19054494361353,283.54914931205855,"{""geodesic"":false,""type"":""Point"",""coordinates"":[-121.6925706672255,36.17870483686541]}"
3_000000000000000000f4_0,26.11319515165063,438.0,0.6825396275932101,BS468,0.0,2010-01-01,1.6144522,2009-01-01,290.0072712937446,282.44337860525474,"{""geodesic"":false,""type"":""Point"",""coordinates"":[-121.8467215699804,36.48512018027858]}"
3_000000000000000000f5_0,57.84422175888049,579.0,0.7579443282147381,BS469,0.0,2010-01-01,1.4997841,2009-01-01,288.9396188814346,283.3583833459305,"{""geodesic"":false,""type"":""Point"",""coordinates"":[-121.85830983714554,36.45574527048787]}"
3_000000000000000000f6_0,55.92449585633229,737.0,0.7858928769938184,BS470,0.0,2010-01-01,1.4997841,2009-01-01,288.9396188814346,283.3583833459305,"{""geodesic"":false,""type"":""Point"",""coordinates"":[-121.85291994544083,36.45628425965834]}"
3_000000000000000000f7_0,99.25837954658633,290.0,0.5641993124941905,BS474,0.0,2010-01-01,1.8113531,2009-01-01,291.9472982328232,283.6844729070794,"{""geodesic"":false,""type"":""Point"",""coordinates"":[-121.46727319396832,35.990328121785545]}"
3_000000000000000000f8_0,121.27688840104692,972.0,0.5173292012775504,BS478,0.0,2010-01-01,1.748848,2009-01-01,292.89124446503104,283.1539064172196,"{""geodesic"":false,""type"":""Point"",""coordinates"":[-121.4333168762286,35.99437054056408]}"
3_000000000000000000f9_0,33.97226108080029,507.0,0.691942936497323,BS486,0.0,2010-01-01,1.8113531,2009-01-01,291.9472982328232,283.6844729070794,"{""geodesic"":false,""type"":""Point"",""coordinates"":[-121.46835117230926,35.95367685819347]}"
3_000000000000000000fb_0,43.29724396242767,836.0,0.7844069139104314,BS499,0.0,2010-01-01,1.6587739,2009-01-01,292.83856163547466,284.4262871729185,"{""geodesic"":false,""type"":""Point"",""coordinates"":[-121.4077148906312,35.88738119022545]}"
3_000000000000000000fc_0,19.436827594784347,677.0,0.7666424035398844,BS504,0.0,2010-01-01,1.658302,2009-01-01,292.83856163547466,284.4262871729185,"{""geodesic"":false,""type"":""Point"",""coordinates"":[-121.38911976424993,35.874175955548885]}"
3_000000000000000000fe_0,32.667223528482396,706.0,0.8192527316129401,BS518,0.0,2010-01-01,2.3482573,2009-01-01,289.4672390036387,282.3027526019371,"{""geodesic"":false,""type"":""Point"",""coordinates"":[-121.83109088403673,36.38432920540036]}"
3_000000000000000000ff_0,44.10881539986666,538.0,0.7701168239003693,BS519,0.0,2010-01-01,2.3482573,2009-01-01,289.4672390036387,282.3027526019371,"{""geodesic"":false,""type"":""Point"",""coordinates"":[-121.83944521617903,36.38352072164466]}"
3_00000000000000000101_0,81.03947839241002,581.0,0.5750073870066261,BS521,0.0,2010-01-01,2.9306257,2009-01-01,290.19054494361353,283.54914931205855,"{""geodesic"":false,""type"":""Point"",""coordinates"":[-121.69526561307785,36.19837794158762]}"
3_00000000000000000102_0,29.54821012661495,562.0,0.7704164354243456,BS600,0.0,2010-01-01,2.3482573,2009-01-01,289.4672390036387,282.3027526019371,"{""geodesic"":false,""type"":""Point"",""coordinates"":[-121.8219280681387,36.3598051981439]}"
3_00000000000000000103_0,40.677795077894935,638.0,0.7598384333196269,BS601,0.0,2010-01-01,2.3482573,2009-01-01,289.4672390036387,282.3027526019371,"{""geodesic"":false,""type"":""Point"",""coordinates"":[-121.83324684071862,36.35926620897343]}"
3_00000000000000000104_0,21.4309868259198,518.0,0.787769882810909,BS603,0.0,2010-01-01,2.3482573,2009-01-01,289.4672390036387,282.3027526019371,"{""geodesic"":false,""type"":""Point"",""coordinates"":[-121.84079268910521,36.366273068189564]}"
3_00000000000000000105_0,34.12796359779986,565.0,0.7701059314772513,BS604,0.0,2010-01-01,2.3482573,2009-01-01,289.4672390036387,282.3027526019371,"{""geodesic"":false,""type"":""Point"",""coordinates"":[-121.84887752666229,36.367890035700974]}"
3_00000000000000000107_0,149.84528960057833,1022.0,0.3743951941740096,BS607,0.0,2010-01-01,2.3248832,2009-01-01,290.5630669162698,282.50563906316887,"{""geodesic"":false,""type"":""Point"",""coordinates"":[-121.59151019776205,36.15013841083041]}"
3_00000000000000000108_0,96.31238121368978,257.0,0.6138980613901298,BS610,0.0,2010-01-01,2.9306257,2009-01-01,290.19054494361353,283.54914931205855,"{""geodesic"":false,""type"":""Point"",""coordinates"":[-121.66292626284955,36.16253516175126]}"
3_00000000000000000109_0,94.34741111961763,417.0,0.6682784327491147,BS611,0.0,2010-01-01,2.9306257,2009-01-01,290.19054494361353,283.54914931205855,"{""geodesic"":false,""type"":""Point"",""coordinates"":[-121.66454323036096,36.17304545057545]}"
3_0000000000000000010a_0,38.17513922882528,455.0,0.6909738944321453,BS612,0.0,2010-01-01,2.9306257,2009-01-01,290.19054494361353,283.54914931205855,"{""geodesic"":false,""type"":""Point"",""coordinates"":[-121.66993312206569,36.17277595599022]}"
3_0000000000000000010b_0,39.572638096850746,318.0,0.733474670538134,BS613,0.0,2010-01-01,2.9306257,2009-01-01,290.19054494361353,283.54914931205855,"{""geodesic"":false,""type"":""Point"",""coordinates"":[-121.6693941328952,36.165769096774085]}"
3_0000000000000000010c_0,60.072162663640064,320.0,0.71497394930212,BS620,0.0,2010-01-01,2.9306257,2009-01-01,290.19054494361353,283.54914931205855,"{""geodesic"":false,""type"":""Point"",""coordinates"":[-121.6933791509812,36.184364223155356]}"
3_0000000000000000010d_0,107.62587018360722,262.0,0.7135377261371092,BS621,0.0,2010-01-01,3.1826696,2009-01-01,290.19054494361353,283.54914931205855,"{""geodesic"":false,""type"":""Point"",""coordinates"":[-121.74862554095455,36.21805104630984]}"
3_00000000000000000113_0,32.83671710468479,151.0,0.7582308391646797,BS627,0.0,2010-01-01,3.3206263,2009-01-01,289.31673914243095,283.1496691142043,"{""geodesic"":false,""type"":""Point"",""coordinates"":[-121.80279395258697,36.27087198501607]}"
3_00000000000000000114_0,35.14983560906551,97.0,0.7701508439160979,BS628,0.0,2010-01-01,3.3206263,2009-01-01,289.31673914243095,283.1496691142043,"{""geodesic"":false,""type"":""Point"",""coordinates"":[-121.80629738219503,36.269255017504655]}"
3_00000000000000000115_0,53.27767679307329,405.0,0.7008706738666085,BS629,0.0,2010-01-01,2.9306257,2009-01-01,290.19054494361353,283.54914931205855,"{""geodesic"":false,""type"":""Point"",""coordinates"":[-121.69526561307785,36.18813714734866]}"
3_00000000000000000116_0,48.25011150510243,552.0,0.681808893278019,BS632,0.0,2010-01-01,2.9191084,2009-01-01,289.31673914243095,283.1496691142043,"{""geodesic"":false,""type"":""Point"",""coordinates"":[-121.80036850131984,36.325040396648475]}"
3_00000000000000000117_0,39.391633665659676,639.0,0.7095984608361502,BS633,0.0,2010-01-01,2.9191084,2009-01-01,289.31673914243095,283.1496691142043,"{""geodesic"":false,""type"":""Point"",""coordinates"":[-121.80063799590508,36.32261494538135]}"
4_00000000000000000000_0,63.45939422752016,381.0,0.7638680234277526,BS002,0.0,2011-01-01,2.6142142,2010-01-01,291.7468541393541,284.02439157146296,"{""geodesic"":false,""type"":""Point"",""coordinates"":[-121.3875027967385,35.85611981833809]}"
4_00000000000000000001_0,64.26153080270802,405.0,0.7842916113693856,BS003,0.0,2011-01-01,2.6142142,2010-01-01,291.7468541393541,284.02439157146296,"{""geodesic"":false,""type"":""Point"",""coordinates"":[-121.39208420468752,35.85072992663337]}"
4_00000000000000000002_0,51.820462424331694,790.0,0.7374570944024537,BS004,0.0,2011-01-01,2.6142142,2010-01-01,291.7468541393541,284.02439157146296,"{""geodesic"":false,""type"":""Point"",""coordinates"":[-121.36675171367534,35.85854526960521]}"
4_00000000000000000003_0,56.21427103890933,851.0,0.7509197804010612,BS005,0.0,2011-01-01,2.6142142,2010-01-01,291.7468541393541,284.02439157146296,"{""geodesic"":false,""type"":""Point"",""coordinates"":[-121.36028384362969,35.85881476419044]}"
4_00000000000000000004_0,47.97817241376017,820.0,0.7811436838745913,BS006,0.0,2011-01-01,2.6142142,2010-01-01,291.7468541393541,284.02439157146296,"{""geodesic"":false,""type"":""Point"",""coordinates"":[-121.35381597358402,35.86043173170186]}"
4_00000000000000000005_0,21.344157275571824,883.0,0.7075901371062664,BS007,0.0,2011-01-01,2.4864712,2010-01-01,292.6971703516294,283.1121415229693,"{""geodesic"":false,""type"":""Point"",""coordinates"":[-121.33926326598129,35.857736785849504]}"
4_00000000000000000006_0,18.65905974189183,509.0,0.634370157422456,BS011,0.0,2011-01-01,2.584068,2010-01-01,291.9886276872191,284.40778382183754,"{""geodesic"":false,""type"":""Point"",""coordinates"":[-121.37133312162436,35.8291703598145]}"
4_00000000000000000007_0,37.59066675630982,359.0,0.7473950346523721,BS012,0.0,2011-01-01,2.584068,2010-01-01,291.9886276872191,284.40778382183754,"{""geodesic"":false,""type"":""Point"",""coordinates"":[-121.37160261620959,35.82324147893931]}"
4_00000000000000000008_0,78.86030168404528,351.0,0.7266183778930657,BS015,0.0,2011-01-01,2.5521412,2010-01-01,292.28642381641964,283.95494108853273,"{""geodesic"":false,""type"":""Point"",""coordinates"":[-121.34303619017459,35.8253974356212]}"
4_00000000000000000009_0,63.59042164122968,453.0,0.8129046885885072,BS016,0.0,2011-01-01,2.5521412,2010-01-01,292.28642381641964,283.95494108853273,"{""geodesic"":false,""type"":""Point"",""coordinates"":[-121.33764629846988,35.82566693020643]}"
4_0000000000000000000a_0,51.93203948918215,518.0,0.7998644932142263,BS017,0.0,2011-01-01,2.5521412,2010-01-01,292.28642381641964,283.95494108853273,"{""geodesic"":false,""type"":""Point"",""coordinates"":[-121.33225640676515,35.82512794103596]}"
4_0000000000000000000b_0,30.504301105392518,611.0,0.8312885354458535,BS018,0.0,2011-01-01,2.5521412,2010-01-01,292.28642381641964,283.95494108853273,"{""geodesic"":false,""type"":""Point"",""coordinates"":[-121.32848348257185,35.82351097352455]}"
4_0000000000000000000c_0,75.94319746136875,466.0,0.7809385310314876,BS019,0.0,2011-01-01,2.5521412,2010-01-01,292.28642381641964,283.95494108853273,"{""geodesic"":false,""type"":""Point"",""coordinates"":[-121.34249720100412,35.82970934898497]}"
4_0000000000000000000d_0,42.77170140832747,400.0,0.7545657628746135,BS020,0.0,2011-01-01,2.5521412,2010-01-01,292.28642381641964,283.95494108853273,"{""geodesic"":false,""type"":""Point"",""coordinates"":[-121.3408802334927,35.83375176776351]}"
4_0000000000000000000e_0,41.44721372245353,639.0,0.7987536375883771,BS022,0.0,2011-01-01,2.5521412,2010-01-01,292.28642381641964,283.95494108853273,"{""geodesic"":false,""type"":""Point"",""coordinates"":[-121.3379157930551,35.84426205658771]}"
4_0000000000000000000f_0,26.637845031201284,233.0,0.80110164245982,BS026,0.0,2011-01-01,2.5065758,2010-01-01,291.7468541393541,284.02439157146296,"{""geodesic"":false,""type"":""Point"",""coordinates"":[-121.42550153325676,35.90166440324295]}"
4_00000000000000000010_0,59.48682576567071,186.0,0.7441326215693118,BS027,0.0,2011-01-01,2.6634314,2010-01-01,291.7468541393541,284.02439157146296,"{""geodesic"":false,""type"":""Point"",""coordinates"":[-121.43089142496147,35.89789147904964]}"
4_00000000000000000011_0,20.839209510445553,317.0,0.7792611160152829,BS032,0.0,2011-01-01,2.5787625,2010-01-01,292.28642381641964,283.95494108853273,"{""geodesic"":false,""type"":""Point"",""coordinates"":[-121.3379157930551,35.797908987927144]}"
4_00000000000000000012_0,64.26308813710328,648.0,0.6962388346003465,BS034,0.0,2011-01-01,2.5521412,2010-01-01,292.28642381641964,283.95494108853273,"{""geodesic"":false,""type"":""Point"",""coordinates"":[-121.32686651506043,35.800064944609026]}"
4_00000000000000000013_0,23.05291086066183,390.0,0.7506096906006523,BS035,0.0,2011-01-01,2.5787625,2010-01-01,292.28642381641964,283.95494108853273,"{""geodesic"":false,""type"":""Point"",""coordinates"":[-121.31985965584431,35.789824150370066]}"
4_00000000000000000015_0,81.18958390073425,726.0,0.5631445361621285,BS044,0.0,2011-01-01,2.6657913,2010-01-01,290.8962403597897,283.21172719459014,"{""geodesic"":false,""type"":""Point"",""coordinates"":[-121.51712969223695,36.031560793326626]}"
4_00000000000000000016_0,36.3156038819635,517.0,0.7034159855332903,BS045,0.0,2011-01-01,2.6657913,2010-01-01,290.8962403597897,283.21172719459014,"{""geodesic"":false,""type"":""Point"",""coordinates"":[-121.50634990882752,36.02886584747427]}"
4_00000000000000000017_0,91.50749097260231,584.0,0.7126162936555092,BS046,0.0,2011-01-01,2.6657913,2010-01-01,290.8962403597897,283.21172719459014,"{""geodesic"":false,""type"":""Point"",""coordinates"":[-121.5047329413161,36.023475955769555]}"
4_00000000000000000018_0,26.82003138319408,690.0,0.7183996458097549,BS047,0.0,2011-01-01,2.464868,2010-01-01,290.8962403597897,283.21172719459014,"{""geodesic"":false,""type"":""Point"",""coordinates"":[-121.49988203878186,36.02805736371856]}"
4_00000000000000000019_0,64.27998366502595,527.0,0.7348225633679758,BS048,0.0,2011-01-01,2.464868,2010-01-01,290.8962403597897,283.21172719459014,"{""geodesic"":false,""type"":""Point"",""coordinates"":[-121.4904497282986,36.02859635288903]}"
4_0000000000000000001a_0,60.125646617911976,721.0,0.679518441376317,BS050,0.0,2011-01-01,2.464868,2010-01-01,290.8962403597897,283.21172719459014,"{""geodesic"":false,""type"":""Point"",""coordinates"":[-121.47966994488917,36.03290826625281]}"
4_0000000000000000001b_0,58.33033733293616,575.0,0.7619767519292132,BS052,0.0,2011-01-01,2.6657913,2010-01-01,290.8962403597897,283.21172719459014,"{""geodesic"":false,""type"":""Point"",""coordinates"":[-121.50122951170803,36.01323516153059]}"
4_0000000000000000001c_0,104.95891794578506,380.0,0.6498059278647262,BS053,0.0,2011-01-01,2.6657913,2010-01-01,290.8962403597897,283.21172719459014,"{""geodesic"":false,""type"":""Point"",""coordinates"":[-121.50661940341276,36.01242667777488]}"
4_0000000000000000001d_0,70.47981345529043,573.0,0.6598522601637927,BS054,0.0,2011-01-01,2.5787625,2010-01-01,292.28642381641964,283.95494108853273,"{""geodesic"":false,""type"":""Point"",""coordinates"":[-121.31339178579864,35.78685970993247]}"
4_0000000000000000001e_0,61.176486846364405,599.0,0.6804070162510093,BS057,0.0,2011-01-01,2.6657913,2010-01-01,290.8962403597897,283.21172719459014,"{""geodesic"":false,""type"":""Point"",""coordinates"":[-121.51173980053224,36.029135342059504]}"
4_0000000000000000001f_0,45.82270696185494,767.0,0.7148722609071996,BS058,0.0,2011-01-01,2.834164,2010-01-01,290.37203306433275,282.3494574977927,"{""geodesic"":false,""type"":""Point"",""coordinates"":[-121.54677409661289,36.06012721936163]}"
4_00000000000000000020_0,30.394090496469072,661.0,0.7610574927714243,BS059,0.0,2011-01-01,2.834164,2010-01-01,290.37203306433275,282.3494574977927,"{""geodesic"":false,""type"":""Point"",""coordinates"":[-121.54650460202767,36.056623789753566]}"
4_00000000000000000021_0,28.958815471845206,646.0,0.7368641828972059,BS060,0.0,2011-01-01,2.834164,2010-01-01,290.37203306433275,282.3494574977927,"{""geodesic"":false,""type"":""Point"",""coordinates"":[-121.5438096561753,36.05258137097503]}"
4_00000000000000000022_0,21.973799775940666,612.0,0.7216791429363567,BS062,0.0,2011-01-01,2.6657913,2010-01-01,290.8962403597897,283.21172719459014,"{""geodesic"":false,""type"":""Point"",""coordinates"":[-121.54973853705049,36.03398624459375]}"
4_00000000000000000023_0,21.03573393801277,651.0,0.7895474244821503,BS063,0.0,2011-01-01,2.6657913,2010-01-01,290.8962403597897,283.21172719459014,"{""geodesic"":false,""type"":""Point"",""coordinates"":[-121.53788077530011,36.035603212105165]}"
4_00000000000000000024_0,30.663943213405528,746.0,0.7534266387074422,BS066,0.0,2011-01-01,2.6657913,2010-01-01,290.8962403597897,283.21172719459014,"{""geodesic"":false,""type"":""Point"",""coordinates"":[-121.53356886193635,36.03722017961658]}"
4_00000000000000000026_0,17.892076977560595,705.0,0.7443500983968505,BS071,0.0,2011-01-01,2.6657913,2010-01-01,290.8962403597897,283.21172719459014,"{""geodesic"":false,""type"":""Point"",""coordinates"":[-121.54515712910148,36.037759168787055]}"
4_00000000000000000029_0,22.957085680072154,581.0,0.7963733001045337,BS076,0.0,2011-01-01,3.4250493,2010-01-01,288.7029239602285,281.83168038146135,"{""geodesic"":false,""type"":""Point"",""coordinates"":[-121.8219280681387,36.361961154825785]}"
4_0000000000000000002a_0,27.375189842592487,607.0,0.7862247057792076,BS077,0.0,2011-01-01,3.4250493,2010-01-01,288.7029239602285,281.83168038146135,"{""geodesic"":false,""type"":""Point"",""coordinates"":[-121.81896362770111,36.35926620897343]}"
4_0000000000000000002b_0,67.82188796680863,626.0,0.7159669699201866,BS078,0.0,2011-01-01,3.4250493,2010-01-01,288.7029239602285,281.83168038146135,"{""geodesic"":false,""type"":""Point"",""coordinates"":[-121.81599918726351,36.35549328478013]}"
4_0000000000000000002c_0,30.81412742725586,745.0,0.7676708720225772,BS079,0.0,2011-01-01,3.4250493,2010-01-01,288.7029239602285,281.83168038146135,"{""geodesic"":false,""type"":""Point"",""coordinates"":[-121.81249575765546,36.35953570355866]}"
4_0000000000000000002d_0,42.950437096140746,867.0,0.7868778789204215,BS080,0.0,2011-01-01,3.4250493,2010-01-01,288.7029239602285,281.83168038146135,"{""geodesic"":false,""type"":""Point"",""coordinates"":[-121.80441092009838,36.36061368189961]}"
4_0000000000000000002e_0,35.53965195142968,316.0,0.7787503326322834,BS081,0.0,2011-01-01,3.4250493,2010-01-01,288.7029239602285,281.83168038146135,"{""geodesic"":false,""type"":""Point"",""coordinates"":[-121.84429611871329,36.37193245447951]}"
4_00000000000000000034_0,30.625361069409017,1009.0,0.6304084758774603,BS088,0.0,2011-01-01,3.259477,2010-01-01,288.7029239602285,281.83168038146135,"{""geodesic"":false,""type"":""Point"",""coordinates"":[-121.7963260825413,36.3598051981439]}"
4_00000000000000000035_0,22.79935694472497,1058.0,0.7670630134098192,BS089,0.0,2011-01-01,3.259477,2010-01-01,288.7029239602285,281.83168038146135,"{""geodesic"":false,""type"":""Point"",""coordinates"":[-121.7963260825413,36.3665425627748]}"
4_00000000000000000036_0,25.601687318399932,952.0,0.7398851431705602,BS090,0.0,2011-01-01,3.259477,2010-01-01,288.7029239602285,281.83168038146135,"{""geodesic"":false,""type"":""Point"",""coordinates"":[-121.79659557712654,36.37085447613857]}"
4_00000000000000000037_0,36.8325227611492,929.0,0.8250569378782028,BS092,0.0,2011-01-01,3.4250493,2010-01-01,288.7029239602285,281.83168038146135,"{""geodesic"":false,""type"":""Point"",""coordinates"":[-121.80414142551314,36.37489689491711]}"
4_00000000000000000038_0,55.930530331693106,785.0,0.7250949749190129,BS094,0.0,2011-01-01,2.3747318,2010-01-01,288.42243727592574,283.0966416868445,"{""geodesic"":false,""type"":""Point"",""coordinates"":[-121.87259305016305,36.45817072175499]}"
4_0000000000000000003a_0,67.20597560756408,521.0,0.7382883695926126,BS102,0.0,2011-01-01,3.4250493,2010-01-01,288.7029239602285,281.83168038146135,"{""geodesic"":false,""type"":""Point"",""coordinates"":[-121.84240965661662,36.38055628120706]}"
4_0000000000000000003b_0,56.22026493624624,504.0,0.7208257230459109,BS103,0.0,2011-01-01,3.4250493,2010-01-01,288.7029239602285,281.83168038146135,"{""geodesic"":false,""type"":""Point"",""coordinates"":[-121.84483510788375,36.378939313695646]}"
4_0000000000000000003d_0,68.81794222171811,889.0,0.7182279383332066,BS112,0.0,2011-01-01,3.1464176,2010-01-01,288.7029239602285,281.83168038146135,"{""geodesic"":false,""type"":""Point"",""coordinates"":[-121.8429486457871,36.41774653396961]}"
4_00000000000000000040_0,26.679589877813363,932.0,0.7974144829037495,BS121,0.0,2011-01-01,3.1464176,2010-01-01,288.7029239602285,281.83168038146135,"{""geodesic"":false,""type"":""Point"",""coordinates"":[-121.83944521617903,36.42178895274815]}"
4_00000000000000000041_0,82.05038883848488,766.0,0.6855249577154098,BS122,0.0,2011-01-01,3.1464176,2010-01-01,288.7029239602285,281.83168038146135,"{""geodesic"":false,""type"":""Point"",""coordinates"":[-121.84429611871329,36.423944909430034]}"
4_00000000000000000042_0,56.280630166861556,338.0,0.7523243612673659,BS123,0.0,2011-01-01,2.3747318,2010-01-01,288.42243727592574,283.0966416868445,"{""geodesic"":false,""type"":""Point"",""coordinates"":[-121.89415261698191,36.48107776150004]}"
4_00000000000000000043_0,41.0647407226498,376.0,0.7859739241790701,BS124,0.0,2011-01-01,2.3747318,2010-01-01,288.42243727592574,283.0966416868445,"{""geodesic"":false,""type"":""Point"",""coordinates"":[-121.89011019820337,36.47838281564768]}"
4_00000000000000000044_0,38.908395499309655,408.0,0.8070643929331078,BS125,0.0,2011-01-01,2.3747318,2010-01-01,288.42243727592574,283.0966416868445,"{""geodesic"":false,""type"":""Point"",""coordinates"":[-121.88633727401007,36.4808082669148]}"
4_00000000000000000045_0,62.05872909002085,311.0,0.7522504845654828,BS126,0.0,2011-01-01,2.3747318,2010-01-01,288.42243727592574,283.0966416868445,"{""geodesic"":false,""type"":""Point"",""coordinates"":[-121.88013889854965,36.484311696522866]}"
4_00000000000000000046_0,37.32882745910926,393.0,0.7703086451512855,BS128,0.0,2011-01-01,2.3747318,2010-01-01,288.42243727592574,283.0966416868445,"{""geodesic"":false,""type"":""Point"",""coordinates"":[-121.87367102850399,36.477843826477205]}"
4_00000000000000000047_0,58.86033122556964,351.0,0.7762437350721686,BS129,0.0,2011-01-01,2.3747318,2010-01-01,288.42243727592574,283.0966416868445,"{""geodesic"":false,""type"":""Point"",""coordinates"":[-121.88741525235102,36.49077956656853]}"
4_00000000000000000048_0,28.32303600199457,242.0,0.783454166708377,BS130,0.0,2011-01-01,2.3747318,2010-01-01,288.42243727592574,283.0966416868445,"{""geodesic"":false,""type"":""Point"",""coordinates"":[-121.88391182274296,36.49563046910277]}"
4_00000000000000000049_0,63.411451526219615,250.0,0.8071360890037365,BS131,0.0,2011-01-01,1.9490176,2010-01-01,288.42243727592574,283.0966416868445,"{""geodesic"":false,""type"":""Point"",""coordinates"":[-121.88121687689059,36.500750866222255]}"
4_0000000000000000004e_0,39.68432073047607,306.0,0.8045618640814478,BS137,0.0,2011-01-01,3.9584124,2010-01-01,288.33325354171126,283.82644448476293,"{""geodesic"":false,""type"":""Point"",""coordinates"":[-121.87555749060064,36.347947436393525]}"
4_0000000000000000004f_0,28.805486393073775,306.0,0.7689208952593298,BS138,0.0,2011-01-01,2.3747318,2010-01-01,288.42243727592574,283.0966416868445,"{""geodesic"":false,""type"":""Point"",""coordinates"":[-121.86369972885026,36.49643895285848]}"
4_00000000000000000050_0,32.31567721844421,301.0,0.731875812777234,BS139,0.0,2011-01-01,2.3747318,2010-01-01,288.42243727592574,283.0966416868445,"{""geodesic"":false,""type"":""Point"",""coordinates"":[-121.86289124509456,36.49104906115377]}"
4_00000000000000000051_0,42.48510376873184,333.0,0.7925421267873726,BS140,0.0,2011-01-01,2.3747318,2010-01-01,288.42243727592574,283.0966416868445,"{""geodesic"":false,""type"":""Point"",""coordinates"":[-121.86720315845832,36.482425234426216]}"
4_00000000000000000052_0,64.12546772867748,297.0,0.7089029697659852,BS141,0.0,2011-01-01,2.3747318,2010-01-01,288.42243727592574,283.0966416868445,"{""geodesic"":false,""type"":""Point"",""coordinates"":[-121.86100478299791,36.48296422359669]}"
4_00000000000000000053_0,29.444164004741143,503.0,0.7437158180715471,BS144,0.0,2011-01-01,2.5272124,2010-01-01,289.32391428490206,282.1715079529645,"{""geodesic"":false,""type"":""Point"",""coordinates"":[-121.81761615477494,36.46841151599395]}"
4_00000000000000000054_0,65.95436484106988,722.0,0.7390317569646687,BS146,0.0,2011-01-01,2.3747318,2010-01-01,288.42243727592574,283.0966416868445,"{""geodesic"":false,""type"":""Point"",""coordinates"":[-121.87313203933351,36.46302162428923]}"
4_00000000000000000055_0,63.66149653319444,435.0,0.7686707349878501,BS147,0.0,2011-01-01,2.3747318,2010-01-01,288.42243727592574,283.0966416868445,"{""geodesic"":false,""type"":""Point"",""coordinates"":[-121.88687626318055,36.47083696726107]}"
4_00000000000000000056_0,39.88732016901011,880.0,0.7788278552249485,BS148,0.0,2011-01-01,2.3747318,2010-01-01,288.42243727592574,283.0966416868445,"{""geodesic"":false,""type"":""Point"",""coordinates"":[-121.87124557723686,36.453050324635505]}"
4_00000000000000000057_0,52.551641314135374,767.0,0.7678741935494705,BS149,0.0,2011-01-01,2.3747318,2010-01-01,288.42243727592574,283.0966416868445,"{""geodesic"":false,""type"":""Point"",""coordinates"":[-121.87690496352683,36.45251133546503]}"
4_00000000000000000059_0,68.57007723002828,513.0,0.7599571166605164,BS151,0.0,2011-01-01,2.3747318,2010-01-01,288.42243727592574,283.0966416868445,"{""geodesic"":false,""type"":""Point"",""coordinates"":[-121.85130297792941,36.46248263511876]}"
4_0000000000000000005a_0,68.15256881212001,436.0,0.7610534523436323,BS152,0.0,2011-01-01,2.3747318,2010-01-01,288.42243727592574,283.0966416868445,"{""geodesic"":false,""type"":""Point"",""coordinates"":[-121.85184196709989,36.46706404306777]}"
4_0000000000000000005b_0,66.71036882365097,440.0,0.6785450493660585,BS156,0.0,2011-01-01,3.992313,2010-01-01,288.60200851649455,282.6973473117776,"{""geodesic"":false,""type"":""Point"",""coordinates"":[-121.80306344717219,36.30725375402291]}"
4_0000000000000000005c_0,91.40137961607591,369.0,0.6026634169964526,BS157,0.0,2011-01-01,3.992313,2010-01-01,288.60200851649455,282.6973473117776,"{""geodesic"":false,""type"":""Point"",""coordinates"":[-121.80737536053597,36.30375032441484]}"
4_0000000000000000005d_0,23.582008499715005,649.0,0.7228242940834503,BS158,0.0,2011-01-01,3.4250493,2010-01-01,288.7029239602285,281.83168038146135,"{""geodesic"":false,""type"":""Point"",""coordinates"":[-121.8143822197521,36.35118137141635]}"
4_0000000000000000005e_0,40.15924916784266,294.0,0.7785031233471215,BS159,0.0,2011-01-01,3.992313,2010-01-01,288.60200851649455,282.6973473117776,"{""geodesic"":false,""type"":""Point"",""coordinates"":[-121.80225496341649,36.34067108259215]}"
4_0000000000000000005f_0,34.907929960239244,409.0,0.6914051802078673,BS160,0.0,2011-01-01,3.8341808,2010-01-01,288.60200851649455,282.6973473117776,"{""geodesic"":false,""type"":""Point"",""coordinates"":[-121.79821254463795,36.32935231001225]}"
4_00000000000000000060_0,42.04153950058974,1125.0,0.477264898738115,BS161,0.0,2011-01-01,3.3090494,2010-01-01,288.97782333583046,281.52018110719445,"{""geodesic"":false,""type"":""Point"",""coordinates"":[-121.71305225570342,36.3350116963022]}"
4_00000000000000000061_0,52.35976007028534,1102.0,0.672456809948325,BS162,0.0,2011-01-01,3.3090494,2010-01-01,288.97782333583046,281.52018110719445,"{""geodesic"":false,""type"":""Point"",""coordinates"":[-121.71601669614101,36.34013209342169]}"
4_00000000000000000062_0,32.107103633515514,1175.0,0.5430297373934051,BS163,0.0,2011-01-01,3.3090494,2010-01-01,288.97782333583046,281.52018110719445,"{""geodesic"":false,""type"":""Point"",""coordinates"":[-121.71952012574909,36.3455219851264]}"
4_00000000000000000063_0,30.073553936710073,327.0,0.7641656644873355,BS165,0.0,2011-01-01,3.8341808,2010-01-01,288.60200851649455,282.6973473117776,"{""geodesic"":false,""type"":""Point"",""coordinates"":[-121.79201416917752,36.32584888040418]}"
4_00000000000000000064_0,57.662139026048706,373.0,0.7155975351620366,BS166,0.0,2011-01-01,3.8341808,2010-01-01,288.60200851649455,282.6973473117776,"{""geodesic"":false,""type"":""Point"",""coordinates"":[-121.79228366376276,36.32935231001225]}"
4_00000000000000000065_0,69.74342150551534,437.0,0.6851044060705698,BS167,0.0,2011-01-01,3.8341808,2010-01-01,288.60200851649455,282.6973473117776,"{""geodesic"":false,""type"":""Point"",""coordinates"":[-121.79066669625135,36.320997977869936]}"
4_00000000000000000066_0,84.87911937524974,346.0,0.7117632021310167,BS168,0.0,2011-01-01,3.8341808,2010-01-01,288.60200851649455,282.6973473117776,"{""geodesic"":false,""type"":""Point"",""coordinates"":[-121.78446832079092,36.32477090206324]}"
4_00000000000000000067_0,32.086490979158775,1111.0,0.45365222697139,BS172,0.0,2011-01-01,2.9617932,2010-01-01,289.47032165527344,280.0064961472603,"{""geodesic"":false,""type"":""Point"",""coordinates"":[-121.7429661546646,36.361961154825785]}"
4_00000000000000000068_0,32.77588457195229,522.0,0.6697123245060165,BS175,0.0,2011-01-01,3.992313,2010-01-01,288.60200851649455,282.6973473117776,"{""geodesic"":false,""type"":""Point"",""coordinates"":[-121.80117698507554,36.314799602409515]}"
4_00000000000000000069_0,29.468082510112144,533.0,0.7285906404567334,BS176,0.0,2011-01-01,3.8341808,2010-01-01,288.60200851649455,282.6973473117776,"{""geodesic"":false,""type"":""Point"",""coordinates"":[-121.79147518000705,36.30967920529003]}"
4_0000000000000000006a_0,82.29054895559355,577.0,0.7028881987585135,BS177,0.0,2011-01-01,3.8341808,2010-01-01,288.60200851649455,282.6973473117776,"{""geodesic"":false,""type"":""Point"",""coordinates"":[-121.79012770708087,36.30698425943768]}"
4_0000000000000000006b_0,61.08451130969081,231.0,0.7988833555219371,BS186,0.0,2011-01-01,4.5389395,2010-01-01,288.60200851649455,282.6973473117776,"{""geodesic"":false,""type"":""Point"",""coordinates"":[-121.82731795984343,36.268985522919415]}"
4_0000000000000000006c_0,46.53343012511293,123.0,0.7230682804529572,BS187,0.0,2011-01-01,4.5389395,2010-01-01,288.60200851649455,282.6973473117776,"{""geodesic"":false,""type"":""Point"",""coordinates"":[-121.82731795984343,36.28111277925503]}"
4_0000000000000000006d_0,31.309952039642393,275.0,0.7956439324593764,BS188,0.0,2011-01-01,4.5389395,2010-01-01,288.60200851649455,282.6973473117776,"{""geodesic"":false,""type"":""Point"",""coordinates"":[-121.82300604647965,36.26413462038517]}"
4_0000000000000000006e_0,56.11900261024826,109.0,0.7163239765945977,BS190,0.0,2011-01-01,4.5389395,2010-01-01,288.60200851649455,282.6973473117776,"{""geodesic"":false,""type"":""Point"",""coordinates"":[-121.83297734613338,36.285963681789276]}"
4_0000000000000000006f_0,55.297108793853056,422.0,0.7574877962692562,BS193,0.0,2011-01-01,4.5389395,2010-01-01,288.60200851649455,282.6973473117776,"{""geodesic"":false,""type"":""Point"",""coordinates"":[-121.82839593818437,36.2988994218806]}"
4_00000000000000000070_0,85.2011708636903,437.0,0.6523702635552597,BS194,0.0,2011-01-01,4.5389395,2010-01-01,288.60200851649455,282.6973473117776,"{""geodesic"":false,""type"":""Point"",""coordinates"":[-121.82408402482059,36.29674346519871]}"
4_00000000000000000071_0,85.76906315867569,590.0,0.5395801626006673,BS195,0.0,2011-01-01,4.5389395,2010-01-01,288.60200851649455,282.6973473117776,"{""geodesic"":false,""type"":""Point"",""coordinates"":[-121.81249575765546,36.2951264976873]}"
4_00000000000000000072_0,69.17868902160332,661.0,0.6199549122297966,BS196,0.0,2011-01-01,4.5389395,2010-01-01,288.60200851649455,282.6973473117776,"{""geodesic"":false,""type"":""Point"",""coordinates"":[-121.80926182263262,36.29135357349399]}"
4_00000000000000000073_0,25.85412411439561,790.0,0.6742144417650734,BS201,0.0,2011-01-01,3.4250493,2010-01-01,288.7029239602285,281.83168038146135,"{""geodesic"":false,""type"":""Point"",""coordinates"":[-121.82650947608772,36.353606822683474]}"
4_00000000000000000074_0,22.206621232852097,787.0,0.5460161288423042,BS202,0.0,2011-01-01,3.4250493,2010-01-01,288.7029239602285,281.83168038146135,"{""geodesic"":false,""type"":""Point"",""coordinates"":[-121.83567229198573,36.35333732809824]}"
4_00000000000000000075_0,36.366826709947944,795.0,0.7757174833324618,BS203,0.0,2011-01-01,3.4250493,2010-01-01,288.7029239602285,281.83168038146135,"{""geodesic"":false,""type"":""Point"",""coordinates"":[-121.83675027032668,36.35791873604725]}"
4_00000000000000000076_0,31.647550794384582,794.0,0.8013608111193946,BS204,0.0,2011-01-01,3.4250493,2010-01-01,288.7029239602285,281.83168038146135,"{""geodesic"":false,""type"":""Point"",""coordinates"":[-121.84240965661662,36.358188230632486]}"
4_00000000000000000077_0,34.097144597751736,98.0,0.7522070853849289,BS205,0.0,2011-01-01,4.5389395,2010-01-01,288.60200851649455,282.6973473117776,"{""geodesic"":false,""type"":""Point"",""coordinates"":[-121.81195676848498,36.27006350126036]}"
4_00000000000000000078_0,36.871745943316874,335.0,0.8251556850813184,BS207,0.0,2011-01-01,4.5389395,2010-01-01,288.60200851649455,282.6973473117776,"{""geodesic"":false,""type"":""Point"",""coordinates"":[-121.80252445800173,36.25712776116904]}"
4_00000000000000000080_0,61.58488042719848,375.0,0.7337867646273348,BS223,0.0,2011-01-01,4.029708,2010-01-01,288.97782333583046,281.52018110719445,"{""geodesic"":false,""type"":""Point"",""coordinates"":[-121.74916453012503,36.250390396538144]}"
4_00000000000000000081_0,86.58237821967698,457.0,0.665294383712999,BS224,0.0,2011-01-01,4.029708,2010-01-01,288.97782333583046,281.52018110719445,"{""geodesic"":false,""type"":""Point"",""coordinates"":[-121.73973221964177,36.25389382614621]}"
4_00000000000000000082_0,80.9025243448253,497.0,0.6832598075186721,BS226,0.0,2011-01-01,4.3541784,2010-01-01,289.3550481508856,283.0884634775658,"{""geodesic"":false,""type"":""Point"",""coordinates"":[-121.73595929544847,36.24958191278244]}"
4_00000000000000000083_0,77.31432967274762,517.0,0.6449040598825767,BS228,0.0,2011-01-01,4.3541784,2010-01-01,289.3550481508856,283.0884634775658,"{""geodesic"":false,""type"":""Point"",""coordinates"":[-121.72733546872092,36.24580898858913]}"
4_00000000000000000084_0,97.64453523954931,742.0,0.5610197117487993,BS229,0.0,2011-01-01,4.3541784,2010-01-01,289.3550481508856,283.0884634775658,"{""geodesic"":false,""type"":""Point"",""coordinates"":[-121.7286829416471,36.23637667810588]}"
4_00000000000000000085_0,46.467168668978104,563.0,0.7183163217086531,BS230,0.0,2011-01-01,4.3541784,2010-01-01,289.3550481508856,283.0884634775658,"{""geodesic"":false,""type"":""Point"",""coordinates"":[-121.72059810409003,36.24149707522536]}"
4_00000000000000000086_0,86.71365923257859,723.0,0.6328633011951573,BS232,0.0,2011-01-01,4.3541784,2010-01-01,289.3550481508856,283.0884634775658,"{""geodesic"":false,""type"":""Point"",""coordinates"":[-121.74620008968743,36.23961061312871]}"
4_00000000000000000087_0,93.80285366105865,709.0,0.6069526493883828,BS233,0.0,2011-01-01,4.3541784,2010-01-01,289.3550481508856,283.0884634775658,"{""geodesic"":false,""type"":""Point"",""coordinates"":[-121.74512211134649,36.2312562809864]}"
4_0000000000000000008b_0,100.42629895046102,325.0,0.6497978676383085,BS240,0.0,2011-01-01,4.3541784,2010-01-01,289.3550481508856,283.0884634775658,"{""geodesic"":false,""type"":""Point"",""coordinates"":[-121.71844214740814,36.24796494527102]}"
4_0000000000000000008c_0,74.48725482050187,376.0,0.7007109815059956,BS241,0.0,2011-01-01,4.3541784,2010-01-01,289.3550481508856,283.0884634775658,"{""geodesic"":false,""type"":""Point"",""coordinates"":[-121.71332175028866,36.24607848317437]}"
4_0000000000000000008d_0,49.6087457688053,442.0,0.7707747488135097,BS242,0.0,2011-01-01,4.3541784,2010-01-01,289.3550481508856,283.0884634775658,"{""geodesic"":false,""type"":""Point"",""coordinates"":[-121.70173348312352,36.24715646151531]}"
4_0000000000000000008e_0,99.59728000665119,451.0,0.6599778804219955,BS243,0.0,2011-01-01,3.7576447,2010-01-01,289.3550481508856,283.0884634775658,"{""geodesic"":false,""type"":""Point"",""coordinates"":[-121.6941876347369,36.248503934441494]}"
4_0000000000000000008f_0,46.85923931189549,394.0,0.7102660558642714,BS244,0.0,2011-01-01,3.504416,2010-01-01,288.97782333583046,281.52018110719445,"{""geodesic"":false,""type"":""Point"",""coordinates"":[-121.68771976469125,36.25200736404956]}"
4_00000000000000000090_0,84.9906579508296,459.0,0.6707345598890176,BS245,0.0,2011-01-01,3.7576447,2010-01-01,289.3550481508856,283.0884634775658,"{""geodesic"":false,""type"":""Point"",""coordinates"":[-121.68125189464558,36.2493124181972]}"
4_00000000000000000091_0,32.68607015671265,528.0,0.6422661145608496,BS246,0.0,2011-01-01,3.504416,2010-01-01,288.97782333583046,281.52018110719445,"{""geodesic"":false,""type"":""Point"",""coordinates"":[-121.67720947586704,36.250390396538144]}"
4_00000000000000000092_0,30.585720505468373,604.0,0.7242061456714928,BS247,0.0,2011-01-01,3.504416,2010-01-01,288.97782333583046,281.52018110719445,"{""geodesic"":false,""type"":""Point"",""coordinates"":[-121.67074160582139,36.2560497828281]}"
4_00000000000000000093_0,36.91822070562276,692.0,0.6362305745593665,BS248,0.0,2011-01-01,3.7576447,2010-01-01,289.3550481508856,283.0884634775658,"{""geodesic"":false,""type"":""Point"",""coordinates"":[-121.65942283324148,36.248503934441494]}"
4_00000000000000000094_0,35.76476991248645,580.0,0.6832030739778282,BS249,0.0,2011-01-01,3.7576447,2010-01-01,289.3550481508856,283.0884634775658,"{""geodesic"":false,""type"":""Point"",""coordinates"":[-121.65349395236629,36.248503934441494]}"
4_00000000000000000095_0,41.69324741510543,827.0,0.6249911894828016,BS251,0.0,2011-01-01,4.3541784,2010-01-01,289.3550481508856,283.0884634775658,"{""geodesic"":false,""type"":""Point"",""coordinates"":[-121.73191687666993,36.23044779723069]}"
4_00000000000000000096_0,87.20209958221223,888.0,0.5711961100507814,BS253,0.0,2011-01-01,4.3541784,2010-01-01,289.3550481508856,283.0884634775658,"{""geodesic"":false,""type"":""Point"",""coordinates"":[-121.71763366365244,36.22020700299173]}"
4_00000000000000000097_0,79.46394069057727,901.0,0.6662118286531767,BS254,0.0,2011-01-01,4.3541784,2010-01-01,289.3550481508856,283.0884634775658,"{""geodesic"":false,""type"":""Point"",""coordinates"":[-121.71170478277725,36.219937508406495]}"
4_00000000000000000098_0,117.02528278294038,1127.0,0.4132530843671063,BS257,0.0,2011-01-01,3.7576447,2010-01-01,289.3550481508856,283.0884634775658,"{""geodesic"":false,""type"":""Point"",""coordinates"":[-121.67936543254893,36.20969671416753]}"
4_00000000000000000099_0,30.569061394471962,122.0,0.7245303292223718,BS259,0.0,2011-01-01,4.343617,2010-01-01,288.60200851649455,282.6973473117776,"{""geodesic"":false,""type"":""Point"",""coordinates"":[-121.79875153380843,36.26629057706706]}"
4_0000000000000000009a_0,38.39132532424635,256.0,0.7719956023324476,BS260,0.0,2011-01-01,4.5389395,2010-01-01,288.60200851649455,282.6973473117776,"{""geodesic"":false,""type"":""Point"",""coordinates"":[-121.80521940385408,36.260900685362344]}"
4_0000000000000000009b_0,39.539570819710164,539.0,0.6996353192774268,BS262,0.0,2011-01-01,4.3541784,2010-01-01,289.3550481508856,283.0884634775658,"{""geodesic"":false,""type"":""Point"",""coordinates"":[-121.71978962033431,36.23718516186159]}"
4_0000000000000000009c_0,23.996228232301544,209.0,0.7880609538530737,BS265,0.0,2011-01-01,4.5389395,2010-01-01,288.60200851649455,282.6973473117776,"{""geodesic"":false,""type"":""Point"",""coordinates"":[-121.81707716560446,36.25012090195291]}"
4_0000000000000000009e_0,30.297183658798566,854.0,0.5095537290453311,BS271,0.0,2011-01-01,4.3541784,2010-01-01,289.3550481508856,283.0884634775658,"{""geodesic"":false,""type"":""Point"",""coordinates"":[-121.71224377194771,36.213200143775595]}"
4_0000000000000000009f_0,95.66950774983657,635.0,0.5602433810657897,BS272,0.0,2011-01-01,4.3541784,2010-01-01,289.3550481508856,283.0884634775658,"{""geodesic"":false,""type"":""Point"",""coordinates"":[-121.7001165156121,36.20134238202522]}"
4_000000000000000000a0_0,27.046959666730633,765.0,0.6952393936531712,BS273,0.0,2011-01-01,3.7576447,2010-01-01,289.3550481508856,283.0884634775658,"{""geodesic"":false,""type"":""Point"",""coordinates"":[-121.69472662390739,36.205384800803756]}"
4_000000000000000000a1_0,73.63142576335675,1154.0,0.42553783696056385,BS274,0.0,2011-01-01,3.9577448,2010-01-01,289.3550481508856,283.0884634775658,"{""geodesic"":false,""type"":""Point"",""coordinates"":[-121.65645839280388,36.18975411486008]}"
4_000000000000000000a2_0,97.08734788222283,385.0,0.6972490882660779,BS276,0.0,2011-01-01,3.9577448,2010-01-01,289.3550481508856,283.0884634775658,"{""geodesic"":false,""type"":""Point"",""coordinates"":[-121.68610279717983,36.180321804376824]}"
4_000000000000000000a3_0,73.13899176422969,271.0,0.7138699806405059,BS277,0.0,2011-01-01,3.9577448,2010-01-01,289.3550481508856,283.0884634775658,"{""geodesic"":false,""type"":""Point"",""coordinates"":[-121.66616019787239,36.16630808594456]}"
4_000000000000000000a8_0,85.07696791954439,617.0,0.637323584272622,BS283,0.0,2011-01-01,3.9577448,2010-01-01,289.3550481508856,283.0884634775658,"{""geodesic"":false,""type"":""Point"",""coordinates"":[-121.68044341088988,36.180052309791584]}"
4_000000000000000000a9_0,123.4157660182947,987.0,0.5221233393215597,BS287,0.0,2011-01-01,3.5320308,2010-01-01,289.56358646758616,281.96044027250105,"{""geodesic"":false,""type"":""Point"",""coordinates"":[-121.61010532414332,36.15013841083041]}"
4_000000000000000000aa_0,53.08696947895145,400.0,0.7496210360653248,BS292,0.0,2011-01-01,2.3747318,2010-01-01,288.42243727592574,283.0966416868445,"{""geodesic"":false,""type"":""Point"",""coordinates"":[-121.85157247251465,36.48916259905711]}"
4_000000000000000000ab_0,44.34318634326203,307.0,0.7719915381016705,BS293,0.0,2011-01-01,2.3747318,2010-01-01,288.42243727592574,283.0966416868445,"{""geodesic"":false,""type"":""Point"",""coordinates"":[-121.8534589346113,36.47919129940339]}"
4_000000000000000000ac_0,51.20038299173555,489.0,0.6888641551601185,BS294,0.0,2011-01-01,2.3747318,2010-01-01,288.42243727592574,283.0966416868445,"{""geodesic"":false,""type"":""Point"",""coordinates"":[-121.8572318588046,36.46059617302211]}"
4_000000000000000000ad_0,87.93415837685892,205.0,0.7275045679887463,BS295,0.0,2011-01-01,2.5570524,2010-01-01,290.8962403597897,283.21172719459014,"{""geodesic"":false,""type"":""Point"",""coordinates"":[-121.49098871746908,35.99464003514932]}"
4_000000000000000000ae_0,43.916836125725155,616.0,0.6792309969983389,BS296,0.0,2011-01-01,2.464868,2010-01-01,290.8962403597897,283.21172719459014,"{""geodesic"":false,""type"":""Point"",""coordinates"":[-121.47077662357638,36.00299436729163]}"
4_000000000000000000af_0,30.705431806155477,626.0,0.717852520729993,BS297,0.0,2011-01-01,2.464868,2010-01-01,290.8962403597897,283.21172719459014,"{""geodesic"":false,""type"":""Point"",""coordinates"":[-121.45622391597365,36.00110790519498]}"
4_000000000000000000b0_0,81.3847418373993,223.0,0.7101724684921723,BS299,0.0,2011-01-01,2.5570524,2010-01-01,290.8962403597897,283.21172719459014,"{""geodesic"":false,""type"":""Point"",""coordinates"":[-121.47454954776968,35.99140610012648]}"
4_000000000000000000b1_0,63.84063123692313,530.0,0.723389408898309,BS301,0.0,2011-01-01,2.5570524,2010-01-01,290.8962403597897,283.21172719459014,"{""geodesic"":false,""type"":""Point"",""coordinates"":[-121.46969864523544,35.98682469217748]}"
4_000000000000000000b2_0,81.15625055682222,675.0,0.6920022440210947,BS303,0.0,2011-01-01,2.5570524,2010-01-01,290.8962403597897,283.21172719459014,"{""geodesic"":false,""type"":""Point"",""coordinates"":[-121.46592572104214,35.981704295057995]}"
4_000000000000000000b3_0,63.2957916330302,861.0,0.6724591896705528,BS304,0.0,2011-01-01,2.5570524,2010-01-01,290.8962403597897,283.21172719459014,"{""geodesic"":false,""type"":""Point"",""coordinates"":[-121.454337453877,35.97604490876804]}"
4_000000000000000000b4_0,115.30412240401746,918.0,0.5042286569988821,BS306,0.0,2011-01-01,2.5275424,2010-01-01,291.73946529022635,282.7566217709894,"{""geodesic"":false,""type"":""Point"",""coordinates"":[-121.43412535998431,35.98224328422847]}"
4_000000000000000000b5_0,44.95975368961465,639.0,0.7066676042604241,BS309,0.0,2011-01-01,2.5570524,2010-01-01,290.8962403597897,283.21172719459014,"{""geodesic"":false,""type"":""Point"",""coordinates"":[-121.45110351885417,35.98682469217748]}"
4_000000000000000000b6_0,41.45112447960552,528.0,0.7331605532405274,BS310,0.0,2011-01-01,2.5570524,2010-01-01,290.8962403597897,283.21172719459014,"{""geodesic"":false,""type"":""Point"",""coordinates"":[-121.47401055859922,35.98143480047276]}"
4_000000000000000000b7_0,24.02372718615773,600.0,0.7266441906686724,BS312,0.0,2011-01-01,2.5570524,2010-01-01,290.8962403597897,283.21172719459014,"{""geodesic"":false,""type"":""Point"",""coordinates"":[-121.45784088348506,35.95960573906866]}"
4_000000000000000000b8_0,28.29714750847516,603.0,0.7333588308963352,BS313,0.0,2011-01-01,2.5275424,2010-01-01,291.73946529022635,282.7566217709894,"{""geodesic"":false,""type"":""Point"",""coordinates"":[-121.43547283291049,35.952868374437756]}"
4_000000000000000000b9_0,73.4695800435634,819.0,0.6825245906731612,BS315,0.0,2011-01-01,2.5065758,2010-01-01,291.7468541393541,284.02439157146296,"{""geodesic"":false,""type"":""Point"",""coordinates"":[-121.42819647910912,35.94316656936927]}"
4_000000000000000000ba_0,69.18459609336952,591.0,0.7044612883619439,BS316,0.0,2011-01-01,2.5065758,2010-01-01,291.7468541393541,284.02439157146296,"{""geodesic"":false,""type"":""Point"",""coordinates"":[-121.43978474627426,35.940471623516906]}"
4_000000000000000000bb_0,57.05215687579857,544.0,0.770858985755797,BS317,0.0,2011-01-01,2.5065758,2010-01-01,291.7468541393541,284.02439157146296,"{""geodesic"":false,""type"":""Point"",""coordinates"":[-121.4446356488085,35.94181909644309]}"
4_000000000000000000bc_0,57.833763246103786,1007.0,0.7211214111930299,BS320,0.0,2011-01-01,2.5275424,2010-01-01,291.73946529022635,282.7566217709894,"{""geodesic"":false,""type"":""Point"",""coordinates"":[-121.42280658740441,35.9501734285854]}"
4_000000000000000000bd_0,22.305940421019283,928.0,0.7375806464910686,BS321,0.0,2011-01-01,2.5065758,2010-01-01,291.7468541393541,284.02439157146296,"{""geodesic"":false,""type"":""Point"",""coordinates"":[-121.42523203867152,35.938046172249784]}"
4_000000000000000000be_0,30.30324865283448,954.0,0.6915391216731384,BS322,0.0,2011-01-01,2.5065758,2010-01-01,291.7468541393541,284.02439157146296,"{""geodesic"":false,""type"":""Point"",""coordinates"":[-121.42900496286482,35.93346476430078]}"
4_000000000000000000bf_0,37.04426252171239,816.0,0.6885319451540028,BS323,0.0,2011-01-01,2.5065758,2010-01-01,291.7468541393541,284.02439157146296,"{""geodesic"":false,""type"":""Point"",""coordinates"":[-121.43116091954671,35.923762959232285]}"
4_000000000000000000c0_0,35.48590025496653,766.0,0.6505051852113045,BS324,0.0,2011-01-01,2.5065758,2010-01-01,291.7468541393541,284.02439157146296,"{""geodesic"":false,""type"":""Point"",""coordinates"":[-121.43223889788766,35.9186425621128]}"
4_000000000000000000c1_0,37.3783640918869,730.0,0.6954037054795863,BS326,0.0,2011-01-01,2.5065758,2010-01-01,291.7468541393541,284.02439157146296,"{""geodesic"":false,""type"":""Point"",""coordinates"":[-121.43062193037625,35.913522164993324]}"
4_000000000000000000c2_0,48.04817320119323,449.0,0.7806070506837796,BS328,0.0,2011-01-01,2.6634314,2010-01-01,291.7468541393541,284.02439157146296,"{""geodesic"":false,""type"":""Point"",""coordinates"":[-121.43439485456955,35.89034563066304]}"
4_000000000000000000c3_0,33.36175719316728,602.0,0.7150691672681136,BS330,0.0,2011-01-01,2.6634314,2010-01-01,291.7468541393541,284.02439157146296,"{""geodesic"":false,""type"":""Point"",""coordinates"":[-121.4287354682796,35.88145230935026]}"
4_000000000000000000c4_0,33.859288675569644,758.0,0.7465156804384341,BS331,0.0,2011-01-01,2.6634314,2010-01-01,291.7468541393541,284.02439157146296,"{""geodesic"":false,""type"":""Point"",""coordinates"":[-121.41876416862587,35.88414725520261]}"
4_000000000000000000c5_0,57.13334156495976,835.0,0.7672767104254264,BS333,0.0,2011-01-01,2.6634314,2010-01-01,291.7468541393541,284.02439157146296,"{""geodesic"":false,""type"":""Point"",""coordinates"":[-121.40178600975601,35.88818967398115]}"
4_000000000000000000c6_0,67.7876059639134,972.0,0.7584474281936504,BS334,0.0,2011-01-01,2.6142142,2010-01-01,291.7468541393541,284.02439157146296,"{""geodesic"":false,""type"":""Point"",""coordinates"":[-121.3875027967385,35.890884619833514]}"
4_000000000000000000c7_0,45.771684510229775,935.0,0.7995685494673139,BS335,0.0,2011-01-01,2.6142142,2010-01-01,291.7468541393541,284.02439157146296,"{""geodesic"":false,""type"":""Point"",""coordinates"":[-121.3791484645962,35.89223209275969]}"
4_000000000000000000c8_0,52.718852476714254,606.0,0.708471577917716,BS338,0.0,2011-01-01,2.6142142,2010-01-01,291.7468541393541,284.02439157146296,"{""geodesic"":false,""type"":""Point"",""coordinates"":[-121.3942401613694,35.87094202052606]}"
4_000000000000000000c9_0,29.660182904879402,503.0,0.7439074972807553,BS355,0.0,2011-01-01,3.8341808,2010-01-01,288.60200851649455,282.6973473117776,"{""geodesic"":false,""type"":""Point"",""coordinates"":[-121.78824124498422,36.33393371796126]}"
4_000000000000000000ca_0,60.561433210926246,807.0,0.6120372218938115,BS358,0.0,2011-01-01,3.8341808,2010-01-01,288.60200851649455,282.6973473117776,"{""geodesic"":false,""type"":""Point"",""coordinates"":[-121.78608528830233,36.3455219851264]}"
4_000000000000000000cb_0,64.77934924705379,736.0,0.6753048185926057,BS359,0.0,2011-01-01,3.259477,2010-01-01,288.7029239602285,281.83168038146135,"{""geodesic"":false,""type"":""Point"",""coordinates"":[-121.79039720166611,36.35037288766065]}"
4_000000000000000000cc_0,56.396696852110935,936.0,0.5506358115784759,BS360,0.0,2011-01-01,3.259477,2010-01-01,288.7029239602285,281.83168038146135,"{""geodesic"":false,""type"":""Point"",""coordinates"":[-121.79120568542182,36.355762779365364]}"
4_000000000000000000cd_0,47.83822715470094,1015.0,0.6287688074552453,BS365,0.0,2011-01-01,3.7576447,2010-01-01,289.3550481508856,283.0884634775658,"{""geodesic"":false,""type"":""Point"",""coordinates"":[-121.68610279717983,36.22290194884409]}"
4_000000000000000000ce_0,27.470864438865107,665.0,0.6385498496265568,BS372,0.0,2011-01-01,4.3541784,2010-01-01,289.3550481508856,283.0884634775658,"{""geodesic"":false,""type"":""Point"",""coordinates"":[-121.73568980086323,36.22290194884409]}"
4_000000000000000000cf_0,65.6099582965882,783.0,0.560649955710071,BS373,0.0,2011-01-01,4.3541784,2010-01-01,289.3550481508856,283.0884634775658,"{""geodesic"":false,""type"":""Point"",""coordinates"":[-121.7362287900337,36.228022345963566]}"
4_000000000000000000d1_0,70.8712880101919,371.0,0.7510066172928567,BS378,0.0,2011-01-01,4.3541784,2010-01-01,289.3550481508856,283.0884634775658,"{""geodesic"":false,""type"":""Point"",""coordinates"":[-121.74566110051695,36.219668013821256]}"
4_000000000000000000d2_0,52.13619923014394,746.0,0.4744594948574651,BS379,0.0,2011-01-01,4.3541784,2010-01-01,289.3550481508856,283.0884634775658,"{""geodesic"":false,""type"":""Point"",""coordinates"":[-121.73973221964177,36.23098678640116]}"
4_000000000000000000d8_0,47.28599501129951,371.0,0.7590544836473818,BS390,0.0,2011-01-01,3.8341808,2010-01-01,288.60200851649455,282.6973473117776,"{""geodesic"":false,""type"":""Point"",""coordinates"":[-121.79470911502989,36.333394728790786]}"
4_000000000000000000dd_0,25.565449744334305,878.0,0.7643137147956095,BS399,0.0,2011-01-01,2.5065758,2010-01-01,291.7468541393541,284.02439157146296,"{""geodesic"":false,""type"":""Point"",""coordinates"":[-121.42361507116011,35.93076981844842]}"
4_000000000000000000de_0,83.87048241243005,878.0,0.5411210426074894,BS405,0.0,2011-01-01,2.6657913,2010-01-01,290.8962403597897,283.21172719459014,"{""geodesic"":false,""type"":""Point"",""coordinates"":[-121.535455324033,36.04476602800319]}"
4_000000000000000000e1_0,31.81618357823576,263.0,0.8027905946109264,BS412,0.0,2011-01-01,2.5065758,2010-01-01,291.7468541393541,284.02439157146296,"{""geodesic"":false,""type"":""Point"",""coordinates"":[-121.41849467404063,35.90408985451007]}"
4_000000000000000000e2_0,33.01255560683381,628.0,0.6646512869973253,BS413,0.0,2011-01-01,2.5521412,2010-01-01,292.28642381641964,283.95494108853273,"{""geodesic"":false,""type"":""Point"",""coordinates"":[-121.33360387969134,35.806263320069455]}"
4_000000000000000000e5_0,104.60494450680304,597.0,0.6300809151884198,BS420,0.0,2011-01-01,2.464868,2010-01-01,290.8962403597897,283.21172719459014,"{""geodesic"":false,""type"":""Point"",""coordinates"":[-121.49071922288384,36.02374545035479]}"
4_000000000000000000e6_0,24.784399126150586,133.0,0.78701055419134,BS423,0.0,2011-01-01,2.6657913,2010-01-01,290.8962403597897,283.21172719459014,"{""geodesic"":false,""type"":""Point"",""coordinates"":[-121.52144160560073,36.01566061279771]}"
4_000000000000000000e7_0,77.17030599002406,1336.0,0.6830219017472136,BS425,0.0,2011-01-01,2.5576444,2010-01-01,290.37203306433275,282.3494574977927,"{""geodesic"":false,""type"":""Point"",""coordinates"":[-121.49880406044092,36.05500682224215]}"
4_000000000000000000e8_0,26.27093415046479,268.0,0.7781504489574002,BS426,0.0,2011-01-01,2.6657913,2010-01-01,290.8962403597897,283.21172719459014,"{""geodesic"":false,""type"":""Point"",""coordinates"":[-121.52817897023162,36.018894547820544]}"
4_000000000000000000e9_0,67.09754351589521,531.0,0.7576018957427849,BS427,0.0,2011-01-01,3.4250493,2010-01-01,288.7029239602285,281.83168038146135,"{""geodesic"":false,""type"":""Point"",""coordinates"":[-121.83459431364479,36.37193245447951]}"
4_000000000000000000ea_0,48.70155833008658,379.0,0.7495598219746552,BS429,0.0,2011-01-01,2.3747318,2010-01-01,288.42243727592574,283.0966416868445,"{""geodesic"":false,""type"":""Point"",""coordinates"":[-121.85184196709989,36.47245393477249]}"
4_000000000000000000eb_0,75.77359835341571,524.0,0.7357199988474359,BS430,0.0,2011-01-01,2.5272124,2010-01-01,289.32391428490206,282.1715079529645,"{""geodesic"":false,""type"":""Point"",""coordinates"":[-121.81087879014403,36.46625555931207]}"
4_000000000000000000ec_0,35.33378722719035,808.0,0.7733598830004536,BS431,0.0,2011-01-01,2.3747318,2010-01-01,288.42243727592574,283.0966416868445,"{""geodesic"":false,""type"":""Point"",""coordinates"":[-121.86100478299791,36.45008588419791]}"
4_000000000000000000ed_0,24.636103521753135,385.0,0.7742623385027003,BS433,0.0,2011-01-01,3.992313,2010-01-01,288.60200851649455,282.6973473117776,"{""geodesic"":false,""type"":""Point"",""coordinates"":[-121.80737536053597,36.347677941808286]}"
4_000000000000000000ee_0,21.604696204532736,875.0,0.8196634246551254,BS434,0.0,2011-01-01,2.3747318,2010-01-01,288.42243727592574,283.0966416868445,"{""geodesic"":false,""type"":""Point"",""coordinates"":[-121.85103348334418,36.45089436795362]}"
4_000000000000000000ef_0,39.268834788084575,1045.0,0.5014346631163721,BS436,0.0,2011-01-01,3.3090494,2010-01-01,288.97782333583046,281.52018110719445,"{""geodesic"":false,""type"":""Point"",""coordinates"":[-121.72140658784573,36.3417490609331]}"
4_000000000000000000f0_0,43.70688818712071,367.0,0.7465283741545273,BS438,0.0,2011-01-01,3.992313,2010-01-01,288.60200851649455,282.6973473117776,"{""geodesic"":false,""type"":""Point"",""coordinates"":[-121.80872283346216,36.34228805010357]}"
4_000000000000000000f1_0,28.612333028059528,109.0,0.7435394329581873,BS457,0.0,2011-01-01,3.9577448,2010-01-01,289.3550481508856,283.0884634775658,"{""geodesic"":false,""type"":""Point"",""coordinates"":[-121.6925706672255,36.17870483686541]}"
4_000000000000000000f4_0,23.284337364348016,438.0,0.7287679928166223,BS468,0.0,2011-01-01,2.5272124,2010-01-01,289.32391428490206,282.1715079529645,"{""geodesic"":false,""type"":""Point"",""coordinates"":[-121.8467215699804,36.48512018027858]}"
4_000000000000000000f5_0,54.65055942387618,579.0,0.7621190193624593,BS469,0.0,2011-01-01,2.3747318,2010-01-01,288.42243727592574,283.0966416868445,"{""geodesic"":false,""type"":""Point"",""coordinates"":[-121.85830983714554,36.45574527048787]}"
4_000000000000000000f6_0,53.95390143530521,737.0,0.7403191120446285,BS470,0.0,2011-01-01,2.3747318,2010-01-01,288.42243727592574,283.0966416868445,"{""geodesic"":false,""type"":""Point"",""coordinates"":[-121.85291994544083,36.45628425965834]}"
4_000000000000000000f7_0,74.1305086704937,290.0,0.6690708450361325,BS474,0.0,2011-01-01,2.5570524,2010-01-01,290.8962403597897,283.21172719459014,"{""geodesic"":false,""type"":""Point"",""coordinates"":[-121.46727319396832,35.990328121785545]}"
4_000000000000000000f8_0,118.97257747887063,972.0,0.5510405161439953,BS478,0.0,2011-01-01,2.5275424,2010-01-01,291.73946529022635,282.7566217709894,"{""geodesic"":false,""type"":""Point"",""coordinates"":[-121.4333168762286,35.99437054056408]}"
4_000000000000000000f9_0,33.69026083763123,507.0,0.7030065200661364,BS486,0.0,2011-01-01,2.5570524,2010-01-01,290.8962403597897,283.21172719459014,"{""geodesic"":false,""type"":""Point"",""coordinates"":[-121.46835117230926,35.95367685819347]}"
4_000000000000000000fb_0,50.18722384590367,836.0,0.76053424790873,BS499,0.0,2011-01-01,2.6634314,2010-01-01,291.7468541393541,284.02439157146296,"{""geodesic"":false,""type"":""Point"",""coordinates"":[-121.4077148906312,35.88738119022545]}"
4_000000000000000000fc_0,22.841462907222898,677.0,0.7420902910417994,BS504,0.0,2011-01-01,2.6142142,2010-01-01,291.7468541393541,284.02439157146296,"{""geodesic"":false,""type"":""Point"",""coordinates"":[-121.38911976424993,35.874175955548885]}"
4_000000000000000000fe_0,38.45314014093392,706.0,0.8061458663029911,BS518,0.0,2011-01-01,3.4250493,2010-01-01,288.7029239602285,281.83168038146135,"{""geodesic"":false,""type"":""Point"",""coordinates"":[-121.83109088403673,36.38432920540036]}"
4_000000000000000000ff_0,51.85631317970392,538.0,0.7537414890146411,BS519,0.0,2011-01-01,3.4250493,2010-01-01,288.7029239602285,281.83168038146135,"{""geodesic"":false,""type"":""Point"",""coordinates"":[-121.83944521617903,36.38352072164466]}"
4_00000000000000000101_0,60.03063460705191,581.0,0.6481895688150218,BS521,0.0,2011-01-01,3.9577448,2010-01-01,289.3550481508856,283.0884634775658,"{""geodesic"":false,""type"":""Point"",""coordinates"":[-121.69526561307785,36.19837794158762]}"
4_00000000000000000102_0,28.985062666390945,562.0,0.7842713582405466,BS600,0.0,2011-01-01,3.4250493,2010-01-01,288.7029239602285,281.83168038146135,"{""geodesic"":false,""type"":""Point"",""coordinates"":[-121.8219280681387,36.3598051981439]}"
4_00000000000000000103_0,43.82257351401954,638.0,0.7729717493288358,BS601,0.0,2011-01-01,3.4250493,2010-01-01,288.7029239602285,281.83168038146135,"{""geodesic"":false,""type"":""Point"",""coordinates"":[-121.83324684071862,36.35926620897343]}"
4_00000000000000000104_0,25.845769553206484,518.0,0.7938110885999912,BS603,0.0,2011-01-01,3.4250493,2010-01-01,288.7029239602285,281.83168038146135,"{""geodesic"":false,""type"":""Point"",""coordinates"":[-121.84079268910521,36.366273068189564]}"
4_00000000000000000105_0,34.94136092700922,565.0,0.7897292135147552,BS604,0.0,2011-01-01,3.4250493,2010-01-01,288.7029239602285,281.83168038146135,"{""geodesic"":false,""type"":""Point"",""coordinates"":[-121.84887752666229,36.367890035700974]}"
4_00000000000000000107_0,74.66218943947489,1022.0,0.5440366775519704,BS607,0.0,2011-01-01,3.155743,2010-01-01,289.56358646758616,281.96044027250105,"{""geodesic"":false,""type"":""Point"",""coordinates"":[-121.59151019776205,36.15013841083041]}"
4_00000000000000000108_0,91.82258681079641,257.0,0.6535469761396673,BS610,0.0,2011-01-01,3.9577448,2010-01-01,289.3550481508856,283.0884634775658,"{""geodesic"":false,""type"":""Point"",""coordinates"":[-121.66292626284955,36.16253516175126]}"
4_00000000000000000109_0,85.49403459812063,417.0,0.7021145691771385,BS611,0.0,2011-01-01,3.9577448,2010-01-01,289.3550481508856,283.0884634775658,"{""geodesic"":false,""type"":""Point"",""coordinates"":[-121.66454323036096,36.17304545057545]}"
4_0000000000000000010a_0,34.956919220695134,455.0,0.7425529704933287,BS612,0.0,2011-01-01,3.9577448,2010-01-01,289.3550481508856,283.0884634775658,"{""geodesic"":false,""type"":""Point"",""coordinates"":[-121.66993312206569,36.17277595599022]}"
4_0000000000000000010b_0,34.40712728118807,318.0,0.7529105943266164,BS613,0.0,2011-01-01,3.9577448,2010-01-01,289.3550481508856,283.0884634775658,"{""geodesic"":false,""type"":""Point"",""coordinates"":[-121.6693941328952,36.165769096774085]}"
4_0000000000000000010c_0,55.95395373729896,320.0,0.7427340335273013,BS620,0.0,2011-01-01,3.9577448,2010-01-01,289.3550481508856,283.0884634775658,"{""geodesic"":false,""type"":""Point"",""coordinates"":[-121.6933791509812,36.184364223155356]}"
4_0000000000000000010d_0,99.56547167990757,262.0,0.7166667741318039,BS621,0.0,2011-01-01,4.3541784,2010-01-01,289.3550481508856,283.0884634775658,"{""geodesic"":false,""type"":""Point"",""coordinates"":[-121.74862554095455,36.21805104630984]}"
4_00000000000000000113_0,30.619705657501378,151.0,0.7760559505299617,BS627,0.0,2011-01-01,4.5389395,2010-01-01,288.60200851649455,282.6973473117776,"{""geodesic"":false,""type"":""Point"",""coordinates"":[-121.80279395258697,36.27087198501607]}"
4_00000000000000000114_0,33.22890327447265,97.0,0.7677630298730368,BS628,0.0,2011-01-01,4.5389395,2010-01-01,288.60200851649455,282.6973473117776,"{""geodesic"":false,""type"":""Point"",""coordinates"":[-121.80629738219503,36.269255017504655]}"
4_00000000000000000115_0,48.808124892413154,405.0,0.7431163838087573,BS629,0.0,2011-01-01,3.9577448,2010-01-01,289.3550481508856,283.0884634775658,"{""geodesic"":false,""type"":""Point"",""coordinates"":[-121.69526561307785,36.18813714734866]}"
4_00000000000000000116_0,47.45427797717205,552.0,0.7241550257284094,BS632,0.0,2011-01-01,3.992313,2010-01-01,288.60200851649455,282.6973473117776,"{""geodesic"":false,""type"":""Point"",""coordinates"":[-121.80036850131984,36.325040396648475]}"
4_00000000000000000117_0,42.25428219907682,639.0,0.7231648976611743,BS633,0.0,2011-01-01,3.992313,2010-01-01,288.60200851649455,282.6973473117776,"{""geodesic"":false,""type"":""Point"",""coordinates"":[-121.80063799590508,36.32261494538135]}"
5_00000000000000000000_0,67.96712169522368,381.0,0.7951175082371439,BS002,0.0,2012-01-01,1.8563606,2011-01-01,291.88190165480523,283.8722165460456,"{""geodesic"":false,""type"":""Point"",""coordinates"":[-121.3875027967385,35.85611981833809]}"
5_00000000000000000001_0,64.96819603693982,405.0,0.7802479508381537,BS003,0.0,2012-01-01,1.8563606,2011-01-01,291.88190165480523,283.8722165460456,"{""geodesic"":false,""type"":""Point"",""coordinates"":[-121.39208420468752,35.85072992663337]}"
5_00000000000000000002_0,55.93149368586855,790.0,0.7645024947941836,BS004,0.0,2012-01-01,1.8563606,2011-01-01,291.88190165480523,283.8722165460456,"{""geodesic"":false,""type"":""Point"",""coordinates"":[-121.36675171367534,35.85854526960521]}"
5_00000000000000000003_0,57.266921096337185,851.0,0.7827461052995002,BS005,0.0,2012-01-01,1.8563606,2011-01-01,291.88190165480523,283.8722165460456,"{""geodesic"":false,""type"":""Point"",""coordinates"":[-121.36028384362969,35.85881476419044]}"
5_00000000000000000004_0,48.23712742603138,820.0,0.8098640381958018,BS006,0.0,2012-01-01,1.8563606,2011-01-01,291.88190165480523,283.8722165460456,"{""geodesic"":false,""type"":""Point"",""coordinates"":[-121.35381597358402,35.86043173170186]}"
5_00000000000000000005_0,19.835649335403826,883.0,0.7255953316115523,BS007,0.0,2012-01-01,1.8450794,2011-01-01,292.8608101622699,282.7584394063035,"{""geodesic"":false,""type"":""Point"",""coordinates"":[-121.33926326598129,35.857736785849504]}"
5_00000000000000000006_0,18.390781090554682,509.0,0.6313380125879037,BS011,0.0,2012-01-01,1.8340336,2011-01-01,292.1191800888271,284.2331102345088,"{""geodesic"":false,""type"":""Point"",""coordinates"":[-121.37133312162436,35.8291703598145]}"
5_00000000000000000007_0,40.2040824929868,359.0,0.7706062390325616,BS012,0.0,2012-01-01,1.8340336,2011-01-01,292.1191800888271,284.2331102345088,"{""geodesic"":false,""type"":""Point"",""coordinates"":[-121.37160261620959,35.82324147893931]}"
5_00000000000000000008_0,68.56837551188298,351.0,0.7803511397373695,BS015,0.0,2012-01-01,1.7689792,2011-01-01,292.4378905413902,283.74027421507117,"{""geodesic"":false,""type"":""Point"",""coordinates"":[-121.34303619017459,35.8253974356212]}"
5_00000000000000000009_0,67.60022984696188,453.0,0.8301067423740465,BS016,0.0,2012-01-01,1.7689792,2011-01-01,292.4378905413902,283.74027421507117,"{""geodesic"":false,""type"":""Point"",""coordinates"":[-121.33764629846988,35.82566693020643]}"
5_0000000000000000000a_0,54.03872928638993,518.0,0.8194123643745356,BS017,0.0,2012-01-01,1.7689792,2011-01-01,292.4378905413902,283.74027421507117,"{""geodesic"":false,""type"":""Point"",""coordinates"":[-121.33225640676515,35.82512794103596]}"
5_0000000000000000000b_0,32.66207576719358,611.0,0.8651349036373802,BS018,0.0,2012-01-01,1.7689792,2011-01-01,292.4378905413902,283.74027421507117,"{""geodesic"":false,""type"":""Point"",""coordinates"":[-121.32848348257185,35.82351097352455]}"
5_0000000000000000000c_0,75.90504412605273,466.0,0.805153175684037,BS019,0.0,2012-01-01,1.7689792,2011-01-01,292.4378905413902,283.74027421507117,"{""geodesic"":false,""type"":""Point"",""coordinates"":[-121.34249720100412,35.82970934898497]}"
5_0000000000000000000d_0,44.28048135659778,400.0,0.7820840389859586,BS020,0.0,2012-01-01,1.7689792,2011-01-01,292.4378905413902,283.74027421507117,"{""geodesic"":false,""type"":""Point"",""coordinates"":[-121.3408802334927,35.83375176776351]}"
5_0000000000000000000e_0,39.82327084422887,639.0,0.8222144961121624,BS022,0.0,2012-01-01,1.7689792,2011-01-01,292.4378905413902,283.74027421507117,"{""geodesic"":false,""type"":""Point"",""coordinates"":[-121.3379157930551,35.84426205658771]}"
5_0000000000000000000f_0,26.828076411398694,233.0,0.8225393793084071,BS026,0.0,2012-01-01,1.860177,2011-01-01,291.88190165480523,283.8722165460456,"{""geodesic"":false,""type"":""Point"",""coordinates"":[-121.42550153325676,35.90166440324295]}"
5_00000000000000000010_0,58.244630854338766,186.0,0.7845475019873427,BS027,0.0,2012-01-01,1.7842113,2011-01-01,291.88190165480523,283.8722165460456,"{""geodesic"":false,""type"":""Point"",""coordinates"":[-121.43089142496147,35.89789147904964]}"
5_00000000000000000011_0,21.04954453672774,317.0,0.7988083128686813,BS032,0.0,2012-01-01,1.8157187,2011-01-01,292.4378905413902,283.74027421507117,"{""geodesic"":false,""type"":""Point"",""coordinates"":[-121.3379157930551,35.797908987927144]}"
5_00000000000000000012_0,69.26827015412643,648.0,0.7113869866669639,BS034,0.0,2012-01-01,1.7689792,2011-01-01,292.4378905413902,283.74027421507117,"{""geodesic"":false,""type"":""Point"",""coordinates"":[-121.32686651506043,35.800064944609026]}"
5_00000000000000000013_0,20.582548671909166,390.0,0.7915846134415571,BS035,0.0,2012-01-01,1.8157187,2011-01-01,292.4378905413902,283.74027421507117,"{""geodesic"":false,""type"":""Point"",""coordinates"":[-121.31985965584431,35.789824150370066]}"
5_00000000000000000015_0,77.98251764957304,726.0,0.585646692294799,BS044,0.0,2012-01-01,1.9878824,2011-01-01,291.0473502381207,283.06827058138913,"{""geodesic"":false,""type"":""Point"",""coordinates"":[-121.51712969223695,36.031560793326626]}"
5_00000000000000000016_0,30.59937474295481,517.0,0.7607421807702925,BS045,0.0,2012-01-01,1.9878824,2011-01-01,291.0473502381207,283.06827058138913,"{""geodesic"":false,""type"":""Point"",""coordinates"":[-121.50634990882752,36.02886584747427]}"
5_00000000000000000017_0,88.9961825708461,584.0,0.7228357398436874,BS046,0.0,2012-01-01,1.9878824,2011-01-01,291.0473502381207,283.06827058138913,"{""geodesic"":false,""type"":""Point"",""coordinates"":[-121.5047329413161,36.023475955769555]}"
5_00000000000000000018_0,28.038817642956104,690.0,0.6956396919333505,BS047,0.0,2012-01-01,1.8170693,2011-01-01,291.0473502381207,283.06827058138913,"{""geodesic"":false,""type"":""Point"",""coordinates"":[-121.49988203878186,36.02805736371856]}"
5_00000000000000000019_0,55.54363145846856,527.0,0.7404106526224187,BS048,0.0,2012-01-01,1.8170693,2011-01-01,291.0473502381207,283.06827058138913,"{""geodesic"":false,""type"":""Point"",""coordinates"":[-121.4904497282986,36.02859635288903]}"
5_0000000000000000001a_0,51.840998347998244,721.0,0.7493269431256823,BS050,0.0,2012-01-01,1.8170693,2011-01-01,291.0473502381207,283.06827058138913,"{""geodesic"":false,""type"":""Point"",""coordinates"":[-121.47966994488917,36.03290826625281]}"
5_0000000000000000001b_0,59.35168970067821,575.0,0.7447532914150401,BS052,0.0,2012-01-01,1.9878824,2011-01-01,291.0473502381207,283.06827058138913,"{""geodesic"":false,""type"":""Point"",""coordinates"":[-121.50122951170803,36.01323516153059]}"
5_0000000000000000001c_0,116.0379092464553,380.0,0.6549884211830307,BS053,0.0,2012-01-01,1.9878824,2011-01-01,291.0473502381207,283.06827058138913,"{""geodesic"":false,""type"":""Point"",""coordinates"":[-121.50661940341276,36.01242667777488]}"
5_0000000000000000001d_0,72.49384041859729,573.0,0.6876696345840898,BS054,0.0,2012-01-01,1.8157187,2011-01-01,292.4378905413902,283.74027421507117,"{""geodesic"":false,""type"":""Point"",""coordinates"":[-121.31339178579864,35.78685970993247]}"
5_0000000000000000001e_0,56.60745478085331,599.0,0.7287054853606482,BS057,0.0,2012-01-01,1.9878824,2011-01-01,291.0473502381207,283.06827058138913,"{""geodesic"":false,""type"":""Point"",""coordinates"":[-121.51173980053224,36.029135342059504]}"
5_0000000000000000001f_0,40.7459341175447,767.0,0.7859009267898092,BS058,0.0,2012-01-01,2.1653907,2011-01-01,290.54122494214204,282.21586320432897,"{""geodesic"":false,""type"":""Point"",""coordinates"":[-121.54677409661289,36.06012721936163]}"
5_00000000000000000020_0,25.957783438614168,661.0,0.794624804282649,BS059,0.0,2012-01-01,2.1653907,2011-01-01,290.54122494214204,282.21586320432897,"{""geodesic"":false,""type"":""Point"",""coordinates"":[-121.54650460202767,36.056623789753566]}"
5_00000000000000000021_0,26.45715284775763,646.0,0.7701303635657627,BS060,0.0,2012-01-01,2.1653907,2011-01-01,290.54122494214204,282.21586320432897,"{""geodesic"":false,""type"":""Point"",""coordinates"":[-121.5438096561753,36.05258137097503]}"
5_00000000000000000022_0,21.307719025704035,612.0,0.7282314073210278,BS062,0.0,2012-01-01,1.9878824,2011-01-01,291.0473502381207,283.06827058138913,"{""geodesic"":false,""type"":""Point"",""coordinates"":[-121.54973853705049,36.03398624459375]}"
5_00000000000000000023_0,22.3913645317124,651.0,0.7818740333237609,BS063,0.0,2012-01-01,1.9878824,2011-01-01,291.0473502381207,283.06827058138913,"{""geodesic"":false,""type"":""Point"",""coordinates"":[-121.53788077530011,36.035603212105165]}"
5_00000000000000000024_0,30.191180436039872,746.0,0.7778801567464059,BS066,0.0,2012-01-01,1.9878824,2011-01-01,291.0473502381207,283.06827058138913,"{""geodesic"":false,""type"":""Point"",""coordinates"":[-121.53356886193635,36.03722017961658]}"
5_00000000000000000026_0,17.284804362764852,705.0,0.7492460470525437,BS071,0.0,2012-01-01,1.9878824,2011-01-01,291.0473502381207,283.06827058138913,"{""geodesic"":false,""type"":""Point"",""coordinates"":[-121.54515712910148,36.037759168787055]}"
5_00000000000000000029_0,22.228839222086847,581.0,0.837989747829099,BS076,0.0,2012-01-01,2.1988475,2011-01-01,288.7525358435226,281.694896833864,"{""geodesic"":false,""type"":""Point"",""coordinates"":[-121.8219280681387,36.361961154825785]}"
5_0000000000000000002a_0,23.430268332747968,607.0,0.8119421376547713,BS077,0.0,2012-01-01,2.1988475,2011-01-01,288.7525358435226,281.694896833864,"{""geodesic"":false,""type"":""Point"",""coordinates"":[-121.81896362770111,36.35926620897343]}"
5_0000000000000000002b_0,67.9741616106104,626.0,0.7560130972947691,BS078,0.0,2012-01-01,2.1988475,2011-01-01,288.7525358435226,281.694896833864,"{""geodesic"":false,""type"":""Point"",""coordinates"":[-121.81599918726351,36.35549328478013]}"
5_0000000000000000002c_0,29.243881640531644,745.0,0.7803147620058404,BS079,0.0,2012-01-01,2.1988475,2011-01-01,288.7525358435226,281.694896833864,"{""geodesic"":false,""type"":""Point"",""coordinates"":[-121.81249575765546,36.35953570355866]}"
5_0000000000000000002d_0,44.022336724999995,867.0,0.8047792757193705,BS080,0.0,2012-01-01,2.1988475,2011-01-01,288.7525358435226,281.694896833864,"{""geodesic"":false,""type"":""Point"",""coordinates"":[-121.80441092009838,36.36061368189961]}"
5_0000000000000000002e_0,34.19516824753105,316.0,0.7934759455797141,BS081,0.0,2012-01-01,2.1988475,2011-01-01,288.7525358435226,281.694896833864,"{""geodesic"":false,""type"":""Point"",""coordinates"":[-121.84429611871329,36.37193245447951]}"
5_00000000000000000034_0,27.275428593550156,1009.0,0.6722566187897309,BS088,0.0,2012-01-01,2.0165498,2011-01-01,288.7525358435226,281.694896833864,"{""geodesic"":false,""type"":""Point"",""coordinates"":[-121.7963260825413,36.3598051981439]}"
5_00000000000000000035_0,21.56843546590551,1058.0,0.7860878760267122,BS089,0.0,2012-01-01,2.0165498,2011-01-01,288.7525358435226,281.694896833864,"{""geodesic"":false,""type"":""Point"",""coordinates"":[-121.7963260825413,36.3665425627748]}"
5_00000000000000000036_0,23.971099222222225,952.0,0.7682790929912192,BS090,0.0,2012-01-01,2.0165498,2011-01-01,288.7525358435226,281.694896833864,"{""geodesic"":false,""type"":""Point"",""coordinates"":[-121.79659557712654,36.37085447613857]}"
5_00000000000000000037_0,30.88793486545944,929.0,0.834485576772866,BS092,0.0,2012-01-01,2.1988475,2011-01-01,288.7525358435226,281.694896833864,"{""geodesic"":false,""type"":""Point"",""coordinates"":[-121.80414142551314,36.37489689491711]}"
5_00000000000000000038_0,62.215468208590316,785.0,0.7703386333493843,BS094,0.0,2012-01-01,1.475847,2011-01-01,288.407361592332,282.9209751494943,"{""geodesic"":false,""type"":""Point"",""coordinates"":[-121.87259305016305,36.45817072175499]}"
5_0000000000000000003a_0,60.867277380209,521.0,0.7538501901429626,BS102,0.0,2012-01-01,2.1988475,2011-01-01,288.7525358435226,281.694896833864,"{""geodesic"":false,""type"":""Point"",""coordinates"":[-121.84240965661662,36.38055628120706]}"
5_0000000000000000003b_0,57.730372996064254,504.0,0.7493524729275879,BS103,0.0,2012-01-01,2.1988475,2011-01-01,288.7525358435226,281.694896833864,"{""geodesic"":false,""type"":""Point"",""coordinates"":[-121.84483510788375,36.378939313695646]}"
5_0000000000000000003d_0,73.15678752947211,889.0,0.7293629490338133,BS112,0.0,2012-01-01,2.0708196,2011-01-01,288.7525358435226,281.694896833864,"{""geodesic"":false,""type"":""Point"",""coordinates"":[-121.8429486457871,36.41774653396961]}"
5_00000000000000000040_0,31.240372523885032,932.0,0.8078732950776403,BS121,0.0,2012-01-01,2.0708196,2011-01-01,288.7525358435226,281.694896833864,"{""geodesic"":false,""type"":""Point"",""coordinates"":[-121.83944521617903,36.42178895274815]}"
5_00000000000000000041_0,85.47905874581187,766.0,0.7193305095068929,BS122,0.0,2012-01-01,2.0708196,2011-01-01,288.7525358435226,281.694896833864,"{""geodesic"":false,""type"":""Point"",""coordinates"":[-121.84429611871329,36.423944909430034]}"
5_00000000000000000042_0,66.26496809909408,338.0,0.7911140864655115,BS123,0.0,2012-01-01,1.475847,2011-01-01,288.407361592332,282.9209751494943,"{""geodesic"":false,""type"":""Point"",""coordinates"":[-121.89415261698191,36.48107776150004]}"
5_00000000000000000043_0,43.36792594213197,376.0,0.8149358257966375,BS124,0.0,2012-01-01,1.475847,2011-01-01,288.407361592332,282.9209751494943,"{""geodesic"":false,""type"":""Point"",""coordinates"":[-121.89011019820337,36.47838281564768]}"
5_00000000000000000044_0,41.683460562112465,408.0,0.8374259323289913,BS125,0.0,2012-01-01,1.475847,2011-01-01,288.407361592332,282.9209751494943,"{""geodesic"":false,""type"":""Point"",""coordinates"":[-121.88633727401007,36.4808082669148]}"
5_00000000000000000045_0,62.05316623921042,311.0,0.7435587092598165,BS126,0.0,2012-01-01,1.475847,2011-01-01,288.407361592332,282.9209751494943,"{""geodesic"":false,""type"":""Point"",""coordinates"":[-121.88013889854965,36.484311696522866]}"
5_00000000000000000046_0,37.718725469506175,393.0,0.8301338774404927,BS128,0.0,2012-01-01,1.475847,2011-01-01,288.407361592332,282.9209751494943,"{""geodesic"":false,""type"":""Point"",""coordinates"":[-121.87367102850399,36.477843826477205]}"
5_00000000000000000047_0,51.911664160245586,351.0,0.8164144762692711,BS129,0.0,2012-01-01,1.475847,2011-01-01,288.407361592332,282.9209751494943,"{""geodesic"":false,""type"":""Point"",""coordinates"":[-121.88741525235102,36.49077956656853]}"
5_00000000000000000048_0,29.13232373151149,242.0,0.8054892883385399,BS130,0.0,2012-01-01,1.475847,2011-01-01,288.407361592332,282.9209751494943,"{""geodesic"":false,""type"":""Point"",""coordinates"":[-121.88391182274296,36.49563046910277]}"
5_00000000000000000049_0,68.66866882021684,250.0,0.8057964615152956,BS131,0.0,2012-01-01,1.1278085,2011-01-01,288.407361592332,282.9209751494943,"{""geodesic"":false,""type"":""Point"",""coordinates"":[-121.88121687689059,36.500750866222255]}"
5_0000000000000000004e_0,36.77260943946205,306.0,0.8387870201382603,BS137,0.0,2012-01-01,2.436414,2011-01-01,288.3285573880966,283.6913466780153,"{""geodesic"":false,""type"":""Point"",""coordinates"":[-121.87555749060064,36.347947436393525]}"
5_0000000000000000004f_0,30.606489136007525,306.0,0.7782466501205141,BS138,0.0,2012-01-01,1.475847,2011-01-01,288.407361592332,282.9209751494943,"{""geodesic"":false,""type"":""Point"",""coordinates"":[-121.86369972885026,36.49643895285848]}"
5_00000000000000000050_0,35.67289038352548,301.0,0.7540327564553796,BS139,0.0,2012-01-01,1.475847,2011-01-01,288.407361592332,282.9209751494943,"{""geodesic"":false,""type"":""Point"",""coordinates"":[-121.86289124509456,36.49104906115377]}"
5_00000000000000000051_0,43.177034950920046,333.0,0.8400728993139577,BS140,0.0,2012-01-01,1.475847,2011-01-01,288.407361592332,282.9209751494943,"{""geodesic"":false,""type"":""Point"",""coordinates"":[-121.86720315845832,36.482425234426216]}"
5_00000000000000000052_0,64.91478866223497,297.0,0.7636909383164134,BS141,0.0,2012-01-01,1.475847,2011-01-01,288.407361592332,282.9209751494943,"{""geodesic"":false,""type"":""Point"",""coordinates"":[-121.86100478299791,36.48296422359669]}"
5_00000000000000000053_0,30.66307355822092,503.0,0.7501893118030658,BS144,0.0,2012-01-01,1.5619395,2011-01-01,289.3113392869087,281.87145916664434,"{""geodesic"":false,""type"":""Point"",""coordinates"":[-121.81761615477494,36.46841151599395]}"
5_00000000000000000054_0,66.31507008184666,722.0,0.7733035715320621,BS146,0.0,2012-01-01,1.475847,2011-01-01,288.407361592332,282.9209751494943,"{""geodesic"":false,""type"":""Point"",""coordinates"":[-121.87313203933351,36.46302162428923]}"
5_00000000000000000055_0,70.67036900499747,435.0,0.7987039036493652,BS147,0.0,2012-01-01,1.475847,2011-01-01,288.407361592332,282.9209751494943,"{""geodesic"":false,""type"":""Point"",""coordinates"":[-121.88687626318055,36.47083696726107]}"
5_00000000000000000056_0,39.339011324505854,880.0,0.8020692209962409,BS148,0.0,2012-01-01,1.475847,2011-01-01,288.407361592332,282.9209751494943,"{""geodesic"":false,""type"":""Point"",""coordinates"":[-121.87124557723686,36.453050324635505]}"
5_00000000000000000057_0,52.44413191546507,767.0,0.794557330453403,BS149,0.0,2012-01-01,1.475847,2011-01-01,288.407361592332,282.9209751494943,"{""geodesic"":false,""type"":""Point"",""coordinates"":[-121.87690496352683,36.45251133546503]}"
5_00000000000000000059_0,69.17519423750458,513.0,0.7770840403906086,BS151,0.0,2012-01-01,1.475847,2011-01-01,288.407361592332,282.9209751494943,"{""geodesic"":false,""type"":""Point"",""coordinates"":[-121.85130297792941,36.46248263511876]}"
5_0000000000000000005a_0,74.1530310259701,436.0,0.7830163486436063,BS152,0.0,2012-01-01,1.475847,2011-01-01,288.407361592332,282.9209751494943,"{""geodesic"":false,""type"":""Point"",""coordinates"":[-121.85184196709989,36.46706404306777]}"
5_0000000000000000005b_0,59.27949840714944,440.0,0.7380852031878948,BS156,0.0,2012-01-01,2.5509064,2011-01-01,288.6403970378719,282.59770984388376,"{""geodesic"":false,""type"":""Point"",""coordinates"":[-121.80306344717219,36.30725375402291]}"
5_0000000000000000005c_0,76.70645688941492,369.0,0.7264308269353381,BS157,0.0,2012-01-01,2.5509064,2011-01-01,288.6403970378719,282.59770984388376,"{""geodesic"":false,""type"":""Point"",""coordinates"":[-121.80737536053597,36.30375032441484]}"
5_0000000000000000005d_0,18.309255217382777,649.0,0.7546200569289311,BS158,0.0,2012-01-01,2.1988475,2011-01-01,288.7525358435226,281.694896833864,"{""geodesic"":false,""type"":""Point"",""coordinates"":[-121.8143822197521,36.35118137141635]}"
5_0000000000000000005e_0,36.53873602885644,294.0,0.80774178670499,BS159,0.0,2012-01-01,2.5509064,2011-01-01,288.6403970378719,282.59770984388376,"{""geodesic"":false,""type"":""Point"",""coordinates"":[-121.80225496341649,36.34067108259215]}"
5_0000000000000000005f_0,28.519504370179078,409.0,0.7671740454284882,BS160,0.0,2012-01-01,2.334599,2011-01-01,288.6403970378719,282.59770984388376,"{""geodesic"":false,""type"":""Point"",""coordinates"":[-121.79821254463795,36.32935231001225]}"
5_00000000000000000060_0,40.292238604336866,1125.0,0.45535337240260193,BS161,0.0,2012-01-01,2.0479877,2011-01-01,289.0807142701868,281.43864039590915,"{""geodesic"":false,""type"":""Point"",""coordinates"":[-121.71305225570342,36.3350116963022]}"
5_00000000000000000061_0,49.09617487662945,1102.0,0.7309642778670274,BS162,0.0,2012-01-01,2.0479877,2011-01-01,289.0807142701868,281.43864039590915,"{""geodesic"":false,""type"":""Point"",""coordinates"":[-121.71601669614101,36.34013209342169]}"
5_00000000000000000062_0,26.13718404605304,1175.0,0.5607343568862561,BS163,0.0,2012-01-01,2.0479877,2011-01-01,289.0807142701868,281.43864039590915,"{""geodesic"":false,""type"":""Point"",""coordinates"":[-121.71952012574909,36.3455219851264]}"
5_00000000000000000063_0,27.129408095529623,327.0,0.8108196014701391,BS165,0.0,2012-01-01,2.334599,2011-01-01,288.6403970378719,282.59770984388376,"{""geodesic"":false,""type"":""Point"",""coordinates"":[-121.79201416917752,36.32584888040418]}"
5_00000000000000000064_0,55.92064630779472,373.0,0.7595823041848755,BS166,0.0,2012-01-01,2.334599,2011-01-01,288.6403970378719,282.59770984388376,"{""geodesic"":false,""type"":""Point"",""coordinates"":[-121.79228366376276,36.32935231001225]}"
5_00000000000000000065_0,64.13780529975952,437.0,0.7385619658524183,BS167,0.0,2012-01-01,2.334599,2011-01-01,288.6403970378719,282.59770984388376,"{""geodesic"":false,""type"":""Point"",""coordinates"":[-121.79066669625135,36.320997977869936]}"
5_00000000000000000066_0,81.34476822636809,346.0,0.7547199510879098,BS168,0.0,2012-01-01,2.334599,2011-01-01,288.6403970378719,282.59770984388376,"{""geodesic"":false,""type"":""Point"",""coordinates"":[-121.78446832079092,36.32477090206324]}"
5_00000000000000000067_0,36.55177391499819,1111.0,0.4321525617341535,BS172,0.0,2012-01-01,1.8246635,2011-01-01,289.58757428731,279.85253881167057,"{""geodesic"":false,""type"":""Point"",""coordinates"":[-121.7429661546646,36.361961154825785]}"
5_00000000000000000068_0,28.062289609322974,522.0,0.7193896749266782,BS175,0.0,2012-01-01,2.5509064,2011-01-01,288.6403970378719,282.59770984388376,"{""geodesic"":false,""type"":""Point"",""coordinates"":[-121.80117698507554,36.314799602409515]}"
5_00000000000000000069_0,26.40943904861035,533.0,0.7550316452372314,BS176,0.0,2012-01-01,2.334599,2011-01-01,288.6403970378719,282.59770984388376,"{""geodesic"":false,""type"":""Point"",""coordinates"":[-121.79147518000705,36.30967920529003]}"
5_0000000000000000006a_0,76.81768274677961,577.0,0.7409785992648584,BS177,0.0,2012-01-01,2.334599,2011-01-01,288.6403970378719,282.59770984388376,"{""geodesic"":false,""type"":""Point"",""coordinates"":[-121.79012770708087,36.30698425943768]}"
5_0000000000000000006b_0,57.32425648797909,231.0,0.8278829555593269,BS186,0.0,2012-01-01,2.9196396,2011-01-01,288.6403970378719,282.59770984388376,"{""geodesic"":false,""type"":""Point"",""coordinates"":[-121.82731795984343,36.268985522919415]}"
5_0000000000000000006c_0,45.44300770688488,123.0,0.7357895680642396,BS187,0.0,2012-01-01,2.9196396,2011-01-01,288.6403970378719,282.59770984388376,"{""geodesic"":false,""type"":""Point"",""coordinates"":[-121.82731795984343,36.28111277925503]}"
5_0000000000000000006d_0,28.351742924721663,275.0,0.8260101529831001,BS188,0.0,2012-01-01,2.9196396,2011-01-01,288.6403970378719,282.59770984388376,"{""geodesic"":false,""type"":""Point"",""coordinates"":[-121.82300604647965,36.26413462038517]}"
5_0000000000000000006e_0,58.0677898648714,109.0,0.7607827536937806,BS190,0.0,2012-01-01,2.9196396,2011-01-01,288.6403970378719,282.59770984388376,"{""geodesic"":false,""type"":""Point"",""coordinates"":[-121.83297734613338,36.285963681789276]}"
5_0000000000000000006f_0,58.77841893473166,422.0,0.7575737793153903,BS193,0.0,2012-01-01,2.9196396,2011-01-01,288.6403970378719,282.59770984388376,"{""geodesic"":false,""type"":""Point"",""coordinates"":[-121.82839593818437,36.2988994218806]}"
5_00000000000000000070_0,87.82503184435969,437.0,0.6885773594800084,BS194,0.0,2012-01-01,2.9196396,2011-01-01,288.6403970378719,282.59770984388376,"{""geodesic"":false,""type"":""Point"",""coordinates"":[-121.82408402482059,36.29674346519871]}"
5_00000000000000000071_0,91.06908953124129,590.0,0.5267895483936499,BS195,0.0,2012-01-01,2.9196396,2011-01-01,288.6403970378719,282.59770984388376,"{""geodesic"":false,""type"":""Point"",""coordinates"":[-121.81249575765546,36.2951264976873]}"
5_00000000000000000072_0,67.48569339330479,661.0,0.6606551804981756,BS196,0.0,2012-01-01,2.9196396,2011-01-01,288.6403970378719,282.59770984388376,"{""geodesic"":false,""type"":""Point"",""coordinates"":[-121.80926182263262,36.29135357349399]}"
5_00000000000000000073_0,19.803143431313533,790.0,0.710555416055243,BS201,0.0,2012-01-01,2.1988475,2011-01-01,288.7525358435226,281.694896833864,"{""geodesic"":false,""type"":""Point"",""coordinates"":[-121.82650947608772,36.353606822683474]}"
5_00000000000000000074_0,17.07577346708569,787.0,0.5845547902301736,BS202,0.0,2012-01-01,2.1988475,2011-01-01,288.7525358435226,281.694896833864,"{""geodesic"":false,""type"":""Point"",""coordinates"":[-121.83567229198573,36.35333732809824]}"
5_00000000000000000075_0,35.14518444704098,795.0,0.8190672722249294,BS203,0.0,2012-01-01,2.1988475,2011-01-01,288.7525358435226,281.694896833864,"{""geodesic"":false,""type"":""Point"",""coordinates"":[-121.83675027032668,36.35791873604725]}"
5_00000000000000000076_0,32.198557926826844,794.0,0.8254705306738664,BS204,0.0,2012-01-01,2.1988475,2011-01-01,288.7525358435226,281.694896833864,"{""geodesic"":false,""type"":""Point"",""coordinates"":[-121.84240965661662,36.358188230632486]}"
5_00000000000000000077_0,33.44156619247108,98.0,0.7721971746169083,BS205,0.0,2012-01-01,2.9196396,2011-01-01,288.6403970378719,282.59770984388376,"{""geodesic"":false,""type"":""Point"",""coordinates"":[-121.81195676848498,36.27006350126036]}"
5_00000000000000000078_0,34.05865482232226,335.0,0.8492827863342537,BS207,0.0,2012-01-01,2.9196396,2011-01-01,288.6403970378719,282.59770984388376,"{""geodesic"":false,""type"":""Point"",""coordinates"":[-121.80252445800173,36.25712776116904]}"
5_00000000000000000080_0,64.35353304421552,375.0,0.7350464368446076,BS223,0.0,2012-01-01,2.5630898,2011-01-01,289.0807142701868,281.43864039590915,"{""geodesic"":false,""type"":""Point"",""coordinates"":[-121.74916453012503,36.250390396538144]}"
5_00000000000000000081_0,80.98435343980616,457.0,0.7071705895024589,BS224,0.0,2012-01-01,2.5630898,2011-01-01,289.0807142701868,281.43864039590915,"{""geodesic"":false,""type"":""Point"",""coordinates"":[-121.73973221964177,36.25389382614621]}"
5_00000000000000000082_0,74.11965965053442,497.0,0.7535955387314796,BS226,0.0,2012-01-01,2.982187,2011-01-01,289.3928001090272,282.9588753896217,"{""geodesic"":false,""type"":""Point"",""coordinates"":[-121.73595929544847,36.24958191278244]}"
5_00000000000000000083_0,75.05959027782515,517.0,0.6634527173886524,BS228,0.0,2012-01-01,2.982187,2011-01-01,289.3928001090272,282.9588753896217,"{""geodesic"":false,""type"":""Point"",""coordinates"":[-121.72733546872092,36.24580898858913]}"
5_00000000000000000084_0,89.83749992948793,742.0,0.6247028120186409,BS229,0.0,2012-01-01,2.982187,2011-01-01,289.3928001090272,282.9588753896217,"{""geodesic"":false,""type"":""Point"",""coordinates"":[-121.7286829416471,36.23637667810588]}"
5_00000000000000000085_0,45.27799342832946,563.0,0.722203588713409,BS230,0.0,2012-01-01,2.982187,2011-01-01,289.3928001090272,282.9588753896217,"{""geodesic"":false,""type"":""Point"",""coordinates"":[-121.72059810409003,36.24149707522536]}"
5_00000000000000000086_0,87.87329709863712,723.0,0.6570700406818258,BS232,0.0,2012-01-01,2.982187,2011-01-01,289.3928001090272,282.9588753896217,"{""geodesic"":false,""type"":""Point"",""coordinates"":[-121.74620008968743,36.23961061312871]}"
5_00000000000000000087_0,96.47213184860992,709.0,0.6387520381804145,BS233,0.0,2012-01-01,2.982187,2011-01-01,289.3928001090272,282.9588753896217,"{""geodesic"":false,""type"":""Point"",""coordinates"":[-121.74512211134649,36.2312562809864]}"
5_0000000000000000008b_0,86.75097110808407,325.0,0.6867034920864884,BS240,0.0,2012-01-01,2.982187,2011-01-01,289.3928001090272,282.9588753896217,"{""geodesic"":false,""type"":""Point"",""coordinates"":[-121.71844214740814,36.24796494527102]}"
5_0000000000000000008c_0,67.40254757226305,376.0,0.6765548396867562,BS241,0.0,2012-01-01,2.982187,2011-01-01,289.3928001090272,282.9588753896217,"{""geodesic"":false,""type"":""Point"",""coordinates"":[-121.71332175028866,36.24607848317437]}"
5_0000000000000000008d_0,42.352548434714414,442.0,0.7971758980120807,BS242,0.0,2012-01-01,2.982187,2011-01-01,289.3928001090272,282.9588753896217,"{""geodesic"":false,""type"":""Point"",""coordinates"":[-121.70173348312352,36.24715646151531]}"
5_0000000000000000008e_0,92.02100304455418,451.0,0.711631241888753,BS243,0.0,2012-01-01,2.5341654,2011-01-01,289.3928001090272,282.9588753896217,"{""geodesic"":false,""type"":""Point"",""coordinates"":[-121.6941876347369,36.248503934441494]}"
5_0000000000000000008f_0,39.93925964839867,394.0,0.7630318873436144,BS244,0.0,2012-01-01,2.4015992,2011-01-01,289.0807142701868,281.43864039590915,"{""geodesic"":false,""type"":""Point"",""coordinates"":[-121.68771976469125,36.25200736404956]}"
5_00000000000000000090_0,85.54100462540846,459.0,0.7182785676831949,BS245,0.0,2012-01-01,2.5341654,2011-01-01,289.3928001090272,282.9588753896217,"{""geodesic"":false,""type"":""Point"",""coordinates"":[-121.68125189464558,36.2493124181972]}"
5_00000000000000000091_0,32.7642154740881,528.0,0.654953780528242,BS246,0.0,2012-01-01,2.4015992,2011-01-01,289.0807142701868,281.43864039590915,"{""geodesic"":false,""type"":""Point"",""coordinates"":[-121.67720947586704,36.250390396538144]}"
5_00000000000000000092_0,25.38596079278909,604.0,0.7504645147679038,BS247,0.0,2012-01-01,2.4015992,2011-01-01,289.0807142701868,281.43864039590915,"{""geodesic"":false,""type"":""Point"",""coordinates"":[-121.67074160582139,36.2560497828281]}"
5_00000000000000000093_0,36.976657851471366,692.0,0.6579215484736035,BS248,0.0,2012-01-01,2.5341654,2011-01-01,289.3928001090272,282.9588753896217,"{""geodesic"":false,""type"":""Point"",""coordinates"":[-121.65942283324148,36.248503934441494]}"
5_00000000000000000094_0,32.94578976538807,580.0,0.7270353425968391,BS249,0.0,2012-01-01,2.5341654,2011-01-01,289.3928001090272,282.9588753896217,"{""geodesic"":false,""type"":""Point"",""coordinates"":[-121.65349395236629,36.248503934441494]}"
5_00000000000000000095_0,31.47382738272975,827.0,0.6855336731083899,BS251,0.0,2012-01-01,2.982187,2011-01-01,289.3928001090272,282.9588753896217,"{""geodesic"":false,""type"":""Point"",""coordinates"":[-121.73191687666993,36.23044779723069]}"
5_00000000000000000096_0,65.05556212021418,888.0,0.6412789374253783,BS253,0.0,2012-01-01,2.982187,2011-01-01,289.3928001090272,282.9588753896217,"{""geodesic"":false,""type"":""Point"",""coordinates"":[-121.71763366365244,36.22020700299173]}"
5_00000000000000000097_0,68.46824420000047,901.0,0.7036570247695996,BS254,0.0,2012-01-01,2.982187,2011-01-01,289.3928001090272,282.9588753896217,"{""geodesic"":false,""type"":""Point"",""coordinates"":[-121.71170478277725,36.219937508406495]}"
5_00000000000000000098_0,114.95694748086294,1127.0,0.4677494368621063,BS257,0.0,2012-01-01,2.5341654,2011-01-01,289.3928001090272,282.9588753896217,"{""geodesic"":false,""type"":""Point"",""coordinates"":[-121.67936543254893,36.20969671416753]}"
5_00000000000000000099_0,26.544223873381195,122.0,0.7234108364999927,BS259,0.0,2012-01-01,2.7245052,2011-01-01,288.6403970378719,282.59770984388376,"{""geodesic"":false,""type"":""Point"",""coordinates"":[-121.79875153380843,36.26629057706706]}"
5_0000000000000000009a_0,33.691365716171155,256.0,0.8172417045981889,BS260,0.0,2012-01-01,2.9196396,2011-01-01,288.6403970378719,282.59770984388376,"{""geodesic"":false,""type"":""Point"",""coordinates"":[-121.80521940385408,36.260900685362344]}"
5_0000000000000000009b_0,34.82003854276143,539.0,0.7380822802588859,BS262,0.0,2012-01-01,2.982187,2011-01-01,289.3928001090272,282.9588753896217,"{""geodesic"":false,""type"":""Point"",""coordinates"":[-121.71978962033431,36.23718516186159]}"
5_0000000000000000009c_0,24.097563718704276,209.0,0.7984114068917494,BS265,0.0,2012-01-01,2.9196396,2011-01-01,288.6403970378719,282.59770984388376,"{""geodesic"":false,""type"":""Point"",""coordinates"":[-121.81707716560446,36.25012090195291]}"
5_0000000000000000009e_0,24.459175018207702,854.0,0.5073351349402118,BS271,0.0,2012-01-01,2.982187,2011-01-01,289.3928001090272,282.9588753896217,"{""geodesic"":false,""type"":""Point"",""coordinates"":[-121.71224377194771,36.213200143775595]}"
5_0000000000000000009f_0,95.24226746224771,635.0,0.5456938344655767,BS272,0.0,2012-01-01,2.982187,2011-01-01,289.3928001090272,282.9588753896217,"{""geodesic"":false,""type"":""Point"",""coordinates"":[-121.7001165156121,36.20134238202522]}"
5_000000000000000000a0_0,25.602759023854386,765.0,0.710100897300357,BS273,0.0,2012-01-01,2.5341654,2011-01-01,289.3928001090272,282.9588753896217,"{""geodesic"":false,""type"":""Point"",""coordinates"":[-121.69472662390739,36.205384800803756]}"
5_000000000000000000a1_0,52.026743453050805,1154.0,0.4952049845268118,BS274,0.0,2012-01-01,2.9204583,2011-01-01,289.3928001090272,282.9588753896217,"{""geodesic"":false,""type"":""Point"",""coordinates"":[-121.65645839280388,36.18975411486008]}"
5_000000000000000000a2_0,84.90643309702354,385.0,0.7698309953257215,BS276,0.0,2012-01-01,2.9204583,2011-01-01,289.3928001090272,282.9588753896217,"{""geodesic"":false,""type"":""Point"",""coordinates"":[-121.68610279717983,36.180321804376824]}"
5_000000000000000000a3_0,66.47298742168694,271.0,0.777424767557315,BS277,0.0,2012-01-01,2.9204583,2011-01-01,289.3928001090272,282.9588753896217,"{""geodesic"":false,""type"":""Point"",""coordinates"":[-121.66616019787239,36.16630808594456]}"
5_000000000000000000a8_0,69.70184943269,617.0,0.6996467651237682,BS283,0.0,2012-01-01,2.9204583,2011-01-01,289.3928001090272,282.9588753896217,"{""geodesic"":false,""type"":""Point"",""coordinates"":[-121.68044341088988,36.180052309791584]}"
5_000000000000000000a9_0,124.51225707857083,987.0,0.5409744701066117,BS287,0.0,2012-01-01,2.5882542,2011-01-01,289.69852788219714,281.8699572001418,"{""geodesic"":false,""type"":""Point"",""coordinates"":[-121.61010532414332,36.15013841083041]}"
5_000000000000000000aa_0,53.74777095781349,400.0,0.7768187723540244,BS292,0.0,2012-01-01,1.475847,2011-01-01,288.407361592332,282.9209751494943,"{""geodesic"":false,""type"":""Point"",""coordinates"":[-121.85157247251465,36.48916259905711]}"
5_000000000000000000ab_0,44.34583709182679,307.0,0.8121637705352199,BS293,0.0,2012-01-01,1.475847,2011-01-01,288.407361592332,282.9209751494943,"{""geodesic"":false,""type"":""Point"",""coordinates"":[-121.8534589346113,36.47919129940339]}"
5_000000000000000000ac_0,50.806416946959736,489.0,0.7016484283120668,BS294,0.0,2012-01-01,1.475847,2011-01-01,288.407361592332,282.9209751494943,"{""geodesic"":false,""type"":""Point"",""coordinates"":[-121.8572318588046,36.46059617302211]}"
5_000000000000000000ad_0,78.08023469988667,205.0,0.7472489650867339,BS295,0.0,2012-01-01,1.8431883,2011-01-01,291.0473502381207,283.06827058138913,"{""geodesic"":false,""type"":""Point"",""coordinates"":[-121.49098871746908,35.99464003514932]}"
5_000000000000000000ae_0,36.98094422900733,616.0,0.7767730004112465,BS296,0.0,2012-01-01,1.8170693,2011-01-01,291.0473502381207,283.06827058138913,"{""geodesic"":false,""type"":""Point"",""coordinates"":[-121.47077662357638,36.00299436729163]}"
5_000000000000000000af_0,24.88599453949459,626.0,0.7700582942139315,BS297,0.0,2012-01-01,1.8170693,2011-01-01,291.0473502381207,283.06827058138913,"{""geodesic"":false,""type"":""Point"",""coordinates"":[-121.45622391597365,36.00110790519498]}"
5_000000000000000000b0_0,86.52624117013859,223.0,0.7388832046551781,BS299,0.0,2012-01-01,1.8431883,2011-01-01,291.0473502381207,283.06827058138913,"{""geodesic"":false,""type"":""Point"",""coordinates"":[-121.47454954776968,35.99140610012648]}"
5_000000000000000000b1_0,61.537222268149485,530.0,0.7617471016113817,BS301,0.0,2012-01-01,1.8431883,2011-01-01,291.0473502381207,283.06827058138913,"{""geodesic"":false,""type"":""Point"",""coordinates"":[-121.46969864523544,35.98682469217748]}"
5_000000000000000000b2_0,74.75275020735286,675.0,0.7168978123600067,BS303,0.0,2012-01-01,1.8431883,2011-01-01,291.0473502381207,283.06827058138913,"{""geodesic"":false,""type"":""Point"",""coordinates"":[-121.46592572104214,35.981704295057995]}"
5_000000000000000000b3_0,68.9162513843272,861.0,0.7160148981778819,BS304,0.0,2012-01-01,1.8431883,2011-01-01,291.0473502381207,283.06827058138913,"{""geodesic"":false,""type"":""Point"",""coordinates"":[-121.454337453877,35.97604490876804]}"
5_000000000000000000b4_0,110.7844867037254,918.0,0.5399115582185856,BS306,0.0,2012-01-01,1.7061465,2011-01-01,291.913651516013,282.52012893467736,"{""geodesic"":false,""type"":""Point"",""coordinates"":[-121.43412535998431,35.98224328422847]}"
5_000000000000000000b5_0,44.55099532026245,639.0,0.7654301479311472,BS309,0.0,2012-01-01,1.8431883,2011-01-01,291.0473502381207,283.06827058138913,"{""geodesic"":false,""type"":""Point"",""coordinates"":[-121.45110351885417,35.98682469217748]}"
5_000000000000000000b6_0,42.84494275647655,528.0,0.7331195223638263,BS310,0.0,2012-01-01,1.8431883,2011-01-01,291.0473502381207,283.06827058138913,"{""geodesic"":false,""type"":""Point"",""coordinates"":[-121.47401055859922,35.98143480047276]}"
5_000000000000000000b7_0,25.384196404598637,600.0,0.75436112354415,BS312,0.0,2012-01-01,1.8431883,2011-01-01,291.0473502381207,283.06827058138913,"{""geodesic"":false,""type"":""Point"",""coordinates"":[-121.45784088348506,35.95960573906866]}"
5_000000000000000000b8_0,26.293347275344725,603.0,0.7780200657311047,BS313,0.0,2012-01-01,1.7061465,2011-01-01,291.913651516013,282.52012893467736,"{""geodesic"":false,""type"":""Point"",""coordinates"":[-121.43547283291049,35.952868374437756]}"
5_000000000000000000b9_0,71.05713107442254,819.0,0.7350456721101051,BS315,0.0,2012-01-01,1.860177,2011-01-01,291.88190165480523,283.8722165460456,"{""geodesic"":false,""type"":""Point"",""coordinates"":[-121.42819647910912,35.94316656936927]}"
5_000000000000000000ba_0,65.82321272728413,591.0,0.7339524245770939,BS316,0.0,2012-01-01,1.860177,2011-01-01,291.88190165480523,283.8722165460456,"{""geodesic"":false,""type"":""Point"",""coordinates"":[-121.43978474627426,35.940471623516906]}"
5_000000000000000000bb_0,58.7446056815344,544.0,0.8126417554748184,BS317,0.0,2012-01-01,1.860177,2011-01-01,291.88190165480523,283.8722165460456,"{""geodesic"":false,""type"":""Point"",""coordinates"":[-121.4446356488085,35.94181909644309]}"
5_000000000000000000bc_0,60.18884106955195,1007.0,0.7872949542098047,BS320,0.0,2012-01-01,1.7061465,2011-01-01,291.913651516013,282.52012893467736,"{""geodesic"":false,""type"":""Point"",""coordinates"":[-121.42280658740441,35.9501734285854]}"
5_000000000000000000bd_0,21.700778112132706,928.0,0.7593812107759569,BS321,0.0,2012-01-01,1.860177,2011-01-01,291.88190165480523,283.8722165460456,"{""geodesic"":false,""type"":""Point"",""coordinates"":[-121.42523203867152,35.938046172249784]}"
5_000000000000000000be_0,32.27724055438134,954.0,0.7487236898233632,BS322,0.0,2012-01-01,1.860177,2011-01-01,291.88190165480523,283.8722165460456,"{""geodesic"":false,""type"":""Point"",""coordinates"":[-121.42900496286482,35.93346476430078]}"
5_000000000000000000bf_0,34.866808497182525,816.0,0.7028220966705899,BS323,0.0,2012-01-01,1.860177,2011-01-01,291.88190165480523,283.8722165460456,"{""geodesic"":false,""type"":""Point"",""coordinates"":[-121.43116091954671,35.923762959232285]}"
5_000000000000000000c0_0,38.64774434509979,766.0,0.6669228628679947,BS324,0.0,2012-01-01,1.860177,2011-01-01,291.88190165480523,283.8722165460456,"{""geodesic"":false,""type"":""Point"",""coordinates"":[-121.43223889788766,35.9186425621128]}"
5_000000000000000000c1_0,37.035738348775986,730.0,0.749968476896239,BS326,0.0,2012-01-01,1.860177,2011-01-01,291.88190165480523,283.8722165460456,"{""geodesic"":false,""type"":""Point"",""coordinates"":[-121.43062193037625,35.913522164993324]}"
5_000000000000000000c2_0,42.38202662225427,449.0,0.8250483301892119,BS328,0.0,2012-01-01,1.7842113,2011-01-01,291.88190165480523,283.8722165460456,"{""geodesic"":false,""type"":""Point"",""coordinates"":[-121.43439485456955,35.89034563066304]}"
5_000000000000000000c3_0,30.705322348545575,602.0,0.7302140007149057,BS330,0.0,2012-01-01,1.7842113,2011-01-01,291.88190165480523,283.8722165460456,"{""geodesic"":false,""type"":""Point"",""coordinates"":[-121.4287354682796,35.88145230935026]}"
5_000000000000000000c4_0,30.433984426825713,758.0,0.7910535473522944,BS331,0.0,2012-01-01,1.7842113,2011-01-01,291.88190165480523,283.8722165460456,"{""geodesic"":false,""type"":""Point"",""coordinates"":[-121.41876416862587,35.88414725520261]}"
5_000000000000000000c5_0,64.04879977413476,835.0,0.8122161931540798,BS333,0.0,2012-01-01,1.7842113,2011-01-01,291.88190165480523,283.8722165460456,"{""geodesic"":false,""type"":""Point"",""coordinates"":[-121.40178600975601,35.88818967398115]}"
5_000000000000000000c6_0,73.63480229202521,972.0,0.803538268481457,BS334,0.0,2012-01-01,1.8563606,2011-01-01,291.88190165480523,283.8722165460456,"{""geodesic"":false,""type"":""Point"",""coordinates"":[-121.3875027967385,35.890884619833514]}"
5_000000000000000000c7_0,52.90268212356931,935.0,0.8134595590074258,BS335,0.0,2012-01-01,1.8563606,2011-01-01,291.88190165480523,283.8722165460456,"{""geodesic"":false,""type"":""Point"",""coordinates"":[-121.3791484645962,35.89223209275969]}"
5_000000000000000000c8_0,50.82648924593527,606.0,0.7663185915177692,BS338,0.0,2012-01-01,1.8563606,2011-01-01,291.88190165480523,283.8722165460456,"{""geodesic"":false,""type"":""Point"",""coordinates"":[-121.3942401613694,35.87094202052606]}"
5_000000000000000000c9_0,28.660860034070094,503.0,0.7747905085281673,BS355,0.0,2012-01-01,2.334599,2011-01-01,288.6403970378719,282.59770984388376,"{""geodesic"":false,""type"":""Point"",""coordinates"":[-121.78824124498422,36.33393371796126]}"
5_000000000000000000ca_0,73.4837454693406,807.0,0.6071686395631012,BS358,0.0,2012-01-01,2.334599,2011-01-01,288.6403970378719,282.59770984388376,"{""geodesic"":false,""type"":""Point"",""coordinates"":[-121.78608528830233,36.3455219851264]}"
5_000000000000000000cb_0,55.541011260215264,736.0,0.737285798749133,BS359,0.0,2012-01-01,2.0165498,2011-01-01,288.7525358435226,281.694896833864,"{""geodesic"":false,""type"":""Point"",""coordinates"":[-121.79039720166611,36.35037288766065]}"
5_000000000000000000cc_0,43.36120391734868,936.0,0.6099125257486032,BS360,0.0,2012-01-01,2.0165498,2011-01-01,288.7525358435226,281.694896833864,"{""geodesic"":false,""type"":""Point"",""coordinates"":[-121.79120568542182,36.355762779365364]}"
5_000000000000000000cd_0,44.50313714449945,1015.0,0.6569168841307652,BS365,0.0,2012-01-01,2.5341654,2011-01-01,289.3928001090272,282.9588753896217,"{""geodesic"":false,""type"":""Point"",""coordinates"":[-121.68610279717983,36.22290194884409]}"
5_000000000000000000ce_0,26.710598505673293,665.0,0.6564807289460616,BS372,0.0,2012-01-01,2.982187,2011-01-01,289.3928001090272,282.9588753896217,"{""geodesic"":false,""type"":""Point"",""coordinates"":[-121.73568980086323,36.22290194884409]}"
5_000000000000000000cf_0,60.34636374570899,783.0,0.5730646019359874,BS373,0.0,2012-01-01,2.982187,2011-01-01,289.3928001090272,282.9588753896217,"{""geodesic"":false,""type"":""Point"",""coordinates"":[-121.7362287900337,36.228022345963566]}"
5_000000000000000000d1_0,69.54486513558747,371.0,0.7590705618741779,BS378,0.0,2012-01-01,2.982187,2011-01-01,289.3928001090272,282.9588753896217,"{""geodesic"":false,""type"":""Point"",""coordinates"":[-121.74566110051695,36.219668013821256]}"
5_000000000000000000d2_0,44.32311113897716,746.0,0.4814396602826057,BS379,0.0,2012-01-01,2.982187,2011-01-01,289.3928001090272,282.9588753896217,"{""geodesic"":false,""type"":""Point"",""coordinates"":[-121.73973221964177,36.23098678640116]}"
5_000000000000000000d8_0,44.262563260951644,371.0,0.7969731118912575,BS390,0.0,2012-01-01,2.334599,2011-01-01,288.6403970378719,282.59770984388376,"{""geodesic"":false,""type"":""Point"",""coordinates"":[-121.79470911502989,36.333394728790786]}"
5_000000000000000000dd_0,27.123375879880996,878.0,0.7958289369339611,BS399,0.0,2012-01-01,1.860177,2011-01-01,291.88190165480523,283.8722165460456,"{""geodesic"":false,""type"":""Point"",""coordinates"":[-121.42361507116011,35.93076981844842]}"
5_000000000000000000de_0,68.72438989818582,878.0,0.579765877347869,BS405,0.0,2012-01-01,1.9878824,2011-01-01,291.0473502381207,283.06827058138913,"{""geodesic"":false,""type"":""Point"",""coordinates"":[-121.535455324033,36.04476602800319]}"
5_000000000000000000e1_0,30.583215016351176,263.0,0.8310203126456854,BS412,0.0,2012-01-01,1.860177,2011-01-01,291.88190165480523,283.8722165460456,"{""geodesic"":false,""type"":""Point"",""coordinates"":[-121.41849467404063,35.90408985451007]}"
5_000000000000000000e2_0,33.36293396838631,628.0,0.676704500849295,BS413,0.0,2012-01-01,1.7689792,2011-01-01,292.4378905413902,283.74027421507117,"{""geodesic"":false,""type"":""Point"",""coordinates"":[-121.33360387969134,35.806263320069455]}"
5_000000000000000000e5_0,87.06796215027252,597.0,0.7081820025026945,BS420,0.0,2012-01-01,1.8170693,2011-01-01,291.0473502381207,283.06827058138913,"{""geodesic"":false,""type"":""Point"",""coordinates"":[-121.49071922288384,36.02374545035479]}"
5_000000000000000000e6_0,22.84616026709277,133.0,0.779059323444389,BS423,0.0,2012-01-01,1.9878824,2011-01-01,291.0473502381207,283.06827058138913,"{""geodesic"":false,""type"":""Point"",""coordinates"":[-121.52144160560073,36.01566061279771]}"
5_000000000000000000e7_0,80.56429624909978,1336.0,0.7002000427468883,BS425,0.0,2012-01-01,1.9924272,2011-01-01,290.54122494214204,282.21586320432897,"{""geodesic"":false,""type"":""Point"",""coordinates"":[-121.49880406044092,36.05500682224215]}"
5_000000000000000000e8_0,22.942942619055543,268.0,0.7973486733625447,BS426,0.0,2012-01-01,1.9878824,2011-01-01,291.0473502381207,283.06827058138913,"{""geodesic"":false,""type"":""Point"",""coordinates"":[-121.52817897023162,36.018894547820544]}"
5_000000000000000000e9_0,62.24936895837303,531.0,0.770745605883624,BS427,0.0,2012-01-01,2.1988475,2011-01-01,288.7525358435226,281.694896833864,"{""geodesic"":false,""type"":""Point"",""coordinates"":[-121.83459431364479,36.37193245447951]}"
5_000000000000000000ea_0,47.396720370791854,379.0,0.7805872332916853,BS429,0.0,2012-01-01,1.475847,2011-01-01,288.407361592332,282.9209751494943,"{""geodesic"":false,""type"":""Point"",""coordinates"":[-121.85184196709989,36.47245393477249]}"
5_000000000000000000eb_0,71.091417822871,524.0,0.7194166364395512,BS430,0.0,2012-01-01,1.5619395,2011-01-01,289.3113392869087,281.87145916664434,"{""geodesic"":false,""type"":""Point"",""coordinates"":[-121.81087879014403,36.46625555931207]}"
5_000000000000000000ec_0,37.51151160542676,808.0,0.8040542989205904,BS431,0.0,2012-01-01,1.475847,2011-01-01,288.407361592332,282.9209751494943,"{""geodesic"":false,""type"":""Point"",""coordinates"":[-121.86100478299791,36.45008588419791]}"
5_000000000000000000ed_0,22.41547191232917,385.0,0.8138062693916294,BS433,0.0,2012-01-01,2.5509064,2011-01-01,288.6403970378719,282.59770984388376,"{""geodesic"":false,""type"":""Point"",""coordinates"":[-121.80737536053597,36.347677941808286]}"
5_000000000000000000ee_0,21.863792546939248,875.0,0.8417532452457525,BS434,0.0,2012-01-01,1.475847,2011-01-01,288.407361592332,282.9209751494943,"{""geodesic"":false,""type"":""Point"",""coordinates"":[-121.85103348334418,36.45089436795362]}"
5_000000000000000000ef_0,31.51045150355782,1045.0,0.5179327837284577,BS436,0.0,2012-01-01,2.0479877,2011-01-01,289.0807142701868,281.43864039590915,"{""geodesic"":false,""type"":""Point"",""coordinates"":[-121.72140658784573,36.3417490609331]}"
5_000000000000000000f0_0,39.74518255585816,367.0,0.7559427741073236,BS438,0.0,2012-01-01,2.5509064,2011-01-01,288.6403970378719,282.59770984388376,"{""geodesic"":false,""type"":""Point"",""coordinates"":[-121.80872283346216,36.34228805010357]}"
5_000000000000000000f1_0,27.30394712192617,109.0,0.7347373450270193,BS457,0.0,2012-01-01,2.9204583,2011-01-01,289.3928001090272,282.9588753896217,"{""geodesic"":false,""type"":""Point"",""coordinates"":[-121.6925706672255,36.17870483686541]}"
5_000000000000000000f4_0,25.89581528810795,438.0,0.7193274784240247,BS468,0.0,2012-01-01,1.5619395,2011-01-01,289.3113392869087,281.87145916664434,"{""geodesic"":false,""type"":""Point"",""coordinates"":[-121.8467215699804,36.48512018027858]}"
5_000000000000000000f5_0,53.366381233503574,579.0,0.7969379116794423,BS469,0.0,2012-01-01,1.475847,2011-01-01,288.407361592332,282.9209751494943,"{""geodesic"":false,""type"":""Point"",""coordinates"":[-121.85830983714554,36.45574527048787]}"
5_000000000000000000f6_0,59.87722921896599,737.0,0.7848672510640884,BS470,0.0,2012-01-01,1.475847,2011-01-01,288.407361592332,282.9209751494943,"{""geodesic"":false,""type"":""Point"",""coordinates"":[-121.85291994544083,36.45628425965834]}"
5_000000000000000000f7_0,90.88227486432633,290.0,0.6963515694891392,BS474,0.0,2012-01-01,1.8431883,2011-01-01,291.0473502381207,283.06827058138913,"{""geodesic"":false,""type"":""Point"",""coordinates"":[-121.46727319396832,35.990328121785545]}"
5_000000000000000000f8_0,108.7703288932942,972.0,0.6146348901604992,BS478,0.0,2012-01-01,1.7061465,2011-01-01,291.913651516013,282.52012893467736,"{""geodesic"":false,""type"":""Point"",""coordinates"":[-121.4333168762286,35.99437054056408]}"
5_000000000000000000f9_0,32.53099661827773,507.0,0.6980072577518067,BS486,0.0,2012-01-01,1.8431883,2011-01-01,291.0473502381207,283.06827058138913,"{""geodesic"":false,""type"":""Point"",""coordinates"":[-121.46835117230926,35.95367685819347]}"
5_000000000000000000fb_0,50.60246379642593,836.0,0.7994217342220457,BS499,0.0,2012-01-01,1.7842113,2011-01-01,291.88190165480523,283.8722165460456,"{""geodesic"":false,""type"":""Point"",""coordinates"":[-121.4077148906312,35.88738119022545]}"
5_000000000000000000fc_0,18.867946945283133,677.0,0.7889293084461957,BS504,0.0,2012-01-01,1.8563606,2011-01-01,291.88190165480523,283.8722165460456,"{""geodesic"":false,""type"":""Point"",""coordinates"":[-121.38911976424993,35.874175955548885]}"
5_000000000000000000fe_0,37.330546180113146,706.0,0.8378777866429931,BS518,0.0,2012-01-01,2.1988475,2011-01-01,288.7525358435226,281.694896833864,"{""geodesic"":false,""type"":""Point"",""coordinates"":[-121.83109088403673,36.38432920540036]}"
5_000000000000000000ff_0,53.60078931785666,538.0,0.79448817122359,BS519,0.0,2012-01-01,2.1988475,2011-01-01,288.7525358435226,281.694896833864,"{""geodesic"":false,""type"":""Point"",""coordinates"":[-121.83944521617903,36.38352072164466]}"
5_00000000000000000101_0,49.522377804895335,581.0,0.7059029873863497,BS521,0.0,2012-01-01,2.9204583,2011-01-01,289.3928001090272,282.9588753896217,"{""geodesic"":false,""type"":""Point"",""coordinates"":[-121.69526561307785,36.19837794158762]}"
5_00000000000000000102_0,25.12876272547305,562.0,0.8082053927259242,BS600,0.0,2012-01-01,2.1988475,2011-01-01,288.7525358435226,281.694896833864,"{""geodesic"":false,""type"":""Point"",""coordinates"":[-121.8219280681387,36.3598051981439]}"
5_00000000000000000103_0,37.27025122622245,638.0,0.8236546262994913,BS601,0.0,2012-01-01,2.1988475,2011-01-01,288.7525358435226,281.694896833864,"{""geodesic"":false,""type"":""Point"",""coordinates"":[-121.83324684071862,36.35926620897343]}"
5_00000000000000000104_0,22.74359982493543,518.0,0.8312125307930281,BS603,0.0,2012-01-01,2.1988475,2011-01-01,288.7525358435226,281.694896833864,"{""geodesic"":false,""type"":""Point"",""coordinates"":[-121.84079268910521,36.366273068189564]}"
5_00000000000000000105_0,28.31316678445222,565.0,0.8333448083241546,BS604,0.0,2012-01-01,2.1988475,2011-01-01,288.7525358435226,281.694896833864,"{""geodesic"":false,""type"":""Point"",""coordinates"":[-121.84887752666229,36.367890035700974]}"
5_00000000000000000107_0,48.71625816593791,1022.0,0.6289120096344761,BS607,0.0,2012-01-01,2.4413197,2011-01-01,289.69852788219714,281.8699572001418,"{""geodesic"":false,""type"":""Point"",""coordinates"":[-121.59151019776205,36.15013841083041]}"
5_00000000000000000108_0,86.24721062932002,257.0,0.7172593399620304,BS610,0.0,2012-01-01,2.9204583,2011-01-01,289.3928001090272,282.9588753896217,"{""geodesic"":false,""type"":""Point"",""coordinates"":[-121.66292626284955,36.16253516175126]}"
5_00000000000000000109_0,70.46820532507492,417.0,0.7566579559899781,BS611,0.0,2012-01-01,2.9204583,2011-01-01,289.3928001090272,282.9588753896217,"{""geodesic"":false,""type"":""Point"",""coordinates"":[-121.66454323036096,36.17304545057545]}"
5_0000000000000000010a_0,26.701277795249023,455.0,0.7831586776950189,BS612,0.0,2012-01-01,2.9204583,2011-01-01,289.3928001090272,282.9588753896217,"{""geodesic"":false,""type"":""Point"",""coordinates"":[-121.66993312206569,36.17277595599022]}"
5_0000000000000000010b_0,30.73603370908359,318.0,0.7661210127087713,BS613,0.0,2012-01-01,2.9204583,2011-01-01,289.3928001090272,282.9588753896217,"{""geodesic"":false,""type"":""Point"",""coordinates"":[-121.6693941328952,36.165769096774085]}"
5_0000000000000000010c_0,47.40774425814596,320.0,0.7839175937776678,BS620,0.0,2012-01-01,2.9204583,2011-01-01,289.3928001090272,282.9588753896217,"{""geodesic"":false,""type"":""Point"",""coordinates"":[-121.6933791509812,36.184364223155356]}"
5_0000000000000000010d_0,89.68563277458732,262.0,0.7485852306108356,BS621,0.0,2012-01-01,2.982187,2011-01-01,289.3928001090272,282.9588753896217,"{""geodesic"":false,""type"":""Point"",""coordinates"":[-121.74862554095455,36.21805104630984]}"
5_00000000000000000113_0,29.971873622652044,151.0,0.7975179279193713,BS627,0.0,2012-01-01,2.9196396,2011-01-01,288.6403970378719,282.59770984388376,"{""geodesic"":false,""type"":""Point"",""coordinates"":[-121.80279395258697,36.27087198501607]}"
5_00000000000000000114_0,32.5962261235666,97.0,0.798400469620872,BS628,0.0,2012-01-01,2.9196396,2011-01-01,288.6403970378719,282.59770984388376,"{""geodesic"":false,""type"":""Point"",""coordinates"":[-121.80629738219503,36.269255017504655]}"
5_00000000000000000115_0,40.95460778093217,405.0,0.7579562431429424,BS629,0.0,2012-01-01,2.9204583,2011-01-01,289.3928001090272,282.9588753896217,"{""geodesic"":false,""type"":""Point"",""coordinates"":[-121.69526561307785,36.18813714734866]}"
5_00000000000000000116_0,41.4024311428473,552.0,0.7869244237861426,BS632,0.0,2012-01-01,2.5509064,2011-01-01,288.6403970378719,282.59770984388376,"{""geodesic"":false,""type"":""Point"",""coordinates"":[-121.80036850131984,36.325040396648475]}"
5_00000000000000000117_0,36.155546897854,639.0,0.7734538613731298,BS633,0.0,2012-01-01,2.5509064,2011-01-01,288.6403970378719,282.59770984388376,"{""geodesic"":false,""type"":""Point"",""coordinates"":[-121.80063799590508,36.32261494538135]}"
6_00000000000000000000_0,59.4046771791835,381.0,0.8525232518201423,BS002,0.0,2013-01-01,1.7171775,2012-01-01,292.8662448737139,284.5254670440174,"{""geodesic"":false,""type"":""Point"",""coordinates"":[-121.3875027967385,35.85611981833809]}"
6_00000000000000000001_0,66.32282398389694,405.0,0.781772481709997,BS003,0.0,2013-01-01,1.7171775,2012-01-01,292.8662448737139,284.5254670440174,"{""geodesic"":false,""type"":""Point"",""coordinates"":[-121.39208420468752,35.85072992663337]}"
6_00000000000000000002_0,40.55945393232934,790.0,0.7992264202061481,BS004,0.0,2013-01-01,1.7171775,2012-01-01,292.8662448737139,284.5254670440174,"{""geodesic"":false,""type"":""Point"",""coordinates"":[-121.36675171367534,35.85854526960521]}"
6_00000000000000000003_0,54.80742050586281,851.0,0.8124855547026412,BS005,0.0,2013-01-01,1.7171775,2012-01-01,292.8662448737139,284.5254670440174,"{""geodesic"":false,""type"":""Point"",""coordinates"":[-121.36028384362969,35.85881476419044]}"
6_00000000000000000004_0,41.48712179886783,820.0,0.8404238521833088,BS006,0.0,2013-01-01,1.7171775,2012-01-01,292.8662448737139,284.5254670440174,"{""geodesic"":false,""type"":""Point"",""coordinates"":[-121.35381597358402,35.86043173170186]}"
6_00000000000000000005_0,18.15333249000335,883.0,0.7422098396376205,BS007,0.0,2013-01-01,1.6609279,2012-01-01,294.01598579114903,283.61786167999435,"{""geodesic"":false,""type"":""Point"",""coordinates"":[-121.33926326598129,35.857736785849504]}"
6_00000000000000000006_0,16.545091281011935,509.0,0.6045769245712143,BS011,0.0,2013-01-01,1.6850437,2012-01-01,293.13059851641214,284.8690437775492,"{""geodesic"":false,""type"":""Point"",""coordinates"":[-121.37133312162436,35.8291703598145]}"
6_00000000000000000007_0,35.299544057831014,359.0,0.7911517344759341,BS012,0.0,2013-01-01,1.6850437,2012-01-01,293.13059851641214,284.8690437775492,"{""geodesic"":false,""type"":""Point"",""coordinates"":[-121.37160261620959,35.82324147893931]}"
6_00000000000000000008_0,68.11549549106546,351.0,0.8054977548330322,BS015,0.0,2013-01-01,1.6128279,2012-01-01,293.4906592030343,284.44219607994205,"{""geodesic"":false,""type"":""Point"",""coordinates"":[-121.34303619017459,35.8253974356212]}"
6_00000000000000000009_0,58.59629749405439,453.0,0.8682203194668052,BS016,0.0,2013-01-01,1.6128279,2012-01-01,293.4906592030343,284.44219607994205,"{""geodesic"":false,""type"":""Point"",""coordinates"":[-121.33764629846988,35.82566693020643]}"
6_0000000000000000000a_0,49.97954189086561,518.0,0.837860782088226,BS017,0.0,2013-01-01,1.6128279,2012-01-01,293.4906592030343,284.44219607994205,"{""geodesic"":false,""type"":""Point"",""coordinates"":[-121.33225640676515,35.82512794103596]}"
6_0000000000000000000b_0,30.738568868124165,611.0,0.886370994145475,BS018,0.0,2013-01-01,1.6128279,2012-01-01,293.4906592030343,284.44219607994205,"{""geodesic"":false,""type"":""Point"",""coordinates"":[-121.32848348257185,35.82351097352455]}"
6_0000000000000000000c_0,48.1790636431674,466.0,0.8490675934732111,BS019,0.0,2013-01-01,1.6128279,2012-01-01,293.4906592030343,284.44219607994205,"{""geodesic"":false,""type"":""Point"",""coordinates"":[-121.34249720100412,35.82970934898497]}"
6_0000000000000000000d_0,38.61697905619892,400.0,0.8240986894974336,BS020,0.0,2013-01-01,1.6128279,2012-01-01,293.4906592030343,284.44219607994205,"{""geodesic"":false,""type"":""Point"",""coordinates"":[-121.3408802334927,35.83375176776351]}"
6_0000000000000000000e_0,33.55191644830488,639.0,0.8660038976998597,BS022,0.0,2013-01-01,1.6128279,2012-01-01,293.4906592030343,284.44219607994205,"{""geodesic"":false,""type"":""Point"",""coordinates"":[-121.3379157930551,35.84426205658771]}"
6_0000000000000000000f_0,28.670330506596766,233.0,0.8383013186903894,BS026,0.0,2013-01-01,1.7728959,2012-01-01,292.8662448737139,284.5254670440174,"{""geodesic"":false,""type"":""Point"",""coordinates"":[-121.42550153325676,35.90166440324295]}"
6_00000000000000000010_0,62.19758780996622,186.0,0.8094338273327876,BS027,0.0,2013-01-01,1.772258,2012-01-01,292.8662448737139,284.5254670440174,"{""geodesic"":false,""type"":""Point"",""coordinates"":[-121.43089142496147,35.89789147904964]}"
6_00000000000000000011_0,21.326888477350963,317.0,0.8064721217749181,BS032,0.0,2013-01-01,1.6307435,2012-01-01,293.4906592030343,284.44219607994205,"{""geodesic"":false,""type"":""Point"",""coordinates"":[-121.3379157930551,35.797908987927144]}"
6_00000000000000000012_0,67.52516914755914,648.0,0.7077370083066414,BS034,0.0,2013-01-01,1.6128279,2012-01-01,293.4906592030343,284.44219607994205,"{""geodesic"":false,""type"":""Point"",""coordinates"":[-121.32686651506043,35.800064944609026]}"
6_00000000000000000013_0,21.169792356566127,390.0,0.7821146171633724,BS035,0.0,2013-01-01,1.6307435,2012-01-01,293.4906592030343,284.44219607994205,"{""geodesic"":false,""type"":""Point"",""coordinates"":[-121.31985965584431,35.789824150370066]}"
6_00000000000000000015_0,84.90580359266183,726.0,0.5120038142502472,BS044,0.0,2013-01-01,2.0306916,2012-01-01,291.9795911611755,283.67285906682247,"{""geodesic"":false,""type"":""Point"",""coordinates"":[-121.51712969223695,36.031560793326626]}"
6_00000000000000000016_0,25.364399680005327,517.0,0.7713426054402889,BS045,0.0,2013-01-01,2.0306916,2012-01-01,291.9795911611755,283.67285906682247,"{""geodesic"":false,""type"":""Point"",""coordinates"":[-121.50634990882752,36.02886584747427]}"
6_00000000000000000017_0,97.70297171769087,584.0,0.6977507407910062,BS046,0.0,2013-01-01,2.0306916,2012-01-01,291.9795911611755,283.67285906682247,"{""geodesic"":false,""type"":""Point"",""coordinates"":[-121.5047329413161,36.023475955769555]}"
6_00000000000000000018_0,24.917927602496107,690.0,0.6041616301710167,BS047,0.0,2013-01-01,1.9078315,2012-01-01,291.9795911611755,283.67285906682247,"{""geodesic"":false,""type"":""Point"",""coordinates"":[-121.49988203878186,36.02805736371856]}"
6_00000000000000000019_0,52.977216674676214,527.0,0.8050828095980563,BS048,0.0,2013-01-01,1.9078315,2012-01-01,291.9795911611755,283.67285906682247,"{""geodesic"":false,""type"":""Point"",""coordinates"":[-121.4904497282986,36.02859635288903]}"
6_0000000000000000001a_0,39.43395046171346,721.0,0.7943407487646256,BS050,0.0,2013-01-01,1.9078315,2012-01-01,291.9795911611755,283.67285906682247,"{""geodesic"":false,""type"":""Point"",""coordinates"":[-121.47966994488917,36.03290826625281]}"
6_0000000000000000001b_0,56.30816789341686,575.0,0.7405992912377325,BS052,0.0,2013-01-01,2.0306916,2012-01-01,291.9795911611755,283.67285906682247,"{""geodesic"":false,""type"":""Point"",""coordinates"":[-121.50122951170803,36.01323516153059]}"
6_0000000000000000001c_0,88.88943335950903,380.0,0.7730053049836807,BS053,0.0,2013-01-01,2.0306916,2012-01-01,291.9795911611755,283.67285906682247,"{""geodesic"":false,""type"":""Point"",""coordinates"":[-121.50661940341276,36.01242667777488]}"
6_0000000000000000001d_0,67.99316062496503,573.0,0.658573393997792,BS054,0.0,2013-01-01,1.6307435,2012-01-01,293.4906592030343,284.44219607994205,"{""geodesic"":false,""type"":""Point"",""coordinates"":[-121.31339178579864,35.78685970993247]}"
6_0000000000000000001e_0,57.20755764112444,599.0,0.6850892867540529,BS057,0.0,2013-01-01,2.0306916,2012-01-01,291.9795911611755,283.67285906682247,"{""geodesic"":false,""type"":""Point"",""coordinates"":[-121.51173980053224,36.029135342059504]}"
6_0000000000000000001f_0,32.86548354962918,767.0,0.8173983591648638,BS058,0.0,2013-01-01,2.1300683,2012-01-01,291.4839085646666,282.81416441703755,"{""geodesic"":false,""type"":""Point"",""coordinates"":[-121.54677409661289,36.06012721936163]}"
6_00000000000000000020_0,23.262179018782003,661.0,0.8252964846886822,BS059,0.0,2013-01-01,2.1300683,2012-01-01,291.4839085646666,282.81416441703755,"{""geodesic"":false,""type"":""Point"",""coordinates"":[-121.54650460202767,36.056623789753566]}"
6_00000000000000000021_0,24.802906404561966,646.0,0.7708908347709387,BS060,0.0,2013-01-01,2.1300683,2012-01-01,291.4839085646666,282.81416441703755,"{""geodesic"":false,""type"":""Point"",""coordinates"":[-121.5438096561753,36.05258137097503]}"
6_00000000000000000022_0,19.606497143810564,612.0,0.7356760259788271,BS062,0.0,2013-01-01,2.0306916,2012-01-01,291.9795911611755,283.67285906682247,"{""geodesic"":false,""type"":""Point"",""coordinates"":[-121.54973853705049,36.03398624459375]}"
6_00000000000000000023_0,19.448446623557455,651.0,0.7904556025258208,BS063,0.0,2013-01-01,2.0306916,2012-01-01,291.9795911611755,283.67285906682247,"{""geodesic"":false,""type"":""Point"",""coordinates"":[-121.53788077530011,36.035603212105165]}"
6_00000000000000000024_0,39.08788105097566,746.0,0.7278926759277221,BS066,0.0,2013-01-01,2.0306916,2012-01-01,291.9795911611755,283.67285906682247,"{""geodesic"":false,""type"":""Point"",""coordinates"":[-121.53356886193635,36.03722017961658]}"
6_00000000000000000026_0,16.921543148267293,705.0,0.7519873243293915,BS071,0.0,2013-01-01,2.0306916,2012-01-01,291.9795911611755,283.67285906682247,"{""geodesic"":false,""type"":""Point"",""coordinates"":[-121.54515712910148,36.037759168787055]}"
6_00000000000000000029_0,18.929223480595834,581.0,0.8622906358197835,BS076,0.0,2013-01-01,2.4972844,2012-01-01,289.27928882869867,281.98227358124944,"{""geodesic"":false,""type"":""Point"",""coordinates"":[-121.8219280681387,36.361961154825785]}"
6_0000000000000000002a_0,19.161262528388935,607.0,0.8625260155046374,BS077,0.0,2013-01-01,2.4972844,2012-01-01,289.27928882869867,281.98227358124944,"{""geodesic"":false,""type"":""Point"",""coordinates"":[-121.81896362770111,36.35926620897343]}"
6_0000000000000000002b_0,57.135434974012426,626.0,0.8174588654630179,BS078,0.0,2013-01-01,2.4972844,2012-01-01,289.27928882869867,281.98227358124944,"{""geodesic"":false,""type"":""Point"",""coordinates"":[-121.81599918726351,36.35549328478013]}"
6_0000000000000000002c_0,30.235478287747156,745.0,0.8070416468339202,BS079,0.0,2013-01-01,2.4972844,2012-01-01,289.27928882869867,281.98227358124944,"{""geodesic"":false,""type"":""Point"",""coordinates"":[-121.81249575765546,36.35953570355866]}"
6_0000000000000000002d_0,36.27953755842702,867.0,0.837350027211004,BS080,0.0,2013-01-01,2.4972844,2012-01-01,289.27928882869867,281.98227358124944,"{""geodesic"":false,""type"":""Point"",""coordinates"":[-121.80441092009838,36.36061368189961]}"
6_0000000000000000002e_0,31.48630034618609,316.0,0.8446292117003449,BS081,0.0,2013-01-01,2.4972844,2012-01-01,289.27928882869867,281.98227358124944,"{""geodesic"":false,""type"":""Point"",""coordinates"":[-121.84429611871329,36.37193245447951]}"
6_00000000000000000034_0,17.88146282036155,1009.0,0.7315376748520174,BS088,0.0,2013-01-01,2.3157837,2012-01-01,289.27928882869867,281.98227358124944,"{""geodesic"":false,""type"":""Point"",""coordinates"":[-121.7963260825413,36.3598051981439]}"
6_00000000000000000035_0,18.79433598698057,1058.0,0.813829019090299,BS089,0.0,2013-01-01,2.3157837,2012-01-01,289.27928882869867,281.98227358124944,"{""geodesic"":false,""type"":""Point"",""coordinates"":[-121.7963260825413,36.3665425627748]}"
6_00000000000000000036_0,19.842851548486518,952.0,0.7511370693208753,BS090,0.0,2013-01-01,2.3157837,2012-01-01,289.27928882869867,281.98227358124944,"{""geodesic"":false,""type"":""Point"",""coordinates"":[-121.79659557712654,36.37085447613857]}"
6_00000000000000000037_0,29.314000473358295,929.0,0.8642567807246186,BS092,0.0,2013-01-01,2.4972844,2012-01-01,289.27928882869867,281.98227358124944,"{""geodesic"":false,""type"":""Point"",""coordinates"":[-121.80414142551314,36.37489689491711]}"
6_00000000000000000038_0,74.86539390022554,785.0,0.736065505762902,BS094,0.0,2013-01-01,1.6963698,2012-01-01,288.6959446557884,283.1676958428055,"{""geodesic"":false,""type"":""Point"",""coordinates"":[-121.87259305016305,36.45817072175499]}"
6_0000000000000000003a_0,50.39070443891272,521.0,0.8026885330597743,BS102,0.0,2013-01-01,2.4972844,2012-01-01,289.27928882869867,281.98227358124944,"{""geodesic"":false,""type"":""Point"",""coordinates"":[-121.84240965661662,36.38055628120706]}"
6_0000000000000000003b_0,63.07837057474421,504.0,0.7534639504614509,BS103,0.0,2013-01-01,2.4972844,2012-01-01,289.27928882869867,281.98227358124944,"{""geodesic"":false,""type"":""Point"",""coordinates"":[-121.84483510788375,36.378939313695646]}"
6_0000000000000000003d_0,64.90181482547399,889.0,0.7449373841268252,BS112,0.0,2013-01-01,2.2836523,2012-01-01,289.27928882869867,281.98227358124944,"{""geodesic"":false,""type"":""Point"",""coordinates"":[-121.8429486457871,36.41774653396961]}"
6_00000000000000000040_0,25.727302229341163,932.0,0.8324363454192086,BS121,0.0,2013-01-01,2.2836523,2012-01-01,289.27928882869867,281.98227358124944,"{""geodesic"":false,""type"":""Point"",""coordinates"":[-121.83944521617903,36.42178895274815]}"
6_00000000000000000041_0,86.99746916428825,766.0,0.6720535794525484,BS122,0.0,2013-01-01,2.2836523,2012-01-01,289.27928882869867,281.98227358124944,"{""geodesic"":false,""type"":""Point"",""coordinates"":[-121.84429611871329,36.423944909430034]}"
6_00000000000000000042_0,59.5713729689789,338.0,0.8007985851210729,BS123,0.0,2013-01-01,1.6963698,2012-01-01,288.6959446557884,283.1676958428055,"{""geodesic"":false,""type"":""Point"",""coordinates"":[-121.89415261698191,36.48107776150004]}"
6_00000000000000000043_0,41.363046996682435,376.0,0.8154582790849674,BS124,0.0,2013-01-01,1.6963698,2012-01-01,288.6959446557884,283.1676958428055,"{""geodesic"":false,""type"":""Point"",""coordinates"":[-121.89011019820337,36.47838281564768]}"
6_00000000000000000044_0,38.79873676915897,408.0,0.8257798560226984,BS125,0.0,2013-01-01,1.6963698,2012-01-01,288.6959446557884,283.1676958428055,"{""geodesic"":false,""type"":""Point"",""coordinates"":[-121.88633727401007,36.4808082669148]}"
6_00000000000000000045_0,74.95549151939657,311.0,0.7142174597796576,BS126,0.0,2013-01-01,1.6963698,2012-01-01,288.6959446557884,283.1676958428055,"{""geodesic"":false,""type"":""Point"",""coordinates"":[-121.88013889854965,36.484311696522866]}"
6_00000000000000000046_0,33.270996378456026,393.0,0.8348855105042984,BS128,0.0,2013-01-01,1.6963698,2012-01-01,288.6959446557884,283.1676958428055,"{""geodesic"":false,""type"":""Point"",""coordinates"":[-121.87367102850399,36.477843826477205]}"
6_00000000000000000047_0,55.66388255644602,351.0,0.7971785688891614,BS129,0.0,2013-01-01,1.6963698,2012-01-01,288.6959446557884,283.1676958428055,"{""geodesic"":false,""type"":""Point"",""coordinates"":[-121.88741525235102,36.49077956656853]}"
6_00000000000000000048_0,29.06672472303876,242.0,0.8109785750462454,BS130,0.0,2013-01-01,1.6963698,2012-01-01,288.6959446557884,283.1676958428055,"{""geodesic"":false,""type"":""Point"",""coordinates"":[-121.88391182274296,36.49563046910277]}"
6_00000000000000000049_0,61.215067658456434,250.0,0.7427308594644074,BS131,0.0,2013-01-01,1.4064163,2012-01-01,288.6959446557884,283.1676958428055,"{""geodesic"":false,""type"":""Point"",""coordinates"":[-121.88121687689059,36.500750866222255]}"
6_0000000000000000004e_0,30.201420751355318,306.0,0.832082263612255,BS137,0.0,2013-01-01,2.8039477,2012-01-01,288.6119694527381,283.8106509349385,"{""geodesic"":false,""type"":""Point"",""coordinates"":[-121.87555749060064,36.347947436393525]}"
6_0000000000000000004f_0,38.59594563588241,306.0,0.7331254928908826,BS138,0.0,2013-01-01,1.6963698,2012-01-01,288.6959446557884,283.1676958428055,"{""geodesic"":false,""type"":""Point"",""coordinates"":[-121.86369972885026,36.49643895285848]}"
6_00000000000000000050_0,47.58826711616166,301.0,0.6683243071362773,BS139,0.0,2013-01-01,1.6963698,2012-01-01,288.6959446557884,283.1676958428055,"{""geodesic"":false,""type"":""Point"",""coordinates"":[-121.86289124509456,36.49104906115377]}"
6_00000000000000000051_0,41.92722466351706,333.0,0.8428277672665764,BS140,0.0,2013-01-01,1.6963698,2012-01-01,288.6959446557884,283.1676958428055,"{""geodesic"":false,""type"":""Point"",""coordinates"":[-121.86720315845832,36.482425234426216]}"
6_00000000000000000052_0,67.39766697157414,297.0,0.7789974679487423,BS141,0.0,2013-01-01,1.6963698,2012-01-01,288.6959446557884,283.1676958428055,"{""geodesic"":false,""type"":""Point"",""coordinates"":[-121.86100478299791,36.48296422359669]}"
6_00000000000000000053_0,44.703442826463764,503.0,0.6510767713515553,BS144,0.0,2013-01-01,1.8252399,2012-01-01,289.81828116328336,282.2181708747572,"{""geodesic"":false,""type"":""Point"",""coordinates"":[-121.81761615477494,36.46841151599395]}"
6_00000000000000000054_0,67.30191619675466,722.0,0.75808086730055,BS146,0.0,2013-01-01,1.6963698,2012-01-01,288.6959446557884,283.1676958428055,"{""geodesic"":false,""type"":""Point"",""coordinates"":[-121.87313203933351,36.46302162428923]}"
6_00000000000000000055_0,58.92287523287504,435.0,0.8281154874294203,BS147,0.0,2013-01-01,1.6963698,2012-01-01,288.6959446557884,283.1676958428055,"{""geodesic"":false,""type"":""Point"",""coordinates"":[-121.88687626318055,36.47083696726107]}"
6_00000000000000000056_0,39.94255779061673,880.0,0.8076492477068792,BS148,0.0,2013-01-01,1.6963698,2012-01-01,288.6959446557884,283.1676958428055,"{""geodesic"":false,""type"":""Point"",""coordinates"":[-121.87124557723686,36.453050324635505]}"
6_00000000000000000057_0,56.313327843435424,767.0,0.7917968740137583,BS149,0.0,2013-01-01,1.6963698,2012-01-01,288.6959446557884,283.1676958428055,"{""geodesic"":false,""type"":""Point"",""coordinates"":[-121.87690496352683,36.45251133546503]}"
6_00000000000000000059_0,71.73845705237346,513.0,0.7891565603259318,BS151,0.0,2013-01-01,1.6963698,2012-01-01,288.6959446557884,283.1676958428055,"{""geodesic"":false,""type"":""Point"",""coordinates"":[-121.85130297792941,36.46248263511876]}"
6_0000000000000000005a_0,67.34069076669782,436.0,0.8333960888347588,BS152,0.0,2013-01-01,1.6963698,2012-01-01,288.6959446557884,283.1676958428055,"{""geodesic"":false,""type"":""Point"",""coordinates"":[-121.85184196709989,36.46706404306777]}"
6_0000000000000000005b_0,51.61205841902133,440.0,0.7740027203133432,BS156,0.0,2013-01-01,2.9822931,2012-01-01,289.12146229561563,282.8127779100762,"{""geodesic"":false,""type"":""Point"",""coordinates"":[-121.80306344717219,36.30725375402291]}"
6_0000000000000000005c_0,74.83202227113799,369.0,0.7293359311207035,BS157,0.0,2013-01-01,2.9822931,2012-01-01,289.12146229561563,282.8127779100762,"{""geodesic"":false,""type"":""Point"",""coordinates"":[-121.80737536053597,36.30375032441484]}"
6_0000000000000000005d_0,16.982761541204134,649.0,0.7839145607487501,BS158,0.0,2013-01-01,2.4972844,2012-01-01,289.27928882869867,281.98227358124944,"{""geodesic"":false,""type"":""Point"",""coordinates"":[-121.8143822197521,36.35118137141635]}"
6_0000000000000000005e_0,29.348081754360486,294.0,0.8462893582086971,BS159,0.0,2013-01-01,2.9822931,2012-01-01,289.12146229561563,282.8127779100762,"{""geodesic"":false,""type"":""Point"",""coordinates"":[-121.80225496341649,36.34067108259215]}"
6_0000000000000000005f_0,23.889753087950716,409.0,0.7982670962999117,BS160,0.0,2013-01-01,2.860005,2012-01-01,289.12146229561563,282.8127779100762,"{""geodesic"":false,""type"":""Point"",""coordinates"":[-121.79821254463795,36.32935231001225]}"
6_00000000000000000060_0,31.204714149757802,1125.0,0.486467943496285,BS161,0.0,2013-01-01,2.4762003,2012-01-01,289.7621787649686,281.7619321645935,"{""geodesic"":false,""type"":""Point"",""coordinates"":[-121.71305225570342,36.3350116963022]}"
6_00000000000000000061_0,39.92267168109595,1102.0,0.7486474960744876,BS162,0.0,2013-01-01,2.4762003,2012-01-01,289.7621787649686,281.7619321645935,"{""geodesic"":false,""type"":""Point"",""coordinates"":[-121.71601669614101,36.34013209342169]}"
6_00000000000000000062_0,23.057475885789426,1175.0,0.6045561760259548,BS163,0.0,2013-01-01,2.4762003,2012-01-01,289.7621787649686,281.7619321645935,"{""geodesic"":false,""type"":""Point"",""coordinates"":[-121.71952012574909,36.3455219851264]}"
6_00000000000000000063_0,33.304884369337195,327.0,0.8078355872766246,BS165,0.0,2013-01-01,2.860005,2012-01-01,289.12146229561563,282.8127779100762,"{""geodesic"":false,""type"":""Point"",""coordinates"":[-121.79201416917752,36.32584888040418]}"
6_00000000000000000064_0,53.858706471547215,373.0,0.7855273585809195,BS166,0.0,2013-01-01,2.860005,2012-01-01,289.12146229561563,282.8127779100762,"{""geodesic"":false,""type"":""Point"",""coordinates"":[-121.79228366376276,36.32935231001225]}"
6_00000000000000000065_0,51.963634110835,437.0,0.8070331449979239,BS167,0.0,2013-01-01,2.860005,2012-01-01,289.12146229561563,282.8127779100762,"{""geodesic"":false,""type"":""Point"",""coordinates"":[-121.79066669625135,36.320997977869936]}"
6_00000000000000000066_0,80.67499746133883,346.0,0.7610807281651654,BS168,0.0,2013-01-01,2.860005,2012-01-01,289.12146229561563,282.8127779100762,"{""geodesic"":false,""type"":""Point"",""coordinates"":[-121.78446832079092,36.32477090206324]}"
6_00000000000000000067_0,28.602732067440627,1111.0,0.45049201868795463,BS172,0.0,2013-01-01,2.1080866,2012-01-01,290.3422415477982,280.24621969754577,"{""geodesic"":false,""type"":""Point"",""coordinates"":[-121.7429661546646,36.361961154825785]}"
6_00000000000000000068_0,26.711365259040353,522.0,0.7123589164524902,BS175,0.0,2013-01-01,2.9822931,2012-01-01,289.12146229561563,282.8127779100762,"{""geodesic"":false,""type"":""Point"",""coordinates"":[-121.80117698507554,36.314799602409515]}"
6_00000000000000000069_0,22.53106145391287,533.0,0.7843390915641139,BS176,0.0,2013-01-01,2.860005,2012-01-01,289.12146229561563,282.8127779100762,"{""geodesic"":false,""type"":""Point"",""coordinates"":[-121.79147518000705,36.30967920529003]}"
6_0000000000000000006a_0,63.957566772446874,577.0,0.8159698640993959,BS177,0.0,2013-01-01,2.860005,2012-01-01,289.12146229561563,282.8127779100762,"{""geodesic"":false,""type"":""Point"",""coordinates"":[-121.79012770708087,36.30698425943768]}"
6_0000000000000000006b_0,46.131786880726786,231.0,0.869861077019397,BS186,0.0,2013-01-01,3.3814185,2012-01-01,289.12146229561563,282.8127779100762,"{""geodesic"":false,""type"":""Point"",""coordinates"":[-121.82731795984343,36.268985522919415]}"
6_0000000000000000006c_0,42.48999803455083,123.0,0.7573969291330627,BS187,0.0,2013-01-01,3.3814185,2012-01-01,289.12146229561563,282.8127779100762,"{""geodesic"":false,""type"":""Point"",""coordinates"":[-121.82731795984343,36.28111277925503]}"
6_0000000000000000006d_0,27.933172290400563,275.0,0.8371020969639172,BS188,0.0,2013-01-01,3.3814185,2012-01-01,289.12146229561563,282.8127779100762,"{""geodesic"":false,""type"":""Point"",""coordinates"":[-121.82300604647965,36.26413462038517]}"
6_0000000000000000006e_0,52.495538537912054,109.0,0.7814497760728163,BS190,0.0,2013-01-01,3.3814185,2012-01-01,289.12146229561563,282.8127779100762,"{""geodesic"":false,""type"":""Point"",""coordinates"":[-121.83297734613338,36.285963681789276]}"
6_0000000000000000006f_0,59.73786371097763,422.0,0.7927814623284537,BS193,0.0,2013-01-01,3.3814185,2012-01-01,289.12146229561563,282.8127779100762,"{""geodesic"":false,""type"":""Point"",""coordinates"":[-121.82839593818437,36.2988994218806]}"
6_00000000000000000070_0,80.36755625681654,437.0,0.7076844537538879,BS194,0.0,2013-01-01,3.3814185,2012-01-01,289.12146229561563,282.8127779100762,"{""geodesic"":false,""type"":""Point"",""coordinates"":[-121.82408402482059,36.29674346519871]}"
6_00000000000000000071_0,90.25385571691245,590.0,0.5648864484928552,BS195,0.0,2013-01-01,3.3814185,2012-01-01,289.12146229561563,282.8127779100762,"{""geodesic"":false,""type"":""Point"",""coordinates"":[-121.81249575765546,36.2951264976873]}"
6_00000000000000000072_0,66.75177752372828,661.0,0.605937915748213,BS196,0.0,2013-01-01,3.3814185,2012-01-01,289.12146229561563,282.8127779100762,"{""geodesic"":false,""type"":""Point"",""coordinates"":[-121.80926182263262,36.29135357349399]}"
6_00000000000000000073_0,16.989630643660874,790.0,0.7349408526695772,BS201,0.0,2013-01-01,2.4972844,2012-01-01,289.27928882869867,281.98227358124944,"{""geodesic"":false,""type"":""Point"",""coordinates"":[-121.82650947608772,36.353606822683474]}"
6_00000000000000000074_0,19.226485292757125,787.0,0.5620569170501069,BS202,0.0,2013-01-01,2.4972844,2012-01-01,289.27928882869867,281.98227358124944,"{""geodesic"":false,""type"":""Point"",""coordinates"":[-121.83567229198573,36.35333732809824]}"
6_00000000000000000075_0,29.779880740519264,795.0,0.8501067734693045,BS203,0.0,2013-01-01,2.4972844,2012-01-01,289.27928882869867,281.98227358124944,"{""geodesic"":false,""type"":""Point"",""coordinates"":[-121.83675027032668,36.35791873604725]}"
6_00000000000000000076_0,26.499896323031535,794.0,0.8478908734654754,BS204,0.0,2013-01-01,2.4972844,2012-01-01,289.27928882869867,281.98227358124944,"{""geodesic"":false,""type"":""Point"",""coordinates"":[-121.84240965661662,36.358188230632486]}"
6_00000000000000000077_0,34.10012712719116,98.0,0.806043035417981,BS205,0.0,2013-01-01,3.3814185,2012-01-01,289.12146229561563,282.8127779100762,"{""geodesic"":false,""type"":""Point"",""coordinates"":[-121.81195676848498,36.27006350126036]}"
6_00000000000000000078_0,33.3948539714009,335.0,0.8605703431310076,BS207,0.0,2013-01-01,3.3814185,2012-01-01,289.12146229561563,282.8127779100762,"{""geodesic"":false,""type"":""Point"",""coordinates"":[-121.80252445800173,36.25712776116904]}"
6_00000000000000000080_0,75.50939831203758,375.0,0.7011011204137778,BS223,0.0,2013-01-01,2.8505218,2012-01-01,289.7621787649686,281.7619321645935,"{""geodesic"":false,""type"":""Point"",""coordinates"":[-121.74916453012503,36.250390396538144]}"
6_00000000000000000081_0,73.48081372723136,457.0,0.7781046692754604,BS224,0.0,2013-01-01,2.8505218,2012-01-01,289.7621787649686,281.7619321645935,"{""geodesic"":false,""type"":""Point"",""coordinates"":[-121.73973221964177,36.25389382614621]}"
6_00000000000000000082_0,61.3208023733946,497.0,0.7628564947908513,BS226,0.0,2013-01-01,3.0761282,2012-01-01,290.04281411926604,283.30041249593097,"{""geodesic"":false,""type"":""Point"",""coordinates"":[-121.73595929544847,36.24958191278244]}"
6_00000000000000000083_0,77.46978025096791,517.0,0.6782501570084363,BS228,0.0,2013-01-01,3.0761282,2012-01-01,290.04281411926604,283.30041249593097,"{""geodesic"":false,""type"":""Point"",""coordinates"":[-121.72733546872092,36.24580898858913]}"
6_00000000000000000084_0,78.51950465825102,742.0,0.6798543062939029,BS229,0.0,2013-01-01,3.0761282,2012-01-01,290.04281411926604,283.30041249593097,"{""geodesic"":false,""type"":""Point"",""coordinates"":[-121.7286829416471,36.23637667810588]}"
6_00000000000000000085_0,40.86302486543262,563.0,0.7272956321282064,BS230,0.0,2013-01-01,3.0761282,2012-01-01,290.04281411926604,283.30041249593097,"{""geodesic"":false,""type"":""Point"",""coordinates"":[-121.72059810409003,36.24149707522536]}"
6_00000000000000000086_0,79.74983728830148,723.0,0.6223826670768928,BS232,0.0,2013-01-01,3.0761282,2012-01-01,290.04281411926604,283.30041249593097,"{""geodesic"":false,""type"":""Point"",""coordinates"":[-121.74620008968743,36.23961061312871]}"
6_00000000000000000087_0,89.37575638358577,709.0,0.6613979949885085,BS233,0.0,2013-01-01,3.0761282,2012-01-01,290.04281411926604,283.30041249593097,"{""geodesic"":false,""type"":""Point"",""coordinates"":[-121.74512211134649,36.2312562809864]}"
6_0000000000000000008b_0,81.67013863515261,325.0,0.782563564396138,BS240,0.0,2013-01-01,3.0761282,2012-01-01,290.04281411926604,283.30041249593097,"{""geodesic"":false,""type"":""Point"",""coordinates"":[-121.71844214740814,36.24796494527102]}"
6_0000000000000000008c_0,69.50312981816323,376.0,0.7862853672774609,BS241,0.0,2013-01-01,3.0761282,2012-01-01,290.04281411926604,283.30041249593097,"{""geodesic"":false,""type"":""Point"",""coordinates"":[-121.71332175028866,36.24607848317437]}"
6_0000000000000000008d_0,39.80050667730916,442.0,0.8375181117855169,BS242,0.0,2013-01-01,3.0761282,2012-01-01,290.04281411926604,283.30041249593097,"{""geodesic"":false,""type"":""Point"",""coordinates"":[-121.70173348312352,36.24715646151531]}"
6_0000000000000000008e_0,76.47594181899338,451.0,0.7527689777762946,BS243,0.0,2013-01-01,2.7321708,2012-01-01,290.04281411926604,283.30041249593097,"{""geodesic"":false,""type"":""Point"",""coordinates"":[-121.6941876347369,36.248503934441494]}"
6_0000000000000000008f_0,34.21851284808782,394.0,0.7873087132564441,BS244,0.0,2013-01-01,2.576795,2012-01-01,289.7621787649686,281.7619321645935,"{""geodesic"":false,""type"":""Point"",""coordinates"":[-121.68771976469125,36.25200736404956]}"
6_00000000000000000090_0,76.49789876472954,459.0,0.7323456664067859,BS245,0.0,2013-01-01,2.7321708,2012-01-01,290.04281411926604,283.30041249593097,"{""geodesic"":false,""type"":""Point"",""coordinates"":[-121.68125189464558,36.2493124181972]}"
6_00000000000000000091_0,29.131855621326466,528.0,0.6710015128509187,BS246,0.0,2013-01-01,2.576795,2012-01-01,289.7621787649686,281.7619321645935,"{""geodesic"":false,""type"":""Point"",""coordinates"":[-121.67720947586704,36.250390396538144]}"
6_00000000000000000092_0,21.695615660388718,604.0,0.7993008060403409,BS247,0.0,2013-01-01,2.576795,2012-01-01,289.7621787649686,281.7619321645935,"{""geodesic"":false,""type"":""Point"",""coordinates"":[-121.67074160582139,36.2560497828281]}"
6_00000000000000000093_0,38.722463978916906,692.0,0.6467115056340692,BS248,0.0,2013-01-01,2.7321708,2012-01-01,290.04281411926604,283.30041249593097,"{""geodesic"":false,""type"":""Point"",""coordinates"":[-121.65942283324148,36.248503934441494]}"
6_00000000000000000094_0,26.03829967337663,580.0,0.7715667487626234,BS249,0.0,2013-01-01,2.7321708,2012-01-01,290.04281411926604,283.30041249593097,"{""geodesic"":false,""type"":""Point"",""coordinates"":[-121.65349395236629,36.248503934441494]}"
6_00000000000000000095_0,27.629833746774512,827.0,0.7280173034390892,BS251,0.0,2013-01-01,3.0761282,2012-01-01,290.04281411926604,283.30041249593097,"{""geodesic"":false,""type"":""Point"",""coordinates"":[-121.73191687666993,36.23044779723069]}"
6_00000000000000000096_0,35.54917243542716,888.0,0.7309601348547555,BS253,0.0,2013-01-01,3.0761282,2012-01-01,290.04281411926604,283.30041249593097,"{""geodesic"":false,""type"":""Point"",""coordinates"":[-121.71763366365244,36.22020700299173]}"
6_00000000000000000097_0,51.33967139655763,901.0,0.7814962522126572,BS254,0.0,2013-01-01,3.0761282,2012-01-01,290.04281411926604,283.30041249593097,"{""geodesic"":false,""type"":""Point"",""coordinates"":[-121.71170478277725,36.219937508406495]}"
6_00000000000000000098_0,90.49094677605079,1127.0,0.5173043956694242,BS257,0.0,2013-01-01,2.7321708,2012-01-01,290.04281411926604,283.30041249593097,"{""geodesic"":false,""type"":""Point"",""coordinates"":[-121.67936543254893,36.20969671416753]}"
6_00000000000000000099_0,28.73710259058824,122.0,0.7272302984884684,BS259,0.0,2013-01-01,3.28432,2012-01-01,289.12146229561563,282.8127779100762,"{""geodesic"":false,""type"":""Point"",""coordinates"":[-121.79875153380843,36.26629057706706]}"
6_0000000000000000009a_0,31.77121873225692,256.0,0.8585026720981103,BS260,0.0,2013-01-01,3.3814185,2012-01-01,289.12146229561563,282.8127779100762,"{""geodesic"":false,""type"":""Point"",""coordinates"":[-121.80521940385408,36.260900685362344]}"
6_0000000000000000009b_0,33.188973262071606,539.0,0.7315606289291782,BS262,0.0,2013-01-01,3.0761282,2012-01-01,290.04281411926604,283.30041249593097,"{""geodesic"":false,""type"":""Point"",""coordinates"":[-121.71978962033431,36.23718516186159]}"
6_0000000000000000009c_0,23.15154891973842,209.0,0.8052208743013314,BS265,0.0,2013-01-01,3.3814185,2012-01-01,289.12146229561563,282.8127779100762,"{""geodesic"":false,""type"":""Point"",""coordinates"":[-121.81707716560446,36.25012090195291]}"
6_0000000000000000009e_0,21.880368190792154,854.0,0.5453279976335008,BS271,0.0,2013-01-01,3.0761282,2012-01-01,290.04281411926604,283.30041249593097,"{""geodesic"":false,""type"":""Point"",""coordinates"":[-121.71224377194771,36.213200143775595]}"
6_0000000000000000009f_0,52.592601133713416,635.0,0.6106422519099745,BS272,0.0,2013-01-01,3.0761282,2012-01-01,290.04281411926604,283.30041249593097,"{""geodesic"":false,""type"":""Point"",""coordinates"":[-121.7001165156121,36.20134238202522]}"
6_000000000000000000a0_0,21.69602298356183,765.0,0.7289951726631209,BS273,0.0,2013-01-01,2.7321708,2012-01-01,290.04281411926604,283.30041249593097,"{""geodesic"":false,""type"":""Point"",""coordinates"":[-121.69472662390739,36.205384800803756]}"
6_000000000000000000a1_0,36.88659820528851,1154.0,0.5625873665608908,BS274,0.0,2013-01-01,2.9724863,2012-01-01,290.04281411926604,283.30041249593097,"{""geodesic"":false,""type"":""Point"",""coordinates"":[-121.65645839280388,36.18975411486008]}"
6_000000000000000000a2_0,77.4535536887862,385.0,0.8023175996997752,BS276,0.0,2013-01-01,2.9724863,2012-01-01,290.04281411926604,283.30041249593097,"{""geodesic"":false,""type"":""Point"",""coordinates"":[-121.68610279717983,36.180321804376824]}"
6_000000000000000000a3_0,53.56898384291287,271.0,0.8168746559531158,BS277,0.0,2013-01-01,2.9724863,2012-01-01,290.04281411926604,283.30041249593097,"{""geodesic"":false,""type"":""Point"",""coordinates"":[-121.66616019787239,36.16630808594456]}"
6_000000000000000000a8_0,65.88393320773332,617.0,0.6589729049531082,BS283,0.0,2013-01-01,2.9724863,2012-01-01,290.04281411926604,283.30041249593097,"{""geodesic"":false,""type"":""Point"",""coordinates"":[-121.68044341088988,36.180052309791584]}"
6_000000000000000000a9_0,109.20362591103391,987.0,0.5780749955863542,BS287,0.0,2013-01-01,2.5845616,2012-01-01,290.5075955833894,282.3034610435611,"{""geodesic"":false,""type"":""Point"",""coordinates"":[-121.61010532414332,36.15013841083041]}"
6_000000000000000000aa_0,72.96821901648342,400.0,0.6756152665358209,BS292,0.0,2013-01-01,1.6963698,2012-01-01,288.6959446557884,283.1676958428055,"{""geodesic"":false,""type"":""Point"",""coordinates"":[-121.85157247251465,36.48916259905711]}"
6_000000000000000000ab_0,47.8236121206468,307.0,0.8154633929812128,BS293,0.0,2013-01-01,1.6963698,2012-01-01,288.6959446557884,283.1676958428055,"{""geodesic"":false,""type"":""Point"",""coordinates"":[-121.8534589346113,36.47919129940339]}"
6_000000000000000000ac_0,57.62498409003657,489.0,0.729590207533429,BS294,0.0,2013-01-01,1.6963698,2012-01-01,288.6959446557884,283.1676958428055,"{""geodesic"":false,""type"":""Point"",""coordinates"":[-121.8572318588046,36.46059617302211]}"
6_000000000000000000ad_0,77.12672788702315,205.0,0.8122172785673613,BS295,0.0,2013-01-01,1.8094087,2012-01-01,291.9795911611755,283.67285906682247,"{""geodesic"":false,""type"":""Point"",""coordinates"":[-121.49098871746908,35.99464003514932]}"
6_000000000000000000ae_0,35.721922711744114,616.0,0.803222383523178,BS296,0.0,2013-01-01,1.9078315,2012-01-01,291.9795911611755,283.67285906682247,"{""geodesic"":false,""type"":""Point"",""coordinates"":[-121.47077662357638,36.00299436729163]}"
6_000000000000000000af_0,22.001245900856638,626.0,0.8126168320053638,BS297,0.0,2013-01-01,1.9078315,2012-01-01,291.9795911611755,283.67285906682247,"{""geodesic"":false,""type"":""Point"",""coordinates"":[-121.45622391597365,36.00110790519498]}"
6_000000000000000000b0_0,73.94544195029304,223.0,0.7916614273442855,BS299,0.0,2013-01-01,1.8094087,2012-01-01,291.9795911611755,283.67285906682247,"{""geodesic"":false,""type"":""Point"",""coordinates"":[-121.47454954776968,35.99140610012648]}"
6_000000000000000000b1_0,60.40883066877677,530.0,0.7879999924029752,BS301,0.0,2013-01-01,1.8094087,2012-01-01,291.9795911611755,283.67285906682247,"{""geodesic"":false,""type"":""Point"",""coordinates"":[-121.46969864523544,35.98682469217748]}"
6_000000000000000000b2_0,70.95389748129716,675.0,0.7612698268106283,BS303,0.0,2013-01-01,1.8094087,2012-01-01,291.9795911611755,283.67285906682247,"{""geodesic"":false,""type"":""Point"",""coordinates"":[-121.46592572104214,35.981704295057995]}"
6_000000000000000000b3_0,55.67821454926784,861.0,0.7490534768619572,BS304,0.0,2013-01-01,1.8094087,2012-01-01,291.9795911611755,283.67285906682247,"{""geodesic"":false,""type"":""Point"",""coordinates"":[-121.454337453877,35.97604490876804]}"
6_000000000000000000b4_0,86.59250708438219,918.0,0.5703097357119327,BS306,0.0,2013-01-01,1.7826133,2012-01-01,292.99485924725974,283.2394495479396,"{""geodesic"":false,""type"":""Point"",""coordinates"":[-121.43412535998431,35.98224328422847]}"
6_000000000000000000b5_0,40.22917842490262,639.0,0.7801327797105312,BS309,0.0,2013-01-01,1.8094087,2012-01-01,291.9795911611755,283.67285906682247,"{""geodesic"":false,""type"":""Point"",""coordinates"":[-121.45110351885417,35.98682469217748]}"
6_000000000000000000b6_0,41.41038587951192,528.0,0.73477163121549,BS310,0.0,2013-01-01,1.8094087,2012-01-01,291.9795911611755,283.67285906682247,"{""geodesic"":false,""type"":""Point"",""coordinates"":[-121.47401055859922,35.98143480047276]}"
6_000000000000000000b7_0,23.808181329811106,600.0,0.7476504892014182,BS312,0.0,2013-01-01,1.8094087,2012-01-01,291.9795911611755,283.67285906682247,"{""geodesic"":false,""type"":""Point"",""coordinates"":[-121.45784088348506,35.95960573906866]}"
6_000000000000000000b8_0,21.266220211262876,603.0,0.8014429597869265,BS313,0.0,2013-01-01,1.7826133,2012-01-01,292.99485924725974,283.2394495479396,"{""geodesic"":false,""type"":""Point"",""coordinates"":[-121.43547283291049,35.952868374437756]}"
6_000000000000000000b9_0,58.13072312346241,819.0,0.7447533385088551,BS315,0.0,2013-01-01,1.7728959,2012-01-01,292.8662448737139,284.5254670440174,"{""geodesic"":false,""type"":""Point"",""coordinates"":[-121.42819647910912,35.94316656936927]}"
6_000000000000000000ba_0,64.18464362736326,591.0,0.8289358459221288,BS316,0.0,2013-01-01,1.7728959,2012-01-01,292.8662448737139,284.5254670440174,"{""geodesic"":false,""type"":""Point"",""coordinates"":[-121.43978474627426,35.940471623516906]}"
6_000000000000000000bb_0,65.97270889684037,544.0,0.7867903823549927,BS317,0.0,2013-01-01,1.7728959,2012-01-01,292.8662448737139,284.5254670440174,"{""geodesic"":false,""type"":""Point"",""coordinates"":[-121.4446356488085,35.94181909644309]}"
6_000000000000000000bc_0,54.22043187981363,1007.0,0.7903137987861961,BS320,0.0,2013-01-01,1.7826133,2012-01-01,292.99485924725974,283.2394495479396,"{""geodesic"":false,""type"":""Point"",""coordinates"":[-121.42280658740441,35.9501734285854]}"
6_000000000000000000bd_0,20.40919259392445,928.0,0.7720436015036812,BS321,0.0,2013-01-01,1.7728959,2012-01-01,292.8662448737139,284.5254670440174,"{""geodesic"":false,""type"":""Point"",""coordinates"":[-121.42523203867152,35.938046172249784]}"
6_000000000000000000be_0,27.30929038793279,954.0,0.7599815420449424,BS322,0.0,2013-01-01,1.7728959,2012-01-01,292.8662448737139,284.5254670440174,"{""geodesic"":false,""type"":""Point"",""coordinates"":[-121.42900496286482,35.93346476430078]}"
6_000000000000000000bf_0,33.48121526585319,816.0,0.7118940392882098,BS323,0.0,2013-01-01,1.7728959,2012-01-01,292.8662448737139,284.5254670440174,"{""geodesic"":false,""type"":""Point"",""coordinates"":[-121.43116091954671,35.923762959232285]}"
6_000000000000000000c0_0,36.56632052417385,766.0,0.6544852296035489,BS324,0.0,2013-01-01,1.7728959,2012-01-01,292.8662448737139,284.5254670440174,"{""geodesic"":false,""type"":""Point"",""coordinates"":[-121.43223889788766,35.9186425621128]}"
6_000000000000000000c1_0,38.23281380421584,730.0,0.7678598822807382,BS326,0.0,2013-01-01,1.7728959,2012-01-01,292.8662448737139,284.5254670440174,"{""geodesic"":false,""type"":""Point"",""coordinates"":[-121.43062193037625,35.913522164993324]}"
6_000000000000000000c2_0,48.57940576104974,449.0,0.8359481302400898,BS328,0.0,2013-01-01,1.772258,2012-01-01,292.8662448737139,284.5254670440174,"{""geodesic"":false,""type"":""Point"",""coordinates"":[-121.43439485456955,35.89034563066304]}"
6_000000000000000000c3_0,30.85819759667889,602.0,0.729067699875619,BS330,0.0,2013-01-01,1.772258,2012-01-01,292.8662448737139,284.5254670440174,"{""geodesic"":false,""type"":""Point"",""coordinates"":[-121.4287354682796,35.88145230935026]}"
6_000000000000000000c4_0,26.932863788395444,758.0,0.8231651090930608,BS331,0.0,2013-01-01,1.772258,2012-01-01,292.8662448737139,284.5254670440174,"{""geodesic"":false,""type"":""Point"",""coordinates"":[-121.41876416862587,35.88414725520261]}"
6_000000000000000000c5_0,55.8885508131702,835.0,0.8719720173323493,BS333,0.0,2013-01-01,1.772258,2012-01-01,292.8662448737139,284.5254670440174,"{""geodesic"":false,""type"":""Point"",""coordinates"":[-121.40178600975601,35.88818967398115]}"
6_000000000000000000c6_0,68.80346762337639,972.0,0.8288830106636768,BS334,0.0,2013-01-01,1.7171775,2012-01-01,292.8662448737139,284.5254670440174,"{""geodesic"":false,""type"":""Point"",""coordinates"":[-121.3875027967385,35.890884619833514]}"
6_000000000000000000c7_0,53.01099251525845,935.0,0.8522670284554921,BS335,0.0,2013-01-01,1.7171775,2012-01-01,292.8662448737139,284.5254670440174,"{""geodesic"":false,""type"":""Point"",""coordinates"":[-121.3791484645962,35.89223209275969]}"
6_000000000000000000c8_0,50.39264364034216,606.0,0.7858858461262954,BS338,0.0,2013-01-01,1.7171775,2012-01-01,292.8662448737139,284.5254670440174,"{""geodesic"":false,""type"":""Point"",""coordinates"":[-121.3942401613694,35.87094202052606]}"
6_000000000000000000c9_0,27.037098700460493,503.0,0.7852571096795845,BS355,0.0,2013-01-01,2.860005,2012-01-01,289.12146229561563,282.8127779100762,"{""geodesic"":false,""type"":""Point"",""coordinates"":[-121.78824124498422,36.33393371796126]}"
6_000000000000000000ca_0,53.01271638921735,807.0,0.660167246369456,BS358,0.0,2013-01-01,2.860005,2012-01-01,289.12146229561563,282.8127779100762,"{""geodesic"":false,""type"":""Point"",""coordinates"":[-121.78608528830233,36.3455219851264]}"
6_000000000000000000cb_0,49.49355622877125,736.0,0.7520378040807968,BS359,0.0,2013-01-01,2.3157837,2012-01-01,289.27928882869867,281.98227358124944,"{""geodesic"":false,""type"":""Point"",""coordinates"":[-121.79039720166611,36.35037288766065]}"
6_000000000000000000cc_0,33.10702172396993,936.0,0.6862702002864979,BS360,0.0,2013-01-01,2.3157837,2012-01-01,289.27928882869867,281.98227358124944,"{""geodesic"":false,""type"":""Point"",""coordinates"":[-121.79120568542182,36.355762779365364]}"
6_000000000000000000cd_0,37.43932147567514,1015.0,0.6708836257808968,BS365,0.0,2013-01-01,2.7321708,2012-01-01,290.04281411926604,283.30041249593097,"{""geodesic"":false,""type"":""Point"",""coordinates"":[-121.68610279717983,36.22290194884409]}"
6_000000000000000000ce_0,26.96470914658904,665.0,0.6581542458852752,BS372,0.0,2013-01-01,3.0761282,2012-01-01,290.04281411926604,283.30041249593097,"{""geodesic"":false,""type"":""Point"",""coordinates"":[-121.73568980086323,36.22290194884409]}"
6_000000000000000000cf_0,46.35659608554689,783.0,0.6003700679566656,BS373,0.0,2013-01-01,3.0761282,2012-01-01,290.04281411926604,283.30041249593097,"{""geodesic"":false,""type"":""Point"",""coordinates"":[-121.7362287900337,36.228022345963566]}"
6_000000000000000000d1_0,64.95497275762878,371.0,0.7742391497184028,BS378,0.0,2013-01-01,3.0761282,2012-01-01,290.04281411926604,283.30041249593097,"{""geodesic"":false,""type"":""Point"",""coordinates"":[-121.74566110051695,36.219668013821256]}"
6_000000000000000000d2_0,49.3998674916575,746.0,0.44624073061982084,BS379,0.0,2013-01-01,3.0761282,2012-01-01,290.04281411926604,283.30041249593097,"{""geodesic"":false,""type"":""Point"",""coordinates"":[-121.73973221964177,36.23098678640116]}"
6_000000000000000000d8_0,36.94724674505814,371.0,0.8396787626691359,BS390,0.0,2013-01-01,2.860005,2012-01-01,289.12146229561563,282.8127779100762,"{""geodesic"":false,""type"":""Point"",""coordinates"":[-121.79470911502989,36.333394728790786]}"
6_000000000000000000dd_0,28.765756426350915,878.0,0.7905780381093928,BS399,0.0,2013-01-01,1.7728959,2012-01-01,292.8662448737139,284.5254670440174,"{""geodesic"":false,""type"":""Point"",""coordinates"":[-121.42361507116011,35.93076981844842]}"
6_000000000000000000de_0,50.999688967283625,878.0,0.6334168776463412,BS405,0.0,2013-01-01,2.0306916,2012-01-01,291.9795911611755,283.67285906682247,"{""geodesic"":false,""type"":""Point"",""coordinates"":[-121.535455324033,36.04476602800319]}"
6_000000000000000000e1_0,31.56439666887356,263.0,0.8815116133906372,BS412,0.0,2013-01-01,1.7728959,2012-01-01,292.8662448737139,284.5254670440174,"{""geodesic"":false,""type"":""Point"",""coordinates"":[-121.41849467404063,35.90408985451007]}"
6_000000000000000000e2_0,30.766149592177555,628.0,0.6867143583500062,BS413,0.0,2013-01-01,1.6128279,2012-01-01,293.4906592030343,284.44219607994205,"{""geodesic"":false,""type"":""Point"",""coordinates"":[-121.33360387969134,35.806263320069455]}"
6_000000000000000000e5_0,71.31696919770665,597.0,0.7863566000378177,BS420,0.0,2013-01-01,1.9078315,2012-01-01,291.9795911611755,283.67285906682247,"{""geodesic"":false,""type"":""Point"",""coordinates"":[-121.49071922288384,36.02374545035479]}"
6_000000000000000000e6_0,22.333224659837484,133.0,0.8236922827673887,BS423,0.0,2013-01-01,2.0306916,2012-01-01,291.9795911611755,283.67285906682247,"{""geodesic"":false,""type"":""Point"",""coordinates"":[-121.52144160560073,36.01566061279771]}"
6_000000000000000000e7_0,75.19009017869347,1336.0,0.7537632061955292,BS425,0.0,2013-01-01,1.9334219,2012-01-01,291.4839085646666,282.81416441703755,"{""geodesic"":false,""type"":""Point"",""coordinates"":[-121.49880406044092,36.05500682224215]}"
6_000000000000000000e8_0,24.560139974643754,268.0,0.8072606144477374,BS426,0.0,2013-01-01,2.0306916,2012-01-01,291.9795911611755,283.67285906682247,"{""geodesic"":false,""type"":""Point"",""coordinates"":[-121.52817897023162,36.018894547820544]}"
6_000000000000000000e9_0,65.53740487252989,531.0,0.8444354177020156,BS427,0.0,2013-01-01,2.4972844,2012-01-01,289.27928882869867,281.98227358124944,"{""geodesic"":false,""type"":""Point"",""coordinates"":[-121.83459431364479,36.37193245447951]}"
6_000000000000000000ea_0,55.75345972090102,379.0,0.746892353240566,BS429,0.0,2013-01-01,1.6963698,2012-01-01,288.6959446557884,283.1676958428055,"{""geodesic"":false,""type"":""Point"",""coordinates"":[-121.85184196709989,36.47245393477249]}"
6_000000000000000000eb_0,107.17211786427754,524.0,0.6264988258618528,BS430,0.0,2013-01-01,1.8252399,2012-01-01,289.81828116328336,282.2181708747572,"{""geodesic"":false,""type"":""Point"",""coordinates"":[-121.81087879014403,36.46625555931207]}"
6_000000000000000000ec_0,36.2076802084432,808.0,0.813038715539101,BS431,0.0,2013-01-01,1.6963698,2012-01-01,288.6959446557884,283.1676958428055,"{""geodesic"":false,""type"":""Point"",""coordinates"":[-121.86100478299791,36.45008588419791]}"
6_000000000000000000ed_0,24.28835281873683,385.0,0.8323490138040046,BS433,0.0,2013-01-01,2.9822931,2012-01-01,289.12146229561563,282.8127779100762,"{""geodesic"":false,""type"":""Point"",""coordinates"":[-121.80737536053597,36.347677941808286]}"
6_000000000000000000ee_0,24.958810494944146,875.0,0.8507778557610784,BS434,0.0,2013-01-01,1.6963698,2012-01-01,288.6959446557884,283.1676958428055,"{""geodesic"":false,""type"":""Point"",""coordinates"":[-121.85103348334418,36.45089436795362]}"
6_000000000000000000ef_0,26.98158752832661,1045.0,0.5398451855504304,BS436,0.0,2013-01-01,2.4762003,2012-01-01,289.7621787649686,281.7619321645935,"{""geodesic"":false,""type"":""Point"",""coordinates"":[-121.72140658784573,36.3417490609331]}"
6_000000000000000000f0_0,31.903214366741068,367.0,0.8003767210384239,BS438,0.0,2013-01-01,2.9822931,2012-01-01,289.12146229561563,282.8127779100762,"{""geodesic"":false,""type"":""Point"",""coordinates"":[-121.80872283346216,36.34228805010357]}"
6_000000000000000000f1_0,26.472822495169872,109.0,0.7851517249443967,BS457,0.0,2013-01-01,2.9724863,2012-01-01,290.04281411926604,283.30041249593097,"{""geodesic"":false,""type"":""Point"",""coordinates"":[-121.6925706672255,36.17870483686541]}"
6_000000000000000000f4_0,40.85032395025069,438.0,0.5989189002407003,BS468,0.0,2013-01-01,1.8252399,2012-01-01,289.81828116328336,282.2181708747572,"{""geodesic"":false,""type"":""Point"",""coordinates"":[-121.8467215699804,36.48512018027858]}"
6_000000000000000000f5_0,53.328872008359134,579.0,0.7901180567939283,BS469,0.0,2013-01-01,1.6963698,2012-01-01,288.6959446557884,283.1676958428055,"{""geodesic"":false,""type"":""Point"",""coordinates"":[-121.85830983714554,36.45574527048787]}"
6_000000000000000000f6_0,52.86865995623266,737.0,0.8075187239111093,BS470,0.0,2013-01-01,1.6963698,2012-01-01,288.6959446557884,283.1676958428055,"{""geodesic"":false,""type"":""Point"",""coordinates"":[-121.85291994544083,36.45628425965834]}"
6_000000000000000000f7_0,71.20264776655716,290.0,0.768857242915721,BS474,0.0,2013-01-01,1.8094087,2012-01-01,291.9795911611755,283.67285906682247,"{""geodesic"":false,""type"":""Point"",""coordinates"":[-121.46727319396832,35.990328121785545]}"
6_000000000000000000f8_0,90.43730145940245,972.0,0.6487158243388615,BS478,0.0,2013-01-01,1.7826133,2012-01-01,292.99485924725974,283.2394495479396,"{""geodesic"":false,""type"":""Point"",""coordinates"":[-121.4333168762286,35.99437054056408]}"
6_000000000000000000f9_0,35.75711632736201,507.0,0.6826435501418543,BS486,0.0,2013-01-01,1.8094087,2012-01-01,291.9795911611755,283.67285906682247,"{""geodesic"":false,""type"":""Point"",""coordinates"":[-121.46835117230926,35.95367685819347]}"
6_000000000000000000fb_0,51.604606817253014,836.0,0.8239616275976461,BS499,0.0,2013-01-01,1.772258,2012-01-01,292.8662448737139,284.5254670440174,"{""geodesic"":false,""type"":""Point"",""coordinates"":[-121.4077148906312,35.88738119022545]}"
6_000000000000000000fc_0,15.079926723407658,677.0,0.8049545539812218,BS504,0.0,2013-01-01,1.7171775,2012-01-01,292.8662448737139,284.5254670440174,"{""geodesic"":false,""type"":""Point"",""coordinates"":[-121.38911976424993,35.874175955548885]}"
6_000000000000000000fe_0,31.978486542976405,706.0,0.8249512005945634,BS518,0.0,2013-01-01,2.4972844,2012-01-01,289.27928882869867,281.98227358124944,"{""geodesic"":false,""type"":""Point"",""coordinates"":[-121.83109088403673,36.38432920540036]}"
6_000000000000000000ff_0,45.35724807592831,538.0,0.808862227605821,BS519,0.0,2013-01-01,2.4972844,2012-01-01,289.27928882869867,281.98227358124944,"{""geodesic"":false,""type"":""Point"",""coordinates"":[-121.83944521617903,36.38352072164466]}"
6_00000000000000000101_0,34.81537346631979,581.0,0.7477050429126141,BS521,0.0,2013-01-01,2.9724863,2012-01-01,290.04281411926604,283.30041249593097,"{""geodesic"":false,""type"":""Point"",""coordinates"":[-121.69526561307785,36.19837794158762]}"
6_00000000000000000102_0,21.570157217152243,562.0,0.8504585146503061,BS600,0.0,2013-01-01,2.4972844,2012-01-01,289.27928882869867,281.98227358124944,"{""geodesic"":false,""type"":""Point"",""coordinates"":[-121.8219280681387,36.3598051981439]}"
6_00000000000000000103_0,41.228337137674266,638.0,0.8261257423238535,BS601,0.0,2013-01-01,2.4972844,2012-01-01,289.27928882869867,281.98227358124944,"{""geodesic"":false,""type"":""Point"",""coordinates"":[-121.83324684071862,36.35926620897343]}"
6_00000000000000000104_0,18.978276377237698,518.0,0.8552013514164439,BS603,0.0,2013-01-01,2.4972844,2012-01-01,289.27928882869867,281.98227358124944,"{""geodesic"":false,""type"":""Point"",""coordinates"":[-121.84079268910521,36.366273068189564]}"
6_00000000000000000105_0,26.48984335335591,565.0,0.8549410450462024,BS604,0.0,2013-01-01,2.4972844,2012-01-01,289.27928882869867,281.98227358124944,"{""geodesic"":false,""type"":""Point"",""coordinates"":[-121.84887752666229,36.367890035700974]}"
6_00000000000000000107_0,37.20206146662278,1022.0,0.6625227793017217,BS607,0.0,2013-01-01,2.2604308,2012-01-01,290.5075955833894,282.3034610435611,"{""geodesic"":false,""type"":""Point"",""coordinates"":[-121.59151019776205,36.15013841083041]}"
6_00000000000000000108_0,82.38559001857033,257.0,0.7495840654268863,BS610,0.0,2013-01-01,2.9724863,2012-01-01,290.04281411926604,283.30041249593097,"{""geodesic"":false,""type"":""Point"",""coordinates"":[-121.66292626284955,36.16253516175126]}"
6_00000000000000000109_0,62.28563247467307,417.0,0.7928250500156796,BS611,0.0,2013-01-01,2.9724863,2012-01-01,290.04281411926604,283.30041249593097,"{""geodesic"":false,""type"":""Point"",""coordinates"":[-121.66454323036096,36.17304545057545]}"
6_0000000000000000010a_0,23.058593354225692,455.0,0.8059732523746106,BS612,0.0,2013-01-01,2.9724863,2012-01-01,290.04281411926604,283.30041249593097,"{""geodesic"":false,""type"":""Point"",""coordinates"":[-121.66993312206569,36.17277595599022]}"
6_0000000000000000010b_0,26.39356285732608,318.0,0.799384603577311,BS613,0.0,2013-01-01,2.9724863,2012-01-01,290.04281411926604,283.30041249593097,"{""geodesic"":false,""type"":""Point"",""coordinates"":[-121.6693941328952,36.165769096774085]}"
6_0000000000000000010c_0,45.09338018866091,320.0,0.8071651539686521,BS620,0.0,2013-01-01,2.9724863,2012-01-01,290.04281411926604,283.30041249593097,"{""geodesic"":false,""type"":""Point"",""coordinates"":[-121.6933791509812,36.184364223155356]}"
6_0000000000000000010d_0,78.68983470583892,262.0,0.7998941015184617,BS621,0.0,2013-01-01,3.0761282,2012-01-01,290.04281411926604,283.30041249593097,"{""geodesic"":false,""type"":""Point"",""coordinates"":[-121.74862554095455,36.21805104630984]}"
6_00000000000000000113_0,28.36158412439206,151.0,0.8214698603146495,BS627,0.0,2013-01-01,3.3814185,2012-01-01,289.12146229561563,282.8127779100762,"{""geodesic"":false,""type"":""Point"",""coordinates"":[-121.80279395258697,36.27087198501607]}"
6_00000000000000000114_0,31.60461532838779,97.0,0.8045417509546005,BS628,0.0,2013-01-01,3.3814185,2012-01-01,289.12146229561563,282.8127779100762,"{""geodesic"":false,""type"":""Point"",""coordinates"":[-121.80629738219503,36.269255017504655]}"
6_00000000000000000115_0,39.15482343344137,405.0,0.7926125808495003,BS629,0.0,2013-01-01,2.9724863,2012-01-01,290.04281411926604,283.30041249593097,"{""geodesic"":false,""type"":""Point"",""coordinates"":[-121.69526561307785,36.18813714734866]}"
6_00000000000000000116_0,30.702372243899717,552.0,0.8443682893252884,BS632,0.0,2013-01-01,2.9822931,2012-01-01,289.12146229561563,282.8127779100762,"{""geodesic"":false,""type"":""Point"",""coordinates"":[-121.80036850131984,36.325040396648475]}"
6_00000000000000000117_0,40.82209238589225,639.0,0.7811671222675692,BS633,0.0,2013-01-01,2.9822931,2012-01-01,289.12146229561563,282.8127779100762,"{""geodesic"":false,""type"":""Point"",""coordinates"":[-121.80063799590508,36.32261494538135]}"
7_00000000000000000000_0,59.62282897641837,381.0,0.8421873759740498,BS002,0.0,2014-01-01,0.5820599,2013-01-01,293.4120324957861,284.44964131394477,"{""geodesic"":false,""type"":""Point"",""coordinates"":[-121.3875027967385,35.85611981833809]}"
7_00000000000000000001_0,59.71973999273566,405.0,0.8156997692262348,BS003,0.0,2014-01-01,0.5820599,2013-01-01,293.4120324957861,284.44964131394477,"{""geodesic"":false,""type"":""Point"",""coordinates"":[-121.39208420468752,35.85072992663337]}"
7_00000000000000000002_0,59.67341248592299,790.0,0.8148222408627479,BS004,0.0,2014-01-01,0.5820599,2013-01-01,293.4120324957861,284.44964131394477,"{""geodesic"":false,""type"":""Point"",""coordinates"":[-121.36675171367534,35.85854526960521]}"
7_00000000000000000003_0,59.51069434587282,851.0,0.812139886838451,BS005,0.0,2014-01-01,0.5820599,2013-01-01,293.4120324957861,284.44964131394477,"{""geodesic"":false,""type"":""Point"",""coordinates"":[-121.36028384362969,35.85881476419044]}"
7_00000000000000000004_0,49.292846171876135,820.0,0.8281467094944971,BS006,0.0,2014-01-01,0.5820599,2013-01-01,293.4120324957861,284.44964131394477,"{""geodesic"":false,""type"":""Point"",""coordinates"":[-121.35381597358402,35.86043173170186]}"
7_00000000000000000005_0,18.833832994135495,883.0,0.7618913316061023,BS007,0.0,2014-01-01,0.5703963,2013-01-01,294.63775308687394,283.39780047691033,"{""geodesic"":false,""type"":""Point"",""coordinates"":[-121.33926326598129,35.857736785849504]}"
7_00000000000000000006_0,15.545992246573979,509.0,0.6292764385916036,BS011,0.0,2014-01-01,0.5737892,2013-01-01,293.6898028230014,284.809651832058,"{""geodesic"":false,""type"":""Point"",""coordinates"":[-121.37133312162436,35.8291703598145]}"
7_00000000000000000007_0,34.32893659618454,359.0,0.7788654202415142,BS012,0.0,2014-01-01,0.5737892,2013-01-01,293.6898028230014,284.809651832058,"{""geodesic"":false,""type"":""Point"",""coordinates"":[-121.37160261620959,35.82324147893931]}"
7_00000000000000000008_0,77.16267187820509,351.0,0.7955795347835375,BS015,0.0,2014-01-01,0.56070006,2013-01-01,294.0912220994087,284.3047013374224,"{""geodesic"":false,""type"":""Point"",""coordinates"":[-121.34303619017459,35.8253974356212]}"
7_00000000000000000009_0,64.79580489629231,453.0,0.8381259800948824,BS016,0.0,2014-01-01,0.56070006,2013-01-01,294.0912220994087,284.3047013374224,"{""geodesic"":false,""type"":""Point"",""coordinates"":[-121.33764629846988,35.82566693020643]}"
7_0000000000000000000a_0,51.88890530662661,518.0,0.8499268271009863,BS017,0.0,2014-01-01,0.56070006,2013-01-01,294.0912220994087,284.3047013374224,"{""geodesic"":false,""type"":""Point"",""coordinates"":[-121.33225640676515,35.82512794103596]}"
7_0000000000000000000b_0,37.016544442029776,611.0,0.8738689811981585,BS018,0.0,2014-01-01,0.56070006,2013-01-01,294.0912220994087,284.3047013374224,"{""geodesic"":false,""type"":""Point"",""coordinates"":[-121.32848348257185,35.82351097352455]}"
7_0000000000000000000c_0,63.43099013188744,466.0,0.8456134539539418,BS019,0.0,2014-01-01,0.56070006,2013-01-01,294.0912220994087,284.3047013374224,"{""geodesic"":false,""type"":""Point"",""coordinates"":[-121.34249720100412,35.82970934898497]}"
7_0000000000000000000d_0,38.10494129805982,400.0,0.8280609464284612,BS020,0.0,2014-01-01,0.56070006,2013-01-01,294.0912220994087,284.3047013374224,"{""geodesic"":false,""type"":""Point"",""coordinates"":[-121.3408802334927,35.83375176776351]}"
7_0000000000000000000e_0,33.073920414198945,639.0,0.8595307463070502,BS022,0.0,2014-01-01,0.56070006,2013-01-01,294.0912220994087,284.3047013374224,"{""geodesic"":false,""type"":""Point"",""coordinates"":[-121.3379157930551,35.84426205658771]}"
7_0000000000000000000f_0,30.713243421592324,233.0,0.8276083029814534,BS026,0.0,2014-01-01,0.58921206,2013-01-01,293.4120324957861,284.44964131394477,"{""geodesic"":false,""type"":""Point"",""coordinates"":[-121.42550153325676,35.90166440324295]}"
7_00000000000000000010_0,61.12559865962539,186.0,0.7975980090936439,BS027,0.0,2014-01-01,0.59512544,2013-01-01,293.4120324957861,284.44964131394477,"{""geodesic"":false,""type"":""Point"",""coordinates"":[-121.43089142496147,35.89789147904964]}"
7_00000000000000000011_0,22.280658946438603,317.0,0.7952084520353964,BS032,0.0,2014-01-01,0.5699205,2013-01-01,294.0912220994087,284.3047013374224,"{""geodesic"":false,""type"":""Point"",""coordinates"":[-121.3379157930551,35.797908987927144]}"
7_00000000000000000012_0,65.3161097558317,648.0,0.7198915282060797,BS034,0.0,2014-01-01,0.56070006,2013-01-01,294.0912220994087,284.3047013374224,"{""geodesic"":false,""type"":""Point"",""coordinates"":[-121.32686651506043,35.800064944609026]}"
7_00000000000000000013_0,21.74342786387873,390.0,0.7789644139430233,BS035,0.0,2014-01-01,0.5699205,2013-01-01,294.0912220994087,284.3047013374224,"{""geodesic"":false,""type"":""Point"",""coordinates"":[-121.31985965584431,35.789824150370066]}"
7_00000000000000000015_0,79.39508773224584,726.0,0.5340897758391333,BS044,0.0,2014-01-01,0.64689577,2013-01-01,292.4684527253451,283.6781596144585,"{""geodesic"":false,""type"":""Point"",""coordinates"":[-121.51712969223695,36.031560793326626]}"
7_00000000000000000016_0,23.07380083497468,517.0,0.7796744491831373,BS045,0.0,2014-01-01,0.64689577,2013-01-01,292.4684527253451,283.6781596144585,"{""geodesic"":false,""type"":""Point"",""coordinates"":[-121.50634990882752,36.02886584747427]}"
7_00000000000000000017_0,82.46377675103908,584.0,0.7384718852577286,BS046,0.0,2014-01-01,0.64689577,2013-01-01,292.4684527253451,283.6781596144585,"{""geodesic"":false,""type"":""Point"",""coordinates"":[-121.5047329413161,36.023475955769555]}"
7_00000000000000000018_0,20.915364043767287,690.0,0.6599914814526286,BS047,0.0,2014-01-01,0.60800517,2013-01-01,292.4684527253451,283.6781596144585,"{""geodesic"":false,""type"":""Point"",""coordinates"":[-121.49988203878186,36.02805736371856]}"
7_00000000000000000019_0,56.29617567503087,527.0,0.7957639064247982,BS048,0.0,2014-01-01,0.60800517,2013-01-01,292.4684527253451,283.6781596144585,"{""geodesic"":false,""type"":""Point"",""coordinates"":[-121.4904497282986,36.02859635288903]}"
7_0000000000000000001a_0,42.77469802727109,721.0,0.7810181090707412,BS050,0.0,2014-01-01,0.60800517,2013-01-01,292.4684527253451,283.6781596144585,"{""geodesic"":false,""type"":""Point"",""coordinates"":[-121.47966994488917,36.03290826625281]}"
7_0000000000000000001b_0,49.124604604581016,575.0,0.796244822769232,BS052,0.0,2014-01-01,0.64689577,2013-01-01,292.4684527253451,283.6781596144585,"{""geodesic"":false,""type"":""Point"",""coordinates"":[-121.50122951170803,36.01323516153059]}"
7_0000000000000000001c_0,89.80702786031037,380.0,0.7791216821008051,BS053,0.0,2014-01-01,0.64689577,2013-01-01,292.4684527253451,283.6781596144585,"{""geodesic"":false,""type"":""Point"",""coordinates"":[-121.50661940341276,36.01242667777488]}"
7_0000000000000000001d_0,74.99960388063211,573.0,0.662558003074856,BS054,0.0,2014-01-01,0.5699205,2013-01-01,294.0912220994087,284.3047013374224,"{""geodesic"":false,""type"":""Point"",""coordinates"":[-121.31339178579864,35.78685970993247]}"
7_0000000000000000001e_0,52.149731700845194,599.0,0.6753255213760531,BS057,0.0,2014-01-01,0.64689577,2013-01-01,292.4684527253451,283.6781596144585,"{""geodesic"":false,""type"":""Point"",""coordinates"":[-121.51173980053224,36.029135342059504]}"
7_0000000000000000001f_0,34.03820000054483,767.0,0.8234875636545954,BS058,0.0,2014-01-01,0.7047027,2013-01-01,291.9546604104238,282.81556659855255,"{""geodesic"":false,""type"":""Point"",""coordinates"":[-121.54677409661289,36.06012721936163]}"
7_00000000000000000020_0,18.87565460545547,661.0,0.8298799320405789,BS059,0.0,2014-01-01,0.7047027,2013-01-01,291.9546604104238,282.81556659855255,"{""geodesic"":false,""type"":""Point"",""coordinates"":[-121.54650460202767,36.056623789753566]}"
7_00000000000000000021_0,21.631546809948706,646.0,0.775420960572506,BS060,0.0,2014-01-01,0.7047027,2013-01-01,291.9546604104238,282.81556659855255,"{""geodesic"":false,""type"":""Point"",""coordinates"":[-121.5438096561753,36.05258137097503]}"
7_00000000000000000022_0,16.43290011417271,612.0,0.7849418169406622,BS062,0.0,2014-01-01,0.64689577,2013-01-01,292.4684527253451,283.6781596144585,"{""geodesic"":false,""type"":""Point"",""coordinates"":[-121.54973853705049,36.03398624459375]}"
7_00000000000000000023_0,15.84787056203096,651.0,0.8213336279306666,BS063,0.0,2014-01-01,0.64689577,2013-01-01,292.4684527253451,283.6781596144585,"{""geodesic"":false,""type"":""Point"",""coordinates"":[-121.53788077530011,36.035603212105165]}"
7_00000000000000000024_0,31.96844469760487,746.0,0.7708619997777345,BS066,0.0,2014-01-01,0.64689577,2013-01-01,292.4684527253451,283.6781596144585,"{""geodesic"":false,""type"":""Point"",""coordinates"":[-121.53356886193635,36.03722017961658]}"
7_00000000000000000026_0,14.447294558331455,705.0,0.7703632598879557,BS071,0.0,2014-01-01,0.64689577,2013-01-01,292.4684527253451,283.6781596144585,"{""geodesic"":false,""type"":""Point"",""coordinates"":[-121.54515712910148,36.037759168787055]}"
7_00000000000000000029_0,19.47237867934877,581.0,0.8391972843342607,BS076,0.0,2014-01-01,0.94938546,2013-01-01,289.71039428710935,282.06392291343377,"{""geodesic"":false,""type"":""Point"",""coordinates"":[-121.8219280681387,36.361961154825785]}"
7_0000000000000000002a_0,23.75304545727073,607.0,0.8256551259174919,BS077,0.0,2014-01-01,0.94938546,2013-01-01,289.71039428710935,282.06392291343377,"{""geodesic"":false,""type"":""Point"",""coordinates"":[-121.81896362770111,36.35926620897343]}"
7_0000000000000000002b_0,61.48261540985704,626.0,0.7923280375756604,BS078,0.0,2014-01-01,0.94938546,2013-01-01,289.71039428710935,282.06392291343377,"{""geodesic"":false,""type"":""Point"",""coordinates"":[-121.81599918726351,36.35549328478013]}"
7_0000000000000000002c_0,33.37485723735916,745.0,0.778498491806329,BS079,0.0,2014-01-01,0.94938546,2013-01-01,289.71039428710935,282.06392291343377,"{""geodesic"":false,""type"":""Point"",""coordinates"":[-121.81249575765546,36.35953570355866]}"
7_0000000000000000002d_0,39.354072992385284,867.0,0.8439664739763652,BS080,0.0,2014-01-01,0.94938546,2013-01-01,289.71039428710935,282.06392291343377,"{""geodesic"":false,""type"":""Point"",""coordinates"":[-121.80441092009838,36.36061368189961]}"
7_0000000000000000002e_0,32.96646200643102,316.0,0.8293030897180956,BS081,0.0,2014-01-01,0.94938546,2013-01-01,289.71039428710935,282.06392291343377,"{""geodesic"":false,""type"":""Point"",""coordinates"":[-121.84429611871329,36.37193245447951]}"
7_00000000000000000034_0,19.2399339454328,1009.0,0.7262931187360158,BS088,0.0,2014-01-01,0.9087371,2013-01-01,289.71039428710935,282.06392291343377,"{""geodesic"":false,""type"":""Point"",""coordinates"":[-121.7963260825413,36.3598051981439]}"
7_00000000000000000035_0,20.20925387732883,1058.0,0.7870693105035874,BS089,0.0,2014-01-01,0.9087371,2013-01-01,289.71039428710935,282.06392291343377,"{""geodesic"":false,""type"":""Point"",""coordinates"":[-121.7963260825413,36.3665425627748]}"
7_00000000000000000036_0,22.15566603593319,952.0,0.7538699540835893,BS090,0.0,2014-01-01,0.9087371,2013-01-01,289.71039428710935,282.06392291343377,"{""geodesic"":false,""type"":""Point"",""coordinates"":[-121.79659557712654,36.37085447613857]}"
7_00000000000000000037_0,34.61883923884577,929.0,0.8640092493652455,BS092,0.0,2014-01-01,0.94938546,2013-01-01,289.71039428710935,282.06392291343377,"{""geodesic"":false,""type"":""Point"",""coordinates"":[-121.80414142551314,36.37489689491711]}"
7_00000000000000000038_0,60.68606494479478,785.0,0.7668430914418727,BS094,0.0,2014-01-01,0.60545754,2013-01-01,289.0150691202242,283.1032971943894,"{""geodesic"":false,""type"":""Point"",""coordinates"":[-121.87259305016305,36.45817072175499]}"
7_0000000000000000003a_0,57.200662540712266,521.0,0.7826438786995521,BS102,0.0,2014-01-01,0.94938546,2013-01-01,289.71039428710935,282.06392291343377,"{""geodesic"":false,""type"":""Point"",""coordinates"":[-121.84240965661662,36.38055628120706]}"
7_0000000000000000003b_0,53.497623636968115,504.0,0.7289326084554442,BS103,0.0,2014-01-01,0.94938546,2013-01-01,289.71039428710935,282.06392291343377,"{""geodesic"":false,""type"":""Point"",""coordinates"":[-121.84483510788375,36.378939313695646]}"
7_0000000000000000003d_0,72.54447523081802,889.0,0.7309197889640264,BS112,0.0,2014-01-01,0.87178427,2013-01-01,289.71039428710935,282.06392291343377,"{""geodesic"":false,""type"":""Point"",""coordinates"":[-121.8429486457871,36.41774653396961]}"
7_00000000000000000040_0,27.78905855317552,932.0,0.8192627043715203,BS121,0.0,2014-01-01,0.87178427,2013-01-01,289.71039428710935,282.06392291343377,"{""geodesic"":false,""type"":""Point"",""coordinates"":[-121.83944521617903,36.42178895274815]}"
7_00000000000000000041_0,78.91247861994852,766.0,0.6819127684363513,BS122,0.0,2014-01-01,0.87178427,2013-01-01,289.71039428710935,282.06392291343377,"{""geodesic"":false,""type"":""Point"",""coordinates"":[-121.84429611871329,36.423944909430034]}"
7_00000000000000000042_0,64.74130877091311,338.0,0.7695051874275308,BS123,0.0,2014-01-01,0.60545754,2013-01-01,289.0150691202242,283.1032971943894,"{""geodesic"":false,""type"":""Point"",""coordinates"":[-121.89415261698191,36.48107776150004]}"
7_00000000000000000043_0,41.71275449914705,376.0,0.8424544367449113,BS124,0.0,2014-01-01,0.60545754,2013-01-01,289.0150691202242,283.1032971943894,"{""geodesic"":false,""type"":""Point"",""coordinates"":[-121.89011019820337,36.47838281564768]}"
7_00000000000000000044_0,35.52063973760126,408.0,0.8513154207116801,BS125,0.0,2014-01-01,0.60545754,2013-01-01,289.0150691202242,283.1032971943894,"{""geodesic"":false,""type"":""Point"",""coordinates"":[-121.88633727401007,36.4808082669148]}"
7_00000000000000000045_0,62.88900510832053,311.0,0.7537353565094977,BS126,0.0,2014-01-01,0.60545754,2013-01-01,289.0150691202242,283.1032971943894,"{""geodesic"":false,""type"":""Point"",""coordinates"":[-121.88013889854965,36.484311696522866]}"
7_00000000000000000046_0,32.71035093470026,393.0,0.8427632908105106,BS128,0.0,2014-01-01,0.60545754,2013-01-01,289.0150691202242,283.1032971943894,"{""geodesic"":false,""type"":""Point"",""coordinates"":[-121.87367102850399,36.477843826477205]}"
7_00000000000000000047_0,52.94504430690569,351.0,0.7862944084902911,BS129,0.0,2014-01-01,0.60545754,2013-01-01,289.0150691202242,283.1032971943894,"{""geodesic"":false,""type"":""Point"",""coordinates"":[-121.88741525235102,36.49077956656853]}"
7_00000000000000000048_0,26.016262617092924,242.0,0.8157272867888902,BS130,0.0,2014-01-01,0.60545754,2013-01-01,289.0150691202242,283.1032971943894,"{""geodesic"":false,""type"":""Point"",""coordinates"":[-121.88391182274296,36.49563046910277]}"
7_00000000000000000049_0,66.14316599845283,250.0,0.8063856282877574,BS131,0.0,2014-01-01,0.46584275,2013-01-01,289.0150691202242,283.1032971943894,"{""geodesic"":false,""type"":""Point"",""coordinates"":[-121.88121687689059,36.500750866222255]}"
7_0000000000000000004e_0,36.597449549475236,306.0,0.8751959294961583,BS137,0.0,2014-01-01,1.0788999,2013-01-01,288.93918854177815,283.92946555777775,"{""geodesic"":false,""type"":""Point"",""coordinates"":[-121.87555749060064,36.347947436393525]}"
7_0000000000000000004f_0,26.30581868506523,306.0,0.8040742988941391,BS138,0.0,2014-01-01,0.60545754,2013-01-01,289.0150691202242,283.1032971943894,"{""geodesic"":false,""type"":""Point"",""coordinates"":[-121.86369972885026,36.49643895285848]}"
7_00000000000000000050_0,34.55379152957799,301.0,0.761896850264561,BS139,0.0,2014-01-01,0.60545754,2013-01-01,289.0150691202242,283.1032971943894,"{""geodesic"":false,""type"":""Point"",""coordinates"":[-121.86289124509456,36.49104906115377]}"
7_00000000000000000051_0,41.878901325361745,333.0,0.8602390793338589,BS140,0.0,2014-01-01,0.60545754,2013-01-01,289.0150691202242,283.1032971943894,"{""geodesic"":false,""type"":""Point"",""coordinates"":[-121.86720315845832,36.482425234426216]}"
7_00000000000000000052_0,65.8195539459125,297.0,0.7842783842898552,BS141,0.0,2014-01-01,0.60545754,2013-01-01,289.0150691202242,283.1032971943894,"{""geodesic"":false,""type"":""Point"",""coordinates"":[-121.86100478299791,36.48296422359669]}"
7_00000000000000000053_0,25.283454603260246,503.0,0.7751400228886539,BS144,0.0,2014-01-01,0.6699997,2013-01-01,290.23595020869004,282.14022693372755,"{""geodesic"":false,""type"":""Point"",""coordinates"":[-121.81761615477494,36.46841151599395]}"
7_00000000000000000054_0,62.50949544026935,722.0,0.7973293190700687,BS146,0.0,2014-01-01,0.60545754,2013-01-01,289.0150691202242,283.1032971943894,"{""geodesic"":false,""type"":""Point"",""coordinates"":[-121.87313203933351,36.46302162428923]}"
7_00000000000000000055_0,62.69251355504487,435.0,0.819009249474989,BS147,0.0,2014-01-01,0.60545754,2013-01-01,289.0150691202242,283.1032971943894,"{""geodesic"":false,""type"":""Point"",""coordinates"":[-121.88687626318055,36.47083696726107]}"
7_00000000000000000056_0,42.353830523591355,880.0,0.8017210345659468,BS148,0.0,2014-01-01,0.60545754,2013-01-01,289.0150691202242,283.1032971943894,"{""geodesic"":false,""type"":""Point"",""coordinates"":[-121.87124557723686,36.453050324635505]}"
7_00000000000000000057_0,58.43196762838261,767.0,0.7695575003240678,BS149,0.0,2014-01-01,0.60545754,2013-01-01,289.0150691202242,283.1032971943894,"{""geodesic"":false,""type"":""Point"",""coordinates"":[-121.87690496352683,36.45251133546503]}"
7_00000000000000000059_0,64.16245671984309,513.0,0.8025398707329433,BS151,0.0,2014-01-01,0.60545754,2013-01-01,289.0150691202242,283.1032971943894,"{""geodesic"":false,""type"":""Point"",""coordinates"":[-121.85130297792941,36.46248263511876]}"
7_0000000000000000005a_0,70.19270445064821,436.0,0.825886064985908,BS152,0.0,2014-01-01,0.60545754,2013-01-01,289.0150691202242,283.1032971943894,"{""geodesic"":false,""type"":""Point"",""coordinates"":[-121.85184196709989,36.46706404306777]}"
7_0000000000000000005b_0,43.72372798197623,440.0,0.798651927010729,BS156,0.0,2014-01-01,1.141725,2013-01-01,289.49855672757917,282.9577334469312,"{""geodesic"":false,""type"":""Point"",""coordinates"":[-121.80306344717219,36.30725375402291]}"
7_0000000000000000005c_0,70.62393985131978,369.0,0.7404546041429393,BS157,0.0,2014-01-01,1.141725,2013-01-01,289.49855672757917,282.9577334469312,"{""geodesic"":false,""type"":""Point"",""coordinates"":[-121.80737536053597,36.30375032441484]}"
7_0000000000000000005d_0,18.341832176630035,649.0,0.7714753420962698,BS158,0.0,2014-01-01,0.94938546,2013-01-01,289.71039428710935,282.06392291343377,"{""geodesic"":false,""type"":""Point"",""coordinates"":[-121.8143822197521,36.35118137141635]}"
7_0000000000000000005e_0,28.32618564387494,294.0,0.8542948127994497,BS159,0.0,2014-01-01,1.141725,2013-01-01,289.49855672757917,282.9577334469312,"{""geodesic"":false,""type"":""Point"",""coordinates"":[-121.80225496341649,36.34067108259215]}"
7_0000000000000000005f_0,25.457570582391366,409.0,0.7861645820936954,BS160,0.0,2014-01-01,1.059789,2013-01-01,289.49855672757917,282.9577334469312,"{""geodesic"":false,""type"":""Point"",""coordinates"":[-121.79821254463795,36.32935231001225]}"
7_00000000000000000060_0,30.414174867524377,1125.0,0.48429416163486483,BS161,0.0,2014-01-01,0.9107082,2013-01-01,290.1961810386344,281.89674958529537,"{""geodesic"":false,""type"":""Point"",""coordinates"":[-121.71305225570342,36.3350116963022]}"
7_00000000000000000061_0,46.28474669499897,1102.0,0.7517064220097525,BS162,0.0,2014-01-01,0.9107082,2013-01-01,290.1961810386344,281.89674958529537,"{""geodesic"":false,""type"":""Point"",""coordinates"":[-121.71601669614101,36.34013209342169]}"
7_00000000000000000062_0,23.679488395339778,1175.0,0.6057505575158085,BS163,0.0,2014-01-01,0.9107082,2013-01-01,290.1961810386344,281.89674958529537,"{""geodesic"":false,""type"":""Point"",""coordinates"":[-121.71952012574909,36.3455219851264]}"
7_00000000000000000063_0,21.280505608648593,327.0,0.8415439607967773,BS165,0.0,2014-01-01,1.059789,2013-01-01,289.49855672757917,282.9577334469312,"{""geodesic"":false,""type"":""Point"",""coordinates"":[-121.79201416917752,36.32584888040418]}"
7_00000000000000000064_0,49.37561548432641,373.0,0.799681786948752,BS166,0.0,2014-01-01,1.059789,2013-01-01,289.49855672757917,282.9577334469312,"{""geodesic"":false,""type"":""Point"",""coordinates"":[-121.79228366376276,36.32935231001225]}"
7_00000000000000000065_0,50.936723706628534,437.0,0.7722918614074206,BS167,0.0,2014-01-01,1.059789,2013-01-01,289.49855672757917,282.9577334469312,"{""geodesic"":false,""type"":""Point"",""coordinates"":[-121.79066669625135,36.320997977869936]}"
7_00000000000000000066_0,71.78125544019082,346.0,0.817297727469874,BS168,0.0,2014-01-01,1.059789,2013-01-01,289.49855672757917,282.9577334469312,"{""geodesic"":false,""type"":""Point"",""coordinates"":[-121.78446832079092,36.32477090206324]}"
7_00000000000000000067_0,27.313696677572782,1111.0,0.4780000625991674,BS172,0.0,2014-01-01,0.81889194,2013-01-01,290.87672750394637,280.173524537805,"{""geodesic"":false,""type"":""Point"",""coordinates"":[-121.7429661546646,36.361961154825785]}"
7_00000000000000000068_0,27.57526872503031,522.0,0.7142032972454153,BS175,0.0,2014-01-01,1.141725,2013-01-01,289.49855672757917,282.9577334469312,"{""geodesic"":false,""type"":""Point"",""coordinates"":[-121.80117698507554,36.314799602409515]}"
7_00000000000000000069_0,24.266018316656467,533.0,0.7655007243813288,BS176,0.0,2014-01-01,1.059789,2013-01-01,289.49855672757917,282.9577334469312,"{""geodesic"":false,""type"":""Point"",""coordinates"":[-121.79147518000705,36.30967920529003]}"
7_0000000000000000006a_0,64.97584743486107,577.0,0.8051964491162038,BS177,0.0,2014-01-01,1.059789,2013-01-01,289.49855672757917,282.9577334469312,"{""geodesic"":false,""type"":""Point"",""coordinates"":[-121.79012770708087,36.30698425943768]}"
7_0000000000000000006b_0,56.56850029259608,231.0,0.8437764493118707,BS186,0.0,2014-01-01,1.2700479,2013-01-01,289.49855672757917,282.9577334469312,"{""geodesic"":false,""type"":""Point"",""coordinates"":[-121.82731795984343,36.268985522919415]}"
7_0000000000000000006c_0,36.88577798731628,123.0,0.7760181372662799,BS187,0.0,2014-01-01,1.2700479,2013-01-01,289.49855672757917,282.9577334469312,"{""geodesic"":false,""type"":""Point"",""coordinates"":[-121.82731795984343,36.28111277925503]}"
7_0000000000000000006d_0,31.11287000123326,275.0,0.8257018791394805,BS188,0.0,2014-01-01,1.2700479,2013-01-01,289.49855672757917,282.9577334469312,"{""geodesic"":false,""type"":""Point"",""coordinates"":[-121.82300604647965,36.26413462038517]}"
7_0000000000000000006e_0,56.646383968172785,109.0,0.7732691154515711,BS190,0.0,2014-01-01,1.2700479,2013-01-01,289.49855672757917,282.9577334469312,"{""geodesic"":false,""type"":""Point"",""coordinates"":[-121.83297734613338,36.285963681789276]}"
7_0000000000000000006f_0,52.43249492958787,422.0,0.7971073851188756,BS193,0.0,2014-01-01,1.2700479,2013-01-01,289.49855672757917,282.9577334469312,"{""geodesic"":false,""type"":""Point"",""coordinates"":[-121.82839593818437,36.2988994218806]}"
7_00000000000000000070_0,72.53389929280252,437.0,0.7516290494333036,BS194,0.0,2014-01-01,1.2700479,2013-01-01,289.49855672757917,282.9577334469312,"{""geodesic"":false,""type"":""Point"",""coordinates"":[-121.82408402482059,36.29674346519871]}"
7_00000000000000000071_0,77.57449735803414,590.0,0.5325613453783158,BS195,0.0,2014-01-01,1.2700479,2013-01-01,289.49855672757917,282.9577334469312,"{""geodesic"":false,""type"":""Point"",""coordinates"":[-121.81249575765546,36.2951264976873]}"
7_00000000000000000072_0,68.456193130258,661.0,0.6577318824779331,BS196,0.0,2014-01-01,1.2700479,2013-01-01,289.49855672757917,282.9577334469312,"{""geodesic"":false,""type"":""Point"",""coordinates"":[-121.80926182263262,36.29135357349399]}"
7_00000000000000000073_0,16.62469903744627,790.0,0.706924492624152,BS201,0.0,2014-01-01,0.94938546,2013-01-01,289.71039428710935,282.06392291343377,"{""geodesic"":false,""type"":""Point"",""coordinates"":[-121.82650947608772,36.353606822683474]}"
7_00000000000000000074_0,17.9157728660818,787.0,0.5607756525507529,BS202,0.0,2014-01-01,0.94938546,2013-01-01,289.71039428710935,282.06392291343377,"{""geodesic"":false,""type"":""Point"",""coordinates"":[-121.83567229198573,36.35333732809824]}"
7_00000000000000000075_0,36.34507975126919,795.0,0.8263061484732188,BS203,0.0,2014-01-01,0.94938546,2013-01-01,289.71039428710935,282.06392291343377,"{""geodesic"":false,""type"":""Point"",""coordinates"":[-121.83675027032668,36.35791873604725]}"
7_00000000000000000076_0,29.904532764477974,794.0,0.8458089723506155,BS204,0.0,2014-01-01,0.94938546,2013-01-01,289.71039428710935,282.06392291343377,"{""geodesic"":false,""type"":""Point"",""coordinates"":[-121.84240965661662,36.358188230632486]}"
7_00000000000000000077_0,35.312410519686495,98.0,0.762167912751255,BS205,0.0,2014-01-01,1.2700479,2013-01-01,289.49855672757917,282.9577334469312,"{""geodesic"":false,""type"":""Point"",""coordinates"":[-121.81195676848498,36.27006350126036]}"
7_00000000000000000078_0,40.02921775896041,335.0,0.8396609190767949,BS207,0.0,2014-01-01,1.2700479,2013-01-01,289.49855672757917,282.9577334469312,"{""geodesic"":false,""type"":""Point"",""coordinates"":[-121.80252445800173,36.25712776116904]}"
7_00000000000000000080_0,70.31302520660724,375.0,0.715817207613003,BS223,0.0,2014-01-01,1.068265,2013-01-01,290.1961810386344,281.89674958529537,"{""geodesic"":false,""type"":""Point"",""coordinates"":[-121.74916453012503,36.250390396538144]}"
7_00000000000000000081_0,69.10132391172918,457.0,0.7962020582536975,BS224,0.0,2014-01-01,1.068265,2013-01-01,290.1961810386344,281.89674958529537,"{""geodesic"":false,""type"":""Point"",""coordinates"":[-121.73973221964177,36.25389382614621]}"
7_00000000000000000082_0,58.57397904231929,497.0,0.8119193867409565,BS226,0.0,2014-01-01,1.2184576,2013-01-01,290.4397112284621,283.44769855656034,"{""geodesic"":false,""type"":""Point"",""coordinates"":[-121.73595929544847,36.24958191278244]}"
7_00000000000000000083_0,72.67512277310301,517.0,0.7184238971118176,BS228,0.0,2014-01-01,1.2184576,2013-01-01,290.4397112284621,283.44769855656034,"{""geodesic"":false,""type"":""Point"",""coordinates"":[-121.72733546872092,36.24580898858913]}"
7_00000000000000000084_0,76.09198780200462,742.0,0.7083752497732037,BS229,0.0,2014-01-01,1.2184576,2013-01-01,290.4397112284621,283.44769855656034,"{""geodesic"":false,""type"":""Point"",""coordinates"":[-121.7286829416471,36.23637667810588]}"
7_00000000000000000085_0,36.27642698218558,563.0,0.758056391531547,BS230,0.0,2014-01-01,1.2184576,2013-01-01,290.4397112284621,283.44769855656034,"{""geodesic"":false,""type"":""Point"",""coordinates"":[-121.72059810409003,36.24149707522536]}"
7_00000000000000000086_0,74.9224707038145,723.0,0.6499122098725859,BS232,0.0,2014-01-01,1.2184576,2013-01-01,290.4397112284621,283.44769855656034,"{""geodesic"":false,""type"":""Point"",""coordinates"":[-121.74620008968743,36.23961061312871]}"
7_00000000000000000087_0,84.7251904316103,709.0,0.6553634555486315,BS233,0.0,2014-01-01,1.2184576,2013-01-01,290.4397112284621,283.44769855656034,"{""geodesic"":false,""type"":""Point"",""coordinates"":[-121.74512211134649,36.2312562809864]}"
7_0000000000000000008b_0,78.70772292520141,325.0,0.8080339980351553,BS240,0.0,2014-01-01,1.2184576,2013-01-01,290.4397112284621,283.44769855656034,"{""geodesic"":false,""type"":""Point"",""coordinates"":[-121.71844214740814,36.24796494527102]}"
7_0000000000000000008c_0,68.26389774563596,376.0,0.7872760430539212,BS241,0.0,2014-01-01,1.2184576,2013-01-01,290.4397112284621,283.44769855656034,"{""geodesic"":false,""type"":""Point"",""coordinates"":[-121.71332175028866,36.24607848317437]}"
7_0000000000000000008d_0,38.47211220491656,442.0,0.853113738841612,BS242,0.0,2014-01-01,1.2184576,2013-01-01,290.4397112284621,283.44769855656034,"{""geodesic"":false,""type"":""Point"",""coordinates"":[-121.70173348312352,36.24715646151531]}"
7_0000000000000000008e_0,78.81543166132599,451.0,0.7765700106912304,BS243,0.0,2014-01-01,1.0683935,2013-01-01,290.4397112284621,283.44769855656034,"{""geodesic"":false,""type"":""Point"",""coordinates"":[-121.6941876347369,36.248503934441494]}"
7_0000000000000000008f_0,35.64196183629585,394.0,0.7769977770003419,BS244,0.0,2014-01-01,0.94260424,2013-01-01,290.1961810386344,281.89674958529537,"{""geodesic"":false,""type"":""Point"",""coordinates"":[-121.68771976469125,36.25200736404956]}"
7_00000000000000000090_0,73.95628336947836,459.0,0.7530208323041601,BS245,0.0,2014-01-01,1.0683935,2013-01-01,290.4397112284621,283.44769855656034,"{""geodesic"":false,""type"":""Point"",""coordinates"":[-121.68125189464558,36.2493124181972]}"
7_00000000000000000091_0,27.993319458172465,528.0,0.6727433245300426,BS246,0.0,2014-01-01,0.94260424,2013-01-01,290.1961810386344,281.89674958529537,"{""geodesic"":false,""type"":""Point"",""coordinates"":[-121.67720947586704,36.250390396538144]}"
7_00000000000000000092_0,19.53237108578934,604.0,0.8030845018954973,BS247,0.0,2014-01-01,0.94260424,2013-01-01,290.1961810386344,281.89674958529537,"{""geodesic"":false,""type"":""Point"",""coordinates"":[-121.67074160582139,36.2560497828281]}"
7_00000000000000000093_0,41.65187443897463,692.0,0.6461606381246906,BS248,0.0,2014-01-01,1.0683935,2013-01-01,290.4397112284621,283.44769855656034,"{""geodesic"":false,""type"":""Point"",""coordinates"":[-121.65942283324148,36.248503934441494]}"
7_00000000000000000094_0,21.396155716008412,580.0,0.7955315549312642,BS249,0.0,2014-01-01,1.0683935,2013-01-01,290.4397112284621,283.44769855656034,"{""geodesic"":false,""type"":""Point"",""coordinates"":[-121.65349395236629,36.248503934441494]}"
7_00000000000000000095_0,20.525884357512282,827.0,0.7623471302260092,BS251,0.0,2014-01-01,1.2184576,2013-01-01,290.4397112284621,283.44769855656034,"{""geodesic"":false,""type"":""Point"",""coordinates"":[-121.73191687666993,36.23044779723069]}"
7_00000000000000000096_0,30.695696335421278,888.0,0.7586271095094483,BS253,0.0,2014-01-01,1.2184576,2013-01-01,290.4397112284621,283.44769855656034,"{""geodesic"":false,""type"":""Point"",""coordinates"":[-121.71763366365244,36.22020700299173]}"
7_00000000000000000097_0,53.415271417562565,901.0,0.7989784486006899,BS254,0.0,2014-01-01,1.2184576,2013-01-01,290.4397112284621,283.44769855656034,"{""geodesic"":false,""type"":""Point"",""coordinates"":[-121.71170478277725,36.219937508406495]}"
7_00000000000000000098_0,78.34690905976508,1127.0,0.6074751728230835,BS257,0.0,2014-01-01,1.0683935,2013-01-01,290.4397112284621,283.44769855656034,"{""geodesic"":false,""type"":""Point"",""coordinates"":[-121.67936543254893,36.20969671416753]}"
7_00000000000000000099_0,30.69254263493947,122.0,0.705779319670448,BS259,0.0,2014-01-01,1.2028856,2013-01-01,289.49855672757917,282.9577334469312,"{""geodesic"":false,""type"":""Point"",""coordinates"":[-121.79875153380843,36.26629057706706]}"
7_0000000000000000009a_0,34.2238439432839,256.0,0.8310141612030729,BS260,0.0,2014-01-01,1.2700479,2013-01-01,289.49855672757917,282.9577334469312,"{""geodesic"":false,""type"":""Point"",""coordinates"":[-121.80521940385408,36.260900685362344]}"
7_0000000000000000009b_0,30.776887671750416,539.0,0.7494157978644557,BS262,0.0,2014-01-01,1.2184576,2013-01-01,290.4397112284621,283.44769855656034,"{""geodesic"":false,""type"":""Point"",""coordinates"":[-121.71978962033431,36.23718516186159]}"
7_0000000000000000009c_0,25.452135387171595,209.0,0.8008744917851334,BS265,0.0,2014-01-01,1.2700479,2013-01-01,289.49855672757917,282.9577334469312,"{""geodesic"":false,""type"":""Point"",""coordinates"":[-121.81707716560446,36.25012090195291]}"
7_0000000000000000009e_0,21.259635045910123,854.0,0.5504342434469022,BS271,0.0,2014-01-01,1.2184576,2013-01-01,290.4397112284621,283.44769855656034,"{""geodesic"":false,""type"":""Point"",""coordinates"":[-121.71224377194771,36.213200143775595]}"
7_0000000000000000009f_0,50.54215870647582,635.0,0.6206504343454197,BS272,0.0,2014-01-01,1.2184576,2013-01-01,290.4397112284621,283.44769855656034,"{""geodesic"":false,""type"":""Point"",""coordinates"":[-121.7001165156121,36.20134238202522]}"
7_000000000000000000a0_0,19.499647923586263,765.0,0.7475526082028572,BS273,0.0,2014-01-01,1.0683935,2013-01-01,290.4397112284621,283.44769855656034,"{""geodesic"":false,""type"":""Point"",""coordinates"":[-121.69472662390739,36.205384800803756]}"
7_000000000000000000a1_0,26.499585842988655,1154.0,0.6453810628371601,BS274,0.0,2014-01-01,1.1220179,2013-01-01,290.4397112284621,283.44769855656034,"{""geodesic"":false,""type"":""Point"",""coordinates"":[-121.65645839280388,36.18975411486008]}"
7_000000000000000000a2_0,77.25549136056831,385.0,0.8060327237905466,BS276,0.0,2014-01-01,1.1220179,2013-01-01,290.4397112284621,283.44769855656034,"{""geodesic"":false,""type"":""Point"",""coordinates"":[-121.68610279717983,36.180321804376824]}"
7_000000000000000000a3_0,52.75743044827714,271.0,0.8233236986223601,BS277,0.0,2014-01-01,1.1220179,2013-01-01,290.4397112284621,283.44769855656034,"{""geodesic"":false,""type"":""Point"",""coordinates"":[-121.66616019787239,36.16630808594456]}"
7_000000000000000000a8_0,60.644938659559955,617.0,0.7074722264636537,BS283,0.0,2014-01-01,1.1220179,2013-01-01,290.4397112284621,283.44769855656034,"{""geodesic"":false,""type"":""Point"",""coordinates"":[-121.68044341088988,36.180052309791584]}"
7_000000000000000000a9_0,103.95252181710617,987.0,0.6016510864562395,BS287,0.0,2014-01-01,0.9494293,2013-01-01,290.9422201078232,282.40441183847923,"{""geodesic"":false,""type"":""Point"",""coordinates"":[-121.61010532414332,36.15013841083041]}"
7_000000000000000000aa_0,55.958838998134915,400.0,0.7569443660797641,BS292,0.0,2014-01-01,0.60545754,2013-01-01,289.0150691202242,283.1032971943894,"{""geodesic"":false,""type"":""Point"",""coordinates"":[-121.85157247251465,36.48916259905711]}"
7_000000000000000000ab_0,44.65195579050643,307.0,0.8287918374245549,BS293,0.0,2014-01-01,0.60545754,2013-01-01,289.0150691202242,283.1032971943894,"{""geodesic"":false,""type"":""Point"",""coordinates"":[-121.8534589346113,36.47919129940339]}"
7_000000000000000000ac_0,54.2960812305663,489.0,0.7074482424883586,BS294,0.0,2014-01-01,0.60545754,2013-01-01,289.0150691202242,283.1032971943894,"{""geodesic"":false,""type"":""Point"",""coordinates"":[-121.8572318588046,36.46059617302211]}"
7_000000000000000000ad_0,77.38247192355104,205.0,0.7916815777699595,BS295,0.0,2014-01-01,0.61710304,2013-01-01,292.4684527253451,283.6781596144585,"{""geodesic"":false,""type"":""Point"",""coordinates"":[-121.49098871746908,35.99464003514932]}"
7_000000000000000000ae_0,37.5975965377857,616.0,0.7852183738759901,BS296,0.0,2014-01-01,0.60800517,2013-01-01,292.4684527253451,283.6781596144585,"{""geodesic"":false,""type"":""Point"",""coordinates"":[-121.47077662357638,36.00299436729163]}"
7_000000000000000000af_0,25.22843340663051,626.0,0.7850413718049384,BS297,0.0,2014-01-01,0.60800517,2013-01-01,292.4684527253451,283.6781596144585,"{""geodesic"":false,""type"":""Point"",""coordinates"":[-121.45622391597365,36.00110790519498]}"
7_000000000000000000b0_0,71.83564610309567,223.0,0.8127064083804495,BS299,0.0,2014-01-01,0.61710304,2013-01-01,292.4684527253451,283.6781596144585,"{""geodesic"":false,""type"":""Point"",""coordinates"":[-121.47454954776968,35.99140610012648]}"
7_000000000000000000b1_0,60.36519458749566,530.0,0.7574514383957104,BS301,0.0,2014-01-01,0.61710304,2013-01-01,292.4684527253451,283.6781596144585,"{""geodesic"":false,""type"":""Point"",""coordinates"":[-121.46969864523544,35.98682469217748]}"
7_000000000000000000b2_0,65.97477182076416,675.0,0.7583332217246178,BS303,0.0,2014-01-01,0.61710304,2013-01-01,292.4684527253451,283.6781596144585,"{""geodesic"":false,""type"":""Point"",""coordinates"":[-121.46592572104214,35.981704295057995]}"
7_000000000000000000b3_0,61.02698420974891,861.0,0.7227687479933492,BS304,0.0,2014-01-01,0.61710304,2013-01-01,292.4684527253451,283.6781596144585,"{""geodesic"":false,""type"":""Point"",""coordinates"":[-121.454337453877,35.97604490876804]}"
7_000000000000000000b4_0,82.335140836473,918.0,0.5880811451887379,BS306,0.0,2014-01-01,0.60217094,2013-01-01,293.55396297925137,283.091241078834,"{""geodesic"":false,""type"":""Point"",""coordinates"":[-121.43412535998431,35.98224328422847]}"
7_000000000000000000b5_0,42.63459381360684,639.0,0.7720512716938466,BS309,0.0,2014-01-01,0.61710304,2013-01-01,292.4684527253451,283.6781596144585,"{""geodesic"":false,""type"":""Point"",""coordinates"":[-121.45110351885417,35.98682469217748]}"
7_000000000000000000b6_0,37.01270981834236,528.0,0.765615128615363,BS310,0.0,2014-01-01,0.61710304,2013-01-01,292.4684527253451,283.6781596144585,"{""geodesic"":false,""type"":""Point"",""coordinates"":[-121.47401055859922,35.98143480047276]}"
7_000000000000000000b7_0,22.92032379358972,600.0,0.7460084821191519,BS312,0.0,2014-01-01,0.61710304,2013-01-01,292.4684527253451,283.6781596144585,"{""geodesic"":false,""type"":""Point"",""coordinates"":[-121.45784088348506,35.95960573906866]}"
7_000000000000000000b8_0,21.03491121720706,603.0,0.7902507888374302,BS313,0.0,2014-01-01,0.60217094,2013-01-01,293.55396297925137,283.091241078834,"{""geodesic"":false,""type"":""Point"",""coordinates"":[-121.43547283291049,35.952868374437756]}"
7_000000000000000000b9_0,70.58776690009394,819.0,0.7753230812094013,BS315,0.0,2014-01-01,0.58921206,2013-01-01,293.4120324957861,284.44964131394477,"{""geodesic"":false,""type"":""Point"",""coordinates"":[-121.42819647910912,35.94316656936927]}"
7_000000000000000000ba_0,69.58604574452852,591.0,0.7774309808320852,BS316,0.0,2014-01-01,0.58921206,2013-01-01,293.4120324957861,284.44964131394477,"{""geodesic"":false,""type"":""Point"",""coordinates"":[-121.43978474627426,35.940471623516906]}"
7_000000000000000000bb_0,55.327335557710306,544.0,0.8146936336562761,BS317,0.0,2014-01-01,0.58921206,2013-01-01,293.4120324957861,284.44964131394477,"{""geodesic"":false,""type"":""Point"",""coordinates"":[-121.4446356488085,35.94181909644309]}"
7_000000000000000000bc_0,54.85296599952838,1007.0,0.7898421016344332,BS320,0.0,2014-01-01,0.60217094,2013-01-01,293.55396297925137,283.091241078834,"{""geodesic"":false,""type"":""Point"",""coordinates"":[-121.42280658740441,35.9501734285854]}"
7_000000000000000000bd_0,22.007857844147534,928.0,0.7570513786588742,BS321,0.0,2014-01-01,0.58921206,2013-01-01,293.4120324957861,284.44964131394477,"{""geodesic"":false,""type"":""Point"",""coordinates"":[-121.42523203867152,35.938046172249784]}"
7_000000000000000000be_0,28.631887290536763,954.0,0.7534511172693775,BS322,0.0,2014-01-01,0.58921206,2013-01-01,293.4120324957861,284.44964131394477,"{""geodesic"":false,""type"":""Point"",""coordinates"":[-121.42900496286482,35.93346476430078]}"
7_000000000000000000bf_0,33.73588757858801,816.0,0.7151893321464456,BS323,0.0,2014-01-01,0.58921206,2013-01-01,293.4120324957861,284.44964131394477,"{""geodesic"":false,""type"":""Point"",""coordinates"":[-121.43116091954671,35.923762959232285]}"
7_000000000000000000c0_0,37.766234412301536,766.0,0.6721320067507942,BS324,0.0,2014-01-01,0.58921206,2013-01-01,293.4120324957861,284.44964131394477,"{""geodesic"":false,""type"":""Point"",""coordinates"":[-121.43223889788766,35.9186425621128]}"
7_000000000000000000c1_0,34.76286286511018,730.0,0.8030208855386505,BS326,0.0,2014-01-01,0.58921206,2013-01-01,293.4120324957861,284.44964131394477,"{""geodesic"":false,""type"":""Point"",""coordinates"":[-121.43062193037625,35.913522164993324]}"
7_000000000000000000c2_0,42.15766736727548,449.0,0.8201989179615224,BS328,0.0,2014-01-01,0.59512544,2013-01-01,293.4120324957861,284.44964131394477,"{""geodesic"":false,""type"":""Point"",""coordinates"":[-121.43439485456955,35.89034563066304]}"
7_000000000000000000c3_0,26.872994450651632,602.0,0.7484304607133425,BS330,0.0,2014-01-01,0.59512544,2013-01-01,293.4120324957861,284.44964131394477,"{""geodesic"":false,""type"":""Point"",""coordinates"":[-121.4287354682796,35.88145230935026]}"
7_000000000000000000c4_0,27.365755965153788,758.0,0.8198826301610144,BS331,0.0,2014-01-01,0.59512544,2013-01-01,293.4120324957861,284.44964131394477,"{""geodesic"":false,""type"":""Point"",""coordinates"":[-121.41876416862587,35.88414725520261]}"
7_000000000000000000c5_0,56.97059624328504,835.0,0.8585734675614715,BS333,0.0,2014-01-01,0.59512544,2013-01-01,293.4120324957861,284.44964131394477,"{""geodesic"":false,""type"":""Point"",""coordinates"":[-121.40178600975601,35.88818967398115]}"
7_000000000000000000c6_0,61.72673586857354,972.0,0.8433765447494959,BS334,0.0,2014-01-01,0.5820599,2013-01-01,293.4120324957861,284.44964131394477,"{""geodesic"":false,""type"":""Point"",""coordinates"":[-121.3875027967385,35.890884619833514]}"
7_000000000000000000c7_0,52.70390487423048,935.0,0.8350125226527786,BS335,0.0,2014-01-01,0.5820599,2013-01-01,293.4120324957861,284.44964131394477,"{""geodesic"":false,""type"":""Point"",""coordinates"":[-121.3791484645962,35.89223209275969]}"
7_000000000000000000c8_0,48.705732100710144,606.0,0.7803071584851294,BS338,0.0,2014-01-01,0.5820599,2013-01-01,293.4120324957861,284.44964131394477,"{""geodesic"":false,""type"":""Point"",""coordinates"":[-121.3942401613694,35.87094202052606]}"
7_000000000000000000c9_0,23.789540151024884,503.0,0.8021171305533853,BS355,0.0,2014-01-01,1.059789,2013-01-01,289.49855672757917,282.9577334469312,"{""geodesic"":false,""type"":""Point"",""coordinates"":[-121.78824124498422,36.33393371796126]}"
7_000000000000000000ca_0,46.02422122345572,807.0,0.6793450699389463,BS358,0.0,2014-01-01,1.059789,2013-01-01,289.49855672757917,282.9577334469312,"{""geodesic"":false,""type"":""Point"",""coordinates"":[-121.78608528830233,36.3455219851264]}"
7_000000000000000000cb_0,46.38984144941921,736.0,0.7736292198429013,BS359,0.0,2014-01-01,0.9087371,2013-01-01,289.71039428710935,282.06392291343377,"{""geodesic"":false,""type"":""Point"",""coordinates"":[-121.79039720166611,36.35037288766065]}"
7_000000000000000000cc_0,33.306241975875416,936.0,0.6895978877461243,BS360,0.0,2014-01-01,0.9087371,2013-01-01,289.71039428710935,282.06392291343377,"{""geodesic"":false,""type"":""Point"",""coordinates"":[-121.79120568542182,36.355762779365364]}"
7_000000000000000000cd_0,40.26792996325972,1015.0,0.6917277245088389,BS365,0.0,2014-01-01,1.0683935,2013-01-01,290.4397112284621,283.44769855656034,"{""geodesic"":false,""type"":""Point"",""coordinates"":[-121.68610279717983,36.22290194884409]}"
7_000000000000000000ce_0,25.153957670060404,665.0,0.6546006085496782,BS372,0.0,2014-01-01,1.2184576,2013-01-01,290.4397112284621,283.44769855656034,"{""geodesic"":false,""type"":""Point"",""coordinates"":[-121.73568980086323,36.22290194884409]}"
7_000000000000000000cf_0,42.65163483089827,783.0,0.6300482984485075,BS373,0.0,2014-01-01,1.2184576,2013-01-01,290.4397112284621,283.44769855656034,"{""geodesic"":false,""type"":""Point"",""coordinates"":[-121.7362287900337,36.228022345963566]}"
7_000000000000000000d1_0,65.32168177439031,371.0,0.7868684756079003,BS378,0.0,2014-01-01,1.2184576,2013-01-01,290.4397112284621,283.44769855656034,"{""geodesic"":false,""type"":""Point"",""coordinates"":[-121.74566110051695,36.219668013821256]}"
7_000000000000000000d2_0,54.23666264418606,746.0,0.4485469175279417,BS379,0.0,2014-01-01,1.2184576,2013-01-01,290.4397112284621,283.44769855656034,"{""geodesic"":false,""type"":""Point"",""coordinates"":[-121.73973221964177,36.23098678640116]}"
7_000000000000000000d8_0,38.95591823750369,371.0,0.8419113431312875,BS390,0.0,2014-01-01,1.059789,2013-01-01,289.49855672757917,282.9577334469312,"{""geodesic"":false,""type"":""Point"",""coordinates"":[-121.79470911502989,36.333394728790786]}"
7_000000000000000000dd_0,28.404213699364547,878.0,0.7987376486860353,BS399,0.0,2014-01-01,0.58921206,2013-01-01,293.4120324957861,284.44964131394477,"{""geodesic"":false,""type"":""Point"",""coordinates"":[-121.42361507116011,35.93076981844842]}"
7_000000000000000000de_0,43.78071517351981,878.0,0.6611692467593767,BS405,0.0,2014-01-01,0.64689577,2013-01-01,292.4684527253451,283.6781596144585,"{""geodesic"":false,""type"":""Point"",""coordinates"":[-121.535455324033,36.04476602800319]}"
7_000000000000000000e1_0,33.21697459643359,263.0,0.8380819705264732,BS412,0.0,2014-01-01,0.58921206,2013-01-01,293.4120324957861,284.44964131394477,"{""geodesic"":false,""type"":""Point"",""coordinates"":[-121.41849467404063,35.90408985451007]}"
7_000000000000000000e2_0,27.786826741013623,628.0,0.7146537032975585,BS413,0.0,2014-01-01,0.56070006,2013-01-01,294.0912220994087,284.3047013374224,"{""geodesic"":false,""type"":""Point"",""coordinates"":[-121.33360387969134,35.806263320069455]}"
7_000000000000000000e5_0,77.45079643522114,597.0,0.7418162364702501,BS420,0.0,2014-01-01,0.60800517,2013-01-01,292.4684527253451,283.6781596144585,"{""geodesic"":false,""type"":""Point"",""coordinates"":[-121.49071922288384,36.02374545035479]}"
7_000000000000000000e6_0,20.881369817651116,133.0,0.8221107759560404,BS423,0.0,2014-01-01,0.64689577,2013-01-01,292.4684527253451,283.6781596144585,"{""geodesic"":false,""type"":""Point"",""coordinates"":[-121.52144160560073,36.01566061279771]}"
7_000000000000000000e7_0,72.70129635446271,1336.0,0.7353920389746039,BS425,0.0,2014-01-01,0.65554905,2013-01-01,291.9546604104238,282.81556659855255,"{""geodesic"":false,""type"":""Point"",""coordinates"":[-121.49880406044092,36.05500682224215]}"
7_000000000000000000e8_0,27.779369425164305,268.0,0.7958780563998297,BS426,0.0,2014-01-01,0.64689577,2013-01-01,292.4684527253451,283.6781596144585,"{""geodesic"":false,""type"":""Point"",""coordinates"":[-121.52817897023162,36.018894547820544]}"
7_000000000000000000e9_0,66.32334904242003,531.0,0.7934670830271998,BS427,0.0,2014-01-01,0.94938546,2013-01-01,289.71039428710935,282.06392291343377,"{""geodesic"":false,""type"":""Point"",""coordinates"":[-121.83459431364479,36.37193245447951]}"
7_000000000000000000ea_0,52.963215073027754,379.0,0.7753327955593932,BS429,0.0,2014-01-01,0.60545754,2013-01-01,289.0150691202242,283.1032971943894,"{""geodesic"":false,""type"":""Point"",""coordinates"":[-121.85184196709989,36.47245393477249]}"
7_000000000000000000eb_0,78.96377330552895,524.0,0.7500861269927933,BS430,0.0,2014-01-01,0.6699997,2013-01-01,290.23595020869004,282.14022693372755,"{""geodesic"":false,""type"":""Point"",""coordinates"":[-121.81087879014403,36.46625555931207]}"
7_000000000000000000ec_0,46.87126175098907,808.0,0.7882651918347379,BS431,0.0,2014-01-01,0.60545754,2013-01-01,289.0150691202242,283.1032971943894,"{""geodesic"":false,""type"":""Point"",""coordinates"":[-121.86100478299791,36.45008588419791]}"
7_000000000000000000ed_0,18.794134626336312,385.0,0.8380887592581829,BS433,0.0,2014-01-01,1.141725,2013-01-01,289.49855672757917,282.9577334469312,"{""geodesic"":false,""type"":""Point"",""coordinates"":[-121.80737536053597,36.347677941808286]}"
7_000000000000000000ee_0,20.273863428319935,875.0,0.8360513916890941,BS434,0.0,2014-01-01,0.60545754,2013-01-01,289.0150691202242,283.1032971943894,"{""geodesic"":false,""type"":""Point"",""coordinates"":[-121.85103348334418,36.45089436795362]}"
7_000000000000000000ef_0,28.149163628384382,1045.0,0.5471172052214198,BS436,0.0,2014-01-01,0.9107082,2013-01-01,290.1961810386344,281.89674958529537,"{""geodesic"":false,""type"":""Point"",""coordinates"":[-121.72140658784573,36.3417490609331]}"
7_000000000000000000f0_0,33.92417904529266,367.0,0.7767702480328762,BS438,0.0,2014-01-01,1.141725,2013-01-01,289.49855672757917,282.9577334469312,"{""geodesic"":false,""type"":""Point"",""coordinates"":[-121.80872283346216,36.34228805010357]}"
7_000000000000000000f1_0,25.337331655751072,109.0,0.7807028939951196,BS457,0.0,2014-01-01,1.1220179,2013-01-01,290.4397112284621,283.44769855656034,"{""geodesic"":false,""type"":""Point"",""coordinates"":[-121.6925706672255,36.17870483686541]}"
7_000000000000000000f4_0,21.80405958079803,438.0,0.7256419632318724,BS468,0.0,2014-01-01,0.6699997,2013-01-01,290.23595020869004,282.14022693372755,"{""geodesic"":false,""type"":""Point"",""coordinates"":[-121.8467215699804,36.48512018027858]}"
7_000000000000000000f5_0,43.99726293296524,579.0,0.8221812382699629,BS469,0.0,2014-01-01,0.60545754,2013-01-01,289.0150691202242,283.1032971943894,"{""geodesic"":false,""type"":""Point"",""coordinates"":[-121.85830983714554,36.45574527048787]}"
7_000000000000000000f6_0,60.39913244772864,737.0,0.7857312168049446,BS470,0.0,2014-01-01,0.60545754,2013-01-01,289.0150691202242,283.1032971943894,"{""geodesic"":false,""type"":""Point"",""coordinates"":[-121.85291994544083,36.45628425965834]}"
7_000000000000000000f7_0,72.30372696185657,290.0,0.7747445494641901,BS474,0.0,2014-01-01,0.61710304,2013-01-01,292.4684527253451,283.6781596144585,"{""geodesic"":false,""type"":""Point"",""coordinates"":[-121.46727319396832,35.990328121785545]}"
7_000000000000000000f8_0,93.13517641778327,972.0,0.6538796331693001,BS478,0.0,2014-01-01,0.60217094,2013-01-01,293.55396297925137,283.091241078834,"{""geodesic"":false,""type"":""Point"",""coordinates"":[-121.4333168762286,35.99437054056408]}"
7_000000000000000000f9_0,28.094197687739708,507.0,0.726241317377124,BS486,0.0,2014-01-01,0.61710304,2013-01-01,292.4684527253451,283.6781596144585,"{""geodesic"":false,""type"":""Point"",""coordinates"":[-121.46835117230926,35.95367685819347]}"
7_000000000000000000fb_0,49.046361014304686,836.0,0.8146933735560441,BS499,0.0,2014-01-01,0.59512544,2013-01-01,293.4120324957861,284.44964131394477,"{""geodesic"":false,""type"":""Point"",""coordinates"":[-121.4077148906312,35.88738119022545]}"
7_000000000000000000fc_0,17.216348980428528,677.0,0.811981020204481,BS504,0.0,2014-01-01,0.5820599,2013-01-01,293.4120324957861,284.44964131394477,"{""geodesic"":false,""type"":""Point"",""coordinates"":[-121.38911976424993,35.874175955548885]}"
7_000000000000000000fe_0,37.72466832201706,706.0,0.8062155136670678,BS518,0.0,2014-01-01,0.94938546,2013-01-01,289.71039428710935,282.06392291343377,"{""geodesic"":false,""type"":""Point"",""coordinates"":[-121.83109088403673,36.38432920540036]}"
7_000000000000000000ff_0,48.7477239371884,538.0,0.7671575911198965,BS519,0.0,2014-01-01,0.94938546,2013-01-01,289.71039428710935,282.06392291343377,"{""geodesic"":false,""type"":""Point"",""coordinates"":[-121.83944521617903,36.38352072164466]}"
7_00000000000000000101_0,34.949080588643795,581.0,0.768478152397682,BS521,0.0,2014-01-01,1.1220179,2013-01-01,290.4397112284621,283.44769855656034,"{""geodesic"":false,""type"":""Point"",""coordinates"":[-121.69526561307785,36.19837794158762]}"
7_00000000000000000102_0,21.938836040276218,562.0,0.8399259891434697,BS600,0.0,2014-01-01,0.94938546,2013-01-01,289.71039428710935,282.06392291343377,"{""geodesic"":false,""type"":""Point"",""coordinates"":[-121.8219280681387,36.3598051981439]}"
7_00000000000000000103_0,33.9978193535931,638.0,0.8396870868407678,BS601,0.0,2014-01-01,0.94938546,2013-01-01,289.71039428710935,282.06392291343377,"{""geodesic"":false,""type"":""Point"",""coordinates"":[-121.83324684071862,36.35926620897343]}"
7_00000000000000000104_0,21.039852198868118,518.0,0.8260382984631577,BS603,0.0,2014-01-01,0.94938546,2013-01-01,289.71039428710935,282.06392291343377,"{""geodesic"":false,""type"":""Point"",""coordinates"":[-121.84079268910521,36.366273068189564]}"
7_00000000000000000105_0,29.05521035398752,565.0,0.835573285917226,BS604,0.0,2014-01-01,0.94938546,2013-01-01,289.71039428710935,282.06392291343377,"{""geodesic"":false,""type"":""Point"",""coordinates"":[-121.84887752666229,36.367890035700974]}"
7_00000000000000000107_0,36.355149040393776,1022.0,0.671022116344783,BS607,0.0,2014-01-01,0.83636534,2013-01-01,290.9422201078232,282.40441183847923,"{""geodesic"":false,""type"":""Point"",""coordinates"":[-121.59151019776205,36.15013841083041]}"
7_00000000000000000108_0,75.99063172333075,257.0,0.780887943690887,BS610,0.0,2014-01-01,1.1220179,2013-01-01,290.4397112284621,283.44769855656034,"{""geodesic"":false,""type"":""Point"",""coordinates"":[-121.66292626284955,36.16253516175126]}"
7_00000000000000000109_0,60.132895231636404,417.0,0.7935285070649858,BS611,0.0,2014-01-01,1.1220179,2013-01-01,290.4397112284621,283.44769855656034,"{""geodesic"":false,""type"":""Point"",""coordinates"":[-121.66454323036096,36.17304545057545]}"
7_0000000000000000010a_0,25.02778890684678,455.0,0.7878678186987366,BS612,0.0,2014-01-01,1.1220179,2013-01-01,290.4397112284621,283.44769855656034,"{""geodesic"":false,""type"":""Point"",""coordinates"":[-121.66993312206569,36.17277595599022]}"
7_0000000000000000010b_0,33.58414410915699,318.0,0.7920457491399655,BS613,0.0,2014-01-01,1.1220179,2013-01-01,290.4397112284621,283.44769855656034,"{""geodesic"":false,""type"":""Point"",""coordinates"":[-121.6693941328952,36.165769096774085]}"
7_0000000000000000010c_0,44.42657546940929,320.0,0.8144552598866875,BS620,0.0,2014-01-01,1.1220179,2013-01-01,290.4397112284621,283.44769855656034,"{""geodesic"":false,""type"":""Point"",""coordinates"":[-121.6933791509812,36.184364223155356]}"
7_0000000000000000010d_0,80.59859496576233,262.0,0.7975972038381091,BS621,0.0,2014-01-01,1.2184576,2013-01-01,290.4397112284621,283.44769855656034,"{""geodesic"":false,""type"":""Point"",""coordinates"":[-121.74862554095455,36.21805104630984]}"
7_00000000000000000113_0,28.683244336843167,151.0,0.8174697387645221,BS627,0.0,2014-01-01,1.2700479,2013-01-01,289.49855672757917,282.9577334469312,"{""geodesic"":false,""type"":""Point"",""coordinates"":[-121.80279395258697,36.27087198501607]}"
7_00000000000000000114_0,34.14557672025001,97.0,0.8058047171832441,BS628,0.0,2014-01-01,1.2700479,2013-01-01,289.49855672757917,282.9577334469312,"{""geodesic"":false,""type"":""Point"",""coordinates"":[-121.80629738219503,36.269255017504655]}"
7_00000000000000000115_0,39.453184972970526,405.0,0.7822908841391527,BS629,0.0,2014-01-01,1.1220179,2013-01-01,290.4397112284621,283.44769855656034,"{""geodesic"":false,""type"":""Point"",""coordinates"":[-121.69526561307785,36.18813714734866]}"
7_00000000000000000116_0,33.970412070492195,552.0,0.8284625901129123,BS632,0.0,2014-01-01,1.141725,2013-01-01,289.49855672757917,282.9577334469312,"{""geodesic"":false,""type"":""Point"",""coordinates"":[-121.80036850131984,36.325040396648475]}"
7_00000000000000000117_0,42.973913053945864,639.0,0.7749249635632722,BS633,0.0,2014-01-01,1.141725,2013-01-01,289.49855672757917,282.9577334469312,"{""geodesic"":false,""type"":""Point"",""coordinates"":[-121.80063799590508,36.32261494538135]}"
8_00000000000000000000_0,61.689523401592254,381.0,0.8323470828944973,BS002,0.0,2015-01-01,1.9001806,2014-01-01,294.13129247378,285.6076947773973,"{""geodesic"":false,""type"":""Point"",""coordinates"":[-121.3875027967385,35.85611981833809]}"
8_00000000000000000001_0,63.037393292581335,405.0,0.8068463760681794,BS003,0.0,2015-01-01,1.9001806,2014-01-01,294.13129247378,285.6076947773973,"{""geodesic"":false,""type"":""Point"",""coordinates"":[-121.39208420468752,35.85072992663337]}"
8_00000000000000000002_0,53.83025534631758,790.0,0.8444860247051871,BS004,0.0,2015-01-01,1.9001806,2014-01-01,294.13129247378,285.6076947773973,"{""geodesic"":false,""type"":""Point"",""coordinates"":[-121.36675171367534,35.85854526960521]}"
8_00000000000000000003_0,56.99540469166263,851.0,0.8169730279419665,BS005,0.0,2015-01-01,1.9001806,2014-01-01,294.13129247378,285.6076947773973,"{""geodesic"":false,""type"":""Point"",""coordinates"":[-121.36028384362969,35.85881476419044]}"
8_00000000000000000004_0,46.956775300299434,820.0,0.8362181589517269,BS006,0.0,2015-01-01,1.9001806,2014-01-01,294.13129247378,285.6076947773973,"{""geodesic"":false,""type"":""Point"",""coordinates"":[-121.35381597358402,35.86043173170186]}"
8_00000000000000000005_0,17.978600276040236,883.0,0.7676545148569752,BS007,0.0,2015-01-01,1.8751826,2014-01-01,295.2526263093295,284.6536637815711,"{""geodesic"":false,""type"":""Point"",""coordinates"":[-121.33926326598129,35.857736785849504]}"
8_00000000000000000006_0,16.72128916403989,509.0,0.6119690116044773,BS011,0.0,2015-01-01,1.9799625,2014-01-01,294.35206959345567,285.9226543269745,"{""geodesic"":false,""type"":""Point"",""coordinates"":[-121.37133312162436,35.8291703598145]}"
8_00000000000000000007_0,30.93132506678853,359.0,0.8010002309430441,BS012,0.0,2015-01-01,1.9799625,2014-01-01,294.35206959345567,285.9226543269745,"{""geodesic"":false,""type"":""Point"",""coordinates"":[-121.37160261620959,35.82324147893931]}"
8_00000000000000000008_0,73.2519235852487,351.0,0.8015757834964529,BS015,0.0,2015-01-01,1.921709,2014-01-01,294.72189514996256,285.45636467084495,"{""geodesic"":false,""type"":""Point"",""coordinates"":[-121.34303619017459,35.8253974356212]}"
8_00000000000000000009_0,65.02568292246043,453.0,0.8394841116741744,BS016,0.0,2015-01-01,1.921709,2014-01-01,294.72189514996256,285.45636467084495,"{""geodesic"":false,""type"":""Point"",""coordinates"":[-121.33764629846988,35.82566693020643]}"
8_0000000000000000000a_0,52.12369922851284,518.0,0.8469712668771846,BS017,0.0,2015-01-01,1.921709,2014-01-01,294.72189514996256,285.45636467084495,"{""geodesic"":false,""type"":""Point"",""coordinates"":[-121.33225640676515,35.82512794103596]}"
8_0000000000000000000b_0,37.13951998745682,611.0,0.8776366536482008,BS018,0.0,2015-01-01,1.921709,2014-01-01,294.72189514996256,285.45636467084495,"{""geodesic"":false,""type"":""Point"",""coordinates"":[-121.32848348257185,35.82351097352455]}"
8_0000000000000000000c_0,69.67339521638726,466.0,0.8382921729457773,BS019,0.0,2015-01-01,1.921709,2014-01-01,294.72189514996256,285.45636467084495,"{""geodesic"":false,""type"":""Point"",""coordinates"":[-121.34249720100412,35.82970934898497]}"
8_0000000000000000000d_0,37.506727516841885,400.0,0.8175204198984857,BS020,0.0,2015-01-01,1.921709,2014-01-01,294.72189514996256,285.45636467084495,"{""geodesic"":false,""type"":""Point"",""coordinates"":[-121.3408802334927,35.83375176776351]}"
8_0000000000000000000e_0,32.59621908092526,639.0,0.8606586606259067,BS022,0.0,2015-01-01,1.921709,2014-01-01,294.72189514996256,285.45636467084495,"{""geodesic"":false,""type"":""Point"",""coordinates"":[-121.3379157930551,35.84426205658771]}"
8_0000000000000000000f_0,40.00919532282011,233.0,0.7984138430456512,BS026,0.0,2015-01-01,1.9079298,2014-01-01,294.13129247378,285.6076947773973,"{""geodesic"":false,""type"":""Point"",""coordinates"":[-121.42550153325676,35.90166440324295]}"
8_00000000000000000010_0,61.02205817221385,186.0,0.816972541852206,BS027,0.0,2015-01-01,2.033898,2014-01-01,294.13129247378,285.6076947773973,"{""geodesic"":false,""type"":""Point"",""coordinates"":[-121.43089142496147,35.89789147904964]}"
8_00000000000000000011_0,28.277386470060517,317.0,0.779302860967273,BS032,0.0,2015-01-01,1.8995105,2014-01-01,294.72189514996256,285.45636467084495,"{""geodesic"":false,""type"":""Point"",""coordinates"":[-121.3379157930551,35.797908987927144]}"
8_00000000000000000012_0,70.25232660481697,648.0,0.7080639324658273,BS034,0.0,2015-01-01,1.921709,2014-01-01,294.72189514996256,285.45636467084495,"{""geodesic"":false,""type"":""Point"",""coordinates"":[-121.32686651506043,35.800064944609026]}"
8_00000000000000000013_0,21.617411412895475,390.0,0.7818455208791852,BS035,0.0,2015-01-01,1.8995105,2014-01-01,294.72189514996256,285.45636467084495,"{""geodesic"":false,""type"":""Point"",""coordinates"":[-121.31985965584431,35.789824150370066]}"
8_00000000000000000015_0,94.5644964603859,726.0,0.5343778130147054,BS044,0.0,2015-01-01,2.2301877,2014-01-01,293.25610134177015,284.9452450268889,"{""geodesic"":false,""type"":""Point"",""coordinates"":[-121.51712969223695,36.031560793326626]}"
8_00000000000000000016_0,26.656392106567868,517.0,0.7788410916009413,BS045,0.0,2015-01-01,2.2301877,2014-01-01,293.25610134177015,284.9452450268889,"{""geodesic"":false,""type"":""Point"",""coordinates"":[-121.50634990882752,36.02886584747427]}"
8_00000000000000000017_0,81.90028262819813,584.0,0.7813789439131528,BS046,0.0,2015-01-01,2.2301877,2014-01-01,293.25610134177015,284.9452450268889,"{""geodesic"":false,""type"":""Point"",""coordinates"":[-121.5047329413161,36.023475955769555]}"
8_00000000000000000018_0,28.17573395771838,690.0,0.660686453149879,BS047,0.0,2015-01-01,1.9584439,2014-01-01,293.25610134177015,284.9452450268889,"{""geodesic"":false,""type"":""Point"",""coordinates"":[-121.49988203878186,36.02805736371856]}"
8_00000000000000000019_0,58.21876674222076,527.0,0.7968561725861054,BS048,0.0,2015-01-01,1.9584439,2014-01-01,293.25610134177015,284.9452450268889,"{""geodesic"":false,""type"":""Point"",""coordinates"":[-121.4904497282986,36.02859635288903]}"
8_0000000000000000001a_0,43.11373746532397,721.0,0.7905950658992077,BS050,0.0,2015-01-01,1.9584439,2014-01-01,293.25610134177015,284.9452450268889,"{""geodesic"":false,""type"":""Point"",""coordinates"":[-121.47966994488917,36.03290826625281]}"
8_0000000000000000001b_0,53.002115401508,575.0,0.7906714757432165,BS052,0.0,2015-01-01,2.2301877,2014-01-01,293.25610134177015,284.9452450268889,"{""geodesic"":false,""type"":""Point"",""coordinates"":[-121.50122951170803,36.01323516153059]}"
8_0000000000000000001c_0,94.98614476623196,380.0,0.7530935132190754,BS053,0.0,2015-01-01,2.2301877,2014-01-01,293.25610134177015,284.9452450268889,"{""geodesic"":false,""type"":""Point"",""coordinates"":[-121.50661940341276,36.01242667777488]}"
8_0000000000000000001d_0,79.82432554932961,573.0,0.6653924549431548,BS054,0.0,2015-01-01,1.8995105,2014-01-01,294.72189514996256,285.45636467084495,"{""geodesic"":false,""type"":""Point"",""coordinates"":[-121.31339178579864,35.78685970993247]}"
8_0000000000000000001e_0,61.39989144677253,599.0,0.6692183639363009,BS057,0.0,2015-01-01,2.2301877,2014-01-01,293.25610134177015,284.9452450268889,"{""geodesic"":false,""type"":""Point"",""coordinates"":[-121.51173980053224,36.029135342059504]}"
8_0000000000000000001f_0,35.04766703555378,767.0,0.8215402991567847,BS058,0.0,2015-01-01,2.2344213,2014-01-01,292.73102329201896,284.1411694670377,"{""geodesic"":false,""type"":""Point"",""coordinates"":[-121.54677409661289,36.06012721936163]}"
8_00000000000000000020_0,20.956963676460443,661.0,0.8216348746186056,BS059,0.0,2015-01-01,2.2344213,2014-01-01,292.73102329201896,284.1411694670377,"{""geodesic"":false,""type"":""Point"",""coordinates"":[-121.54650460202767,36.056623789753566]}"
8_00000000000000000021_0,23.262746636878166,646.0,0.7659940524251834,BS060,0.0,2015-01-01,2.2344213,2014-01-01,292.73102329201896,284.1411694670377,"{""geodesic"":false,""type"":""Point"",""coordinates"":[-121.5438096561753,36.05258137097503]}"
8_00000000000000000022_0,20.275191136980194,612.0,0.7541558630159448,BS062,0.0,2015-01-01,2.2301877,2014-01-01,293.25610134177015,284.9452450268889,"{""geodesic"":false,""type"":""Point"",""coordinates"":[-121.54973853705049,36.03398624459375]}"
8_00000000000000000023_0,18.46595380821255,651.0,0.8126097517758186,BS063,0.0,2015-01-01,2.2301877,2014-01-01,293.25610134177015,284.9452450268889,"{""geodesic"":false,""type"":""Point"",""coordinates"":[-121.53788077530011,36.035603212105165]}"
8_00000000000000000024_0,32.62663606836674,746.0,0.780278046923402,BS066,0.0,2015-01-01,2.2301877,2014-01-01,293.25610134177015,284.9452450268889,"{""geodesic"":false,""type"":""Point"",""coordinates"":[-121.53356886193635,36.03722017961658]}"
8_00000000000000000026_0,17.140671957620203,705.0,0.7620669003487753,BS071,0.0,2015-01-01,2.2301877,2014-01-01,293.25610134177015,284.9452450268889,"{""geodesic"":false,""type"":""Point"",""coordinates"":[-121.54515712910148,36.037759168787055]}"
8_00000000000000000029_0,21.140253127414017,581.0,0.8458325269728503,BS076,0.0,2015-01-01,2.7473269,2014-01-01,291.04605370090434,283.5483880866064,"{""geodesic"":false,""type"":""Point"",""coordinates"":[-121.8219280681387,36.361961154825785]}"
8_0000000000000000002a_0,25.40631593503727,607.0,0.8239424158425162,BS077,0.0,2015-01-01,2.7473269,2014-01-01,291.04605370090434,283.5483880866064,"{""geodesic"":false,""type"":""Point"",""coordinates"":[-121.81896362770111,36.35926620897343]}"
8_0000000000000000002b_0,60.32116038231112,626.0,0.7870220906660003,BS078,0.0,2015-01-01,2.7473269,2014-01-01,291.04605370090434,283.5483880866064,"{""geodesic"":false,""type"":""Point"",""coordinates"":[-121.81599918726351,36.35549328478013]}"
8_0000000000000000002c_0,33.125409576866765,745.0,0.7843647859102951,BS079,0.0,2015-01-01,2.7473269,2014-01-01,291.04605370090434,283.5483880866064,"{""geodesic"":false,""type"":""Point"",""coordinates"":[-121.81249575765546,36.35953570355866]}"
8_0000000000000000002d_0,38.06500991713721,867.0,0.8366920392555599,BS080,0.0,2015-01-01,2.7473269,2014-01-01,291.04605370090434,283.5483880866064,"{""geodesic"":false,""type"":""Point"",""coordinates"":[-121.80441092009838,36.36061368189961]}"
8_0000000000000000002e_0,34.74459338372502,316.0,0.8335417110605761,BS081,0.0,2015-01-01,2.7473269,2014-01-01,291.04605370090434,283.5483880866064,"{""geodesic"":false,""type"":""Point"",""coordinates"":[-121.84429611871329,36.37193245447951]}"
8_00000000000000000034_0,17.473497299193568,1009.0,0.7478728227842182,BS088,0.0,2015-01-01,2.540481,2014-01-01,291.04605370090434,283.5483880866064,"{""geodesic"":false,""type"":""Point"",""coordinates"":[-121.7963260825413,36.3598051981439]}"
8_00000000000000000035_0,19.456173136116163,1058.0,0.7900203867937723,BS089,0.0,2015-01-01,2.540481,2014-01-01,291.04605370090434,283.5483880866064,"{""geodesic"":false,""type"":""Point"",""coordinates"":[-121.7963260825413,36.3665425627748]}"
8_00000000000000000036_0,22.537697131395422,952.0,0.7695999462572619,BS090,0.0,2015-01-01,2.540481,2014-01-01,291.04605370090434,283.5483880866064,"{""geodesic"":false,""type"":""Point"",""coordinates"":[-121.79659557712654,36.37085447613857]}"
8_00000000000000000037_0,33.152911125006604,929.0,0.8643441711214095,BS092,0.0,2015-01-01,2.7473269,2014-01-01,291.04605370090434,283.5483880866064,"{""geodesic"":false,""type"":""Point"",""coordinates"":[-121.80414142551314,36.37489689491711]}"
8_00000000000000000038_0,60.33592827839373,785.0,0.7838056243014719,BS094,0.0,2015-01-01,1.9056458,2014-01-01,290.4459825489619,284.7119417791497,"{""geodesic"":false,""type"":""Point"",""coordinates"":[-121.87259305016305,36.45817072175499]}"
8_0000000000000000003a_0,63.408185223661995,521.0,0.7790040791166047,BS102,0.0,2015-01-01,2.7473269,2014-01-01,291.04605370090434,283.5483880866064,"{""geodesic"":false,""type"":""Point"",""coordinates"":[-121.84240965661662,36.38055628120706]}"
8_0000000000000000003b_0,55.38262760563575,504.0,0.7500300760510697,BS103,0.0,2015-01-01,2.7473269,2014-01-01,291.04605370090434,283.5483880866064,"{""geodesic"":false,""type"":""Point"",""coordinates"":[-121.84483510788375,36.378939313695646]}"
8_0000000000000000003d_0,75.85147606291851,889.0,0.7402486479737608,BS112,0.0,2015-01-01,2.4703083,2014-01-01,291.04605370090434,283.5483880866064,"{""geodesic"":false,""type"":""Point"",""coordinates"":[-121.8429486457871,36.41774653396961]}"
8_00000000000000000040_0,31.62421426360392,932.0,0.8142502651827322,BS121,0.0,2015-01-01,2.4703083,2014-01-01,291.04605370090434,283.5483880866064,"{""geodesic"":false,""type"":""Point"",""coordinates"":[-121.83944521617903,36.42178895274815]}"
8_00000000000000000041_0,82.08247423372418,766.0,0.7280539720567044,BS122,0.0,2015-01-01,2.4703083,2014-01-01,291.04605370090434,283.5483880866064,"{""geodesic"":false,""type"":""Point"",""coordinates"":[-121.84429611871329,36.423944909430034]}"
8_00000000000000000042_0,72.38514626043164,338.0,0.8069739389781857,BS123,0.0,2015-01-01,1.9056458,2014-01-01,290.4459825489619,284.7119417791497,"{""geodesic"":false,""type"":""Point"",""coordinates"":[-121.89415261698191,36.48107776150004]}"
8_00000000000000000043_0,46.30569196947628,376.0,0.8523790146730228,BS124,0.0,2015-01-01,1.9056458,2014-01-01,290.4459825489619,284.7119417791497,"{""geodesic"":false,""type"":""Point"",""coordinates"":[-121.89011019820337,36.47838281564768]}"
8_00000000000000000044_0,38.167317983338705,408.0,0.8607171953767168,BS125,0.0,2015-01-01,1.9056458,2014-01-01,290.4459825489619,284.7119417791497,"{""geodesic"":false,""type"":""Point"",""coordinates"":[-121.88633727401007,36.4808082669148]}"
8_00000000000000000045_0,67.76039142080994,311.0,0.7563250449499325,BS126,0.0,2015-01-01,1.9056458,2014-01-01,290.4459825489619,284.7119417791497,"{""geodesic"":false,""type"":""Point"",""coordinates"":[-121.88013889854965,36.484311696522866]}"
8_00000000000000000046_0,32.87313524748101,393.0,0.8623633170020106,BS128,0.0,2015-01-01,1.9056458,2014-01-01,290.4459825489619,284.7119417791497,"{""geodesic"":false,""type"":""Point"",""coordinates"":[-121.87367102850399,36.477843826477205]}"
8_00000000000000000047_0,59.22397999529809,351.0,0.7784217304855257,BS129,0.0,2015-01-01,1.9056458,2014-01-01,290.4459825489619,284.7119417791497,"{""geodesic"":false,""type"":""Point"",""coordinates"":[-121.88741525235102,36.49077956656853]}"
8_00000000000000000048_0,28.31706205059496,242.0,0.8252064038710799,BS130,0.0,2015-01-01,1.9056458,2014-01-01,290.4459825489619,284.7119417791497,"{""geodesic"":false,""type"":""Point"",""coordinates"":[-121.88391182274296,36.49563046910277]}"
8_00000000000000000049_0,63.34677179027401,250.0,0.8140065624370141,BS131,0.0,2015-01-01,1.6210061,2014-01-01,290.4459825489619,284.7119417791497,"{""geodesic"":false,""type"":""Point"",""coordinates"":[-121.88121687689059,36.500750866222255]}"
8_0000000000000000004e_0,43.44691478210757,306.0,0.8604467031476002,BS137,0.0,2015-01-01,3.170755,2014-01-01,290.36052906611195,285.42135352565816,"{""geodesic"":false,""type"":""Point"",""coordinates"":[-121.87555749060064,36.347947436393525]}"
8_0000000000000000004f_0,28.88138638625973,306.0,0.7931319915748558,BS138,0.0,2015-01-01,1.9056458,2014-01-01,290.4459825489619,284.7119417791497,"{""geodesic"":false,""type"":""Point"",""coordinates"":[-121.86369972885026,36.49643895285848]}"
8_00000000000000000050_0,38.696206076599175,301.0,0.7541471817386359,BS139,0.0,2015-01-01,1.9056458,2014-01-01,290.4459825489619,284.7119417791497,"{""geodesic"":false,""type"":""Point"",""coordinates"":[-121.86289124509456,36.49104906115377]}"
8_00000000000000000051_0,47.176596901081716,333.0,0.8613737209389282,BS140,0.0,2015-01-01,1.9056458,2014-01-01,290.4459825489619,284.7119417791497,"{""geodesic"":false,""type"":""Point"",""coordinates"":[-121.86720315845832,36.482425234426216]}"
8_00000000000000000052_0,70.73485627623404,297.0,0.8021127321638785,BS141,0.0,2015-01-01,1.9056458,2014-01-01,290.4459825489619,284.7119417791497,"{""geodesic"":false,""type"":""Point"",""coordinates"":[-121.86100478299791,36.48296422359669]}"
8_00000000000000000053_0,27.176488209797885,503.0,0.7764493247418763,BS144,0.0,2015-01-01,1.9684243,2014-01-01,291.593980554032,283.7354470030902,"{""geodesic"":false,""type"":""Point"",""coordinates"":[-121.81761615477494,36.46841151599395]}"
8_00000000000000000054_0,58.62185399048835,722.0,0.8268829173770075,BS146,0.0,2015-01-01,1.9056458,2014-01-01,290.4459825489619,284.7119417791497,"{""geodesic"":false,""type"":""Point"",""coordinates"":[-121.87313203933351,36.46302162428923]}"
8_00000000000000000055_0,70.10254980801021,435.0,0.8617186132777533,BS147,0.0,2015-01-01,1.9056458,2014-01-01,290.4459825489619,284.7119417791497,"{""geodesic"":false,""type"":""Point"",""coordinates"":[-121.88687626318055,36.47083696726107]}"
8_00000000000000000056_0,46.02381742482737,880.0,0.8105491452992131,BS148,0.0,2015-01-01,1.9056458,2014-01-01,290.4459825489619,284.7119417791497,"{""geodesic"":false,""type"":""Point"",""coordinates"":[-121.87124557723686,36.453050324635505]}"
8_00000000000000000057_0,62.90575026120814,767.0,0.7868987950191549,BS149,0.0,2015-01-01,1.9056458,2014-01-01,290.4459825489619,284.7119417791497,"{""geodesic"":false,""type"":""Point"",""coordinates"":[-121.87690496352683,36.45251133546503]}"
8_00000000000000000059_0,65.82823379412311,513.0,0.8331993899613087,BS151,0.0,2015-01-01,1.9056458,2014-01-01,290.4459825489619,284.7119417791497,"{""geodesic"":false,""type"":""Point"",""coordinates"":[-121.85130297792941,36.46248263511876]}"
8_0000000000000000005a_0,75.31405396650253,436.0,0.8399972839514734,BS152,0.0,2015-01-01,1.9056458,2014-01-01,290.4459825489619,284.7119417791497,"{""geodesic"":false,""type"":""Point"",""coordinates"":[-121.85184196709989,36.46706404306777]}"
8_0000000000000000005b_0,38.155089994676366,440.0,0.8163803510466124,BS156,0.0,2015-01-01,3.1995826,2014-01-01,290.7942411657882,284.4011279380485,"{""geodesic"":false,""type"":""Point"",""coordinates"":[-121.80306344717219,36.30725375402291]}"
8_0000000000000000005c_0,67.20763045402101,369.0,0.8115763073880585,BS157,0.0,2015-01-01,3.1995826,2014-01-01,290.7942411657882,284.4011279380485,"{""geodesic"":false,""type"":""Point"",""coordinates"":[-121.80737536053597,36.30375032441484]}"
8_0000000000000000005d_0,18.875366751376017,649.0,0.7705445630712653,BS158,0.0,2015-01-01,2.7473269,2014-01-01,291.04605370090434,283.5483880866064,"{""geodesic"":false,""type"":""Point"",""coordinates"":[-121.8143822197521,36.35118137141635]}"
8_0000000000000000005e_0,31.35603548281601,294.0,0.8405657919699988,BS159,0.0,2015-01-01,3.1995826,2014-01-01,290.7942411657882,284.4011279380485,"{""geodesic"":false,""type"":""Point"",""coordinates"":[-121.80225496341649,36.34067108259215]}"
8_0000000000000000005f_0,24.199724596519072,409.0,0.7955641532936789,BS160,0.0,2015-01-01,3.0191894,2014-01-01,290.7942411657882,284.4011279380485,"{""geodesic"":false,""type"":""Point"",""coordinates"":[-121.79821254463795,36.32935231001225]}"
8_00000000000000000060_0,28.31736821475256,1125.0,0.5226257618550817,BS161,0.0,2015-01-01,2.6515226,2014-01-01,291.3444004006582,283.3045632140277,"{""geodesic"":false,""type"":""Point"",""coordinates"":[-121.71305225570342,36.3350116963022]}"
8_00000000000000000061_0,41.15984473895781,1102.0,0.770889197952415,BS162,0.0,2015-01-01,2.6515226,2014-01-01,291.3444004006582,283.3045632140277,"{""geodesic"":false,""type"":""Point"",""coordinates"":[-121.71601669614101,36.34013209342169]}"
8_00000000000000000062_0,22.27034473226463,1175.0,0.6313085041860637,BS163,0.0,2015-01-01,2.6515226,2014-01-01,291.3444004006582,283.3045632140277,"{""geodesic"":false,""type"":""Point"",""coordinates"":[-121.71952012574909,36.3455219851264]}"
8_00000000000000000063_0,21.161824202176266,327.0,0.8461081911673926,BS165,0.0,2015-01-01,3.0191894,2014-01-01,290.7942411657882,284.4011279380485,"{""geodesic"":false,""type"":""Point"",""coordinates"":[-121.79201416917752,36.32584888040418]}"
8_00000000000000000064_0,49.857129000215785,373.0,0.8038094635476339,BS166,0.0,2015-01-01,3.0191894,2014-01-01,290.7942411657882,284.4011279380485,"{""geodesic"":false,""type"":""Point"",""coordinates"":[-121.79228366376276,36.32935231001225]}"
8_00000000000000000065_0,44.222361031911966,437.0,0.8076427308682218,BS167,0.0,2015-01-01,3.0191894,2014-01-01,290.7942411657882,284.4011279380485,"{""geodesic"":false,""type"":""Point"",""coordinates"":[-121.79066669625135,36.320997977869936]}"
8_00000000000000000066_0,74.95494189417406,346.0,0.8421925163473495,BS168,0.0,2015-01-01,3.0191894,2014-01-01,290.7942411657882,284.4011279380485,"{""geodesic"":false,""type"":""Point"",""coordinates"":[-121.78446832079092,36.32477090206324]}"
8_00000000000000000067_0,26.800077724660806,1111.0,0.501494316761944,BS172,0.0,2015-01-01,2.3529024,2014-01-01,292.1126382070045,281.67682812834437,"{""geodesic"":false,""type"":""Point"",""coordinates"":[-121.7429661546646,36.361961154825785]}"
8_00000000000000000068_0,21.925848533911132,522.0,0.7431582689404124,BS175,0.0,2015-01-01,3.1995826,2014-01-01,290.7942411657882,284.4011279380485,"{""geodesic"":false,""type"":""Point"",""coordinates"":[-121.80117698507554,36.314799602409515]}"
8_00000000000000000069_0,23.00458900518996,533.0,0.7737955292961541,BS176,0.0,2015-01-01,3.0191894,2014-01-01,290.7942411657882,284.4011279380485,"{""geodesic"":false,""type"":""Point"",""coordinates"":[-121.79147518000705,36.30967920529003]}"
8_0000000000000000006a_0,63.18843435349666,577.0,0.8267438238918153,BS177,0.0,2015-01-01,3.0191894,2014-01-01,290.7942411657882,284.4011279380485,"{""geodesic"":false,""type"":""Point"",""coordinates"":[-121.79012770708087,36.30698425943768]}"
8_0000000000000000006b_0,59.16351962016437,231.0,0.8373893191721368,BS186,0.0,2015-01-01,3.6717517,2014-01-01,290.7942411657882,284.4011279380485,"{""geodesic"":false,""type"":""Point"",""coordinates"":[-121.82731795984343,36.268985522919415]}"
8_0000000000000000006c_0,42.9840297024424,123.0,0.774443388808713,BS187,0.0,2015-01-01,3.6717517,2014-01-01,290.7942411657882,284.4011279380485,"{""geodesic"":false,""type"":""Point"",""coordinates"":[-121.82731795984343,36.28111277925503]}"
8_0000000000000000006d_0,44.1048249118404,275.0,0.8069042337828892,BS188,0.0,2015-01-01,3.6717517,2014-01-01,290.7942411657882,284.4011279380485,"{""geodesic"":false,""type"":""Point"",""coordinates"":[-121.82300604647965,36.26413462038517]}"
8_0000000000000000006e_0,66.2909405668694,109.0,0.764082418636903,BS190,0.0,2015-01-01,3.6717517,2014-01-01,290.7942411657882,284.4011279380485,"{""geodesic"":false,""type"":""Point"",""coordinates"":[-121.83297734613338,36.285963681789276]}"
8_0000000000000000006f_0,53.56646068199829,422.0,0.7935932964208617,BS193,0.0,2015-01-01,3.6717517,2014-01-01,290.7942411657882,284.4011279380485,"{""geodesic"":false,""type"":""Point"",""coordinates"":[-121.82839593818437,36.2988994218806]}"
8_00000000000000000070_0,69.79752563005816,437.0,0.7677433100771972,BS194,0.0,2015-01-01,3.6717517,2014-01-01,290.7942411657882,284.4011279380485,"{""geodesic"":false,""type"":""Point"",""coordinates"":[-121.82408402482059,36.29674346519871]}"
8_00000000000000000071_0,82.68233745682961,590.0,0.5475951603459417,BS195,0.0,2015-01-01,3.6717517,2014-01-01,290.7942411657882,284.4011279380485,"{""geodesic"":false,""type"":""Point"",""coordinates"":[-121.81249575765546,36.2951264976873]}"
8_00000000000000000072_0,80.13798377773519,661.0,0.666662009723484,BS196,0.0,2015-01-01,3.6717517,2014-01-01,290.7942411657882,284.4011279380485,"{""geodesic"":false,""type"":""Point"",""coordinates"":[-121.80926182263262,36.29135357349399]}"
8_00000000000000000073_0,17.304343810631615,790.0,0.7114598030325366,BS201,0.0,2015-01-01,2.7473269,2014-01-01,291.04605370090434,283.5483880866064,"{""geodesic"":false,""type"":""Point"",""coordinates"":[-121.82650947608772,36.353606822683474]}"
8_00000000000000000074_0,17.910631157639667,787.0,0.5913934927568909,BS202,0.0,2015-01-01,2.7473269,2014-01-01,291.04605370090434,283.5483880866064,"{""geodesic"":false,""type"":""Point"",""coordinates"":[-121.83567229198573,36.35333732809824]}"
8_00000000000000000075_0,42.302760223970175,795.0,0.7820653426135552,BS203,0.0,2015-01-01,2.7473269,2014-01-01,291.04605370090434,283.5483880866064,"{""geodesic"":false,""type"":""Point"",""coordinates"":[-121.83675027032668,36.35791873604725]}"
8_00000000000000000076_0,32.50954295569514,794.0,0.8357447475592307,BS204,0.0,2015-01-01,2.7473269,2014-01-01,291.04605370090434,283.5483880866064,"{""geodesic"":false,""type"":""Point"",""coordinates"":[-121.84240965661662,36.358188230632486]}"
8_00000000000000000077_0,35.26830480252888,98.0,0.7574482412292012,BS205,0.0,2015-01-01,3.6717517,2014-01-01,290.7942411657882,284.4011279380485,"{""geodesic"":false,""type"":""Point"",""coordinates"":[-121.81195676848498,36.27006350126036]}"
8_00000000000000000078_0,113.5474167137214,335.0,0.5366410967521379,BS207,0.0,2015-01-01,3.6717517,2014-01-01,290.7942411657882,284.4011279380485,"{""geodesic"":false,""type"":""Point"",""coordinates"":[-121.80252445800173,36.25712776116904]}"
8_00000000000000000080_0,67.94510587498586,375.0,0.7494902234978463,BS223,0.0,2015-01-01,3.178272,2014-01-01,291.3444004006582,283.3045632140277,"{""geodesic"":false,""type"":""Point"",""coordinates"":[-121.74916453012503,36.250390396538144]}"
8_00000000000000000081_0,67.08209580471166,457.0,0.8136320835190566,BS224,0.0,2015-01-01,3.178272,2014-01-01,291.3444004006582,283.3045632140277,"{""geodesic"":false,""type"":""Point"",""coordinates"":[-121.73973221964177,36.25389382614621]}"
8_00000000000000000082_0,57.56816391884462,497.0,0.8253908071790016,BS226,0.0,2015-01-01,3.3447113,2014-01-01,291.5110287601001,284.854380108559,"{""geodesic"":false,""type"":""Point"",""coordinates"":[-121.73595929544847,36.24958191278244]}"
8_00000000000000000083_0,70.26600629376878,517.0,0.7643769186897337,BS228,0.0,2015-01-01,3.3447113,2014-01-01,291.5110287601001,284.854380108559,"{""geodesic"":false,""type"":""Point"",""coordinates"":[-121.72733546872092,36.24580898858913]}"
8_00000000000000000084_0,77.71566686884017,742.0,0.7246807503414496,BS229,0.0,2015-01-01,3.3447113,2014-01-01,291.5110287601001,284.854380108559,"{""geodesic"":false,""type"":""Point"",""coordinates"":[-121.7286829416471,36.23637667810588]}"
8_00000000000000000085_0,35.96925965135521,563.0,0.764783907279055,BS230,0.0,2015-01-01,3.3447113,2014-01-01,291.5110287601001,284.854380108559,"{""geodesic"":false,""type"":""Point"",""coordinates"":[-121.72059810409003,36.24149707522536]}"
8_00000000000000000086_0,76.95472706527055,723.0,0.6800013137595244,BS232,0.0,2015-01-01,3.3447113,2014-01-01,291.5110287601001,284.854380108559,"{""geodesic"":false,""type"":""Point"",""coordinates"":[-121.74620008968743,36.23961061312871]}"
8_00000000000000000087_0,87.65668429190067,709.0,0.6845989757296378,BS233,0.0,2015-01-01,3.3447113,2014-01-01,291.5110287601001,284.854380108559,"{""geodesic"":false,""type"":""Point"",""coordinates"":[-121.74512211134649,36.2312562809864]}"
8_0000000000000000008b_0,79.43695117825196,325.0,0.7856124457038592,BS240,0.0,2015-01-01,3.3447113,2014-01-01,291.5110287601001,284.854380108559,"{""geodesic"":false,""type"":""Point"",""coordinates"":[-121.71844214740814,36.24796494527102]}"
8_0000000000000000008c_0,72.64615535144762,376.0,0.7996998161435203,BS241,0.0,2015-01-01,3.3447113,2014-01-01,291.5110287601001,284.854380108559,"{""geodesic"":false,""type"":""Point"",""coordinates"":[-121.71332175028866,36.24607848317437]}"
8_0000000000000000008d_0,35.731012227822696,442.0,0.8437807424798102,BS242,0.0,2015-01-01,3.3447113,2014-01-01,291.5110287601001,284.854380108559,"{""geodesic"":false,""type"":""Point"",""coordinates"":[-121.70173348312352,36.24715646151531]}"
8_0000000000000000008e_0,82.118324335633,451.0,0.7781798268649925,BS243,0.0,2015-01-01,2.995526,2014-01-01,291.5110287601001,284.854380108559,"{""geodesic"":false,""type"":""Point"",""coordinates"":[-121.6941876347369,36.248503934441494]}"
8_0000000000000000008f_0,35.95066671688923,394.0,0.7832742074112837,BS244,0.0,2015-01-01,2.8104277,2014-01-01,291.3444004006582,283.3045632140277,"{""geodesic"":false,""type"":""Point"",""coordinates"":[-121.68771976469125,36.25200736404956]}"
8_00000000000000000090_0,76.24039175408984,459.0,0.7679377084631142,BS245,0.0,2015-01-01,2.995526,2014-01-01,291.5110287601001,284.854380108559,"{""geodesic"":false,""type"":""Point"",""coordinates"":[-121.68125189464558,36.2493124181972]}"
8_00000000000000000091_0,28.09962949196729,528.0,0.6813369668120487,BS246,0.0,2015-01-01,2.8104277,2014-01-01,291.3444004006582,283.3045632140277,"{""geodesic"":false,""type"":""Point"",""coordinates"":[-121.67720947586704,36.250390396538144]}"
8_00000000000000000092_0,20.464220638327358,604.0,0.8037420258488105,BS247,0.0,2015-01-01,2.8104277,2014-01-01,291.3444004006582,283.3045632140277,"{""geodesic"":false,""type"":""Point"",""coordinates"":[-121.67074160582139,36.2560497828281]}"
8_00000000000000000093_0,41.68548101974838,692.0,0.6527796214309571,BS248,0.0,2015-01-01,2.995526,2014-01-01,291.5110287601001,284.854380108559,"{""geodesic"":false,""type"":""Point"",""coordinates"":[-121.65942283324148,36.248503934441494]}"
8_00000000000000000094_0,19.268328113412924,580.0,0.8205408940326776,BS249,0.0,2015-01-01,2.995526,2014-01-01,291.5110287601001,284.854380108559,"{""geodesic"":false,""type"":""Point"",""coordinates"":[-121.65349395236629,36.248503934441494]}"
8_00000000000000000095_0,20.705818957938778,827.0,0.7631097624132962,BS251,0.0,2015-01-01,3.3447113,2014-01-01,291.5110287601001,284.854380108559,"{""geodesic"":false,""type"":""Point"",""coordinates"":[-121.73191687666993,36.23044779723069]}"
8_00000000000000000096_0,25.472049837333216,888.0,0.7743148344568457,BS253,0.0,2015-01-01,3.3447113,2014-01-01,291.5110287601001,284.854380108559,"{""geodesic"":false,""type"":""Point"",""coordinates"":[-121.71763366365244,36.22020700299173]}"
8_00000000000000000097_0,57.40982420962246,901.0,0.7952107888986384,BS254,0.0,2015-01-01,3.3447113,2014-01-01,291.5110287601001,284.854380108559,"{""geodesic"":false,""type"":""Point"",""coordinates"":[-121.71170478277725,36.219937508406495]}"
8_00000000000000000098_0,73.77661096971578,1127.0,0.6371818422834049,BS257,0.0,2015-01-01,2.995526,2014-01-01,291.5110287601001,284.854380108559,"{""geodesic"":false,""type"":""Point"",""coordinates"":[-121.67936543254893,36.20969671416753]}"
8_00000000000000000099_0,32.0781187466015,122.0,0.7088099836763667,BS259,0.0,2015-01-01,3.4842298,2014-01-01,290.7942411657882,284.4011279380485,"{""geodesic"":false,""type"":""Point"",""coordinates"":[-121.79875153380843,36.26629057706706]}"
8_0000000000000000009a_0,37.838163695503155,256.0,0.8113607247957018,BS260,0.0,2015-01-01,3.6717517,2014-01-01,290.7942411657882,284.4011279380485,"{""geodesic"":false,""type"":""Point"",""coordinates"":[-121.80521940385408,36.260900685362344]}"
8_0000000000000000009b_0,30.843328383170768,539.0,0.7681876769256224,BS262,0.0,2015-01-01,3.3447113,2014-01-01,291.5110287601001,284.854380108559,"{""geodesic"":false,""type"":""Point"",""coordinates"":[-121.71978962033431,36.23718516186159]}"
8_0000000000000000009c_0,25.845103983266835,209.0,0.7972429317437119,BS265,0.0,2015-01-01,3.6717517,2014-01-01,290.7942411657882,284.4011279380485,"{""geodesic"":false,""type"":""Point"",""coordinates"":[-121.81707716560446,36.25012090195291]}"
8_0000000000000000009e_0,19.272057446818128,854.0,0.5757138653462733,BS271,0.0,2015-01-01,3.3447113,2014-01-01,291.5110287601001,284.854380108559,"{""geodesic"":false,""type"":""Point"",""coordinates"":[-121.71224377194771,36.213200143775595]}"
8_0000000000000000009f_0,56.033098414192516,635.0,0.6342040394425844,BS272,0.0,2015-01-01,3.3447113,2014-01-01,291.5110287601001,284.854380108559,"{""geodesic"":false,""type"":""Point"",""coordinates"":[-121.7001165156121,36.20134238202522]}"
8_000000000000000000a0_0,20.079506424145674,765.0,0.7608459977672885,BS273,0.0,2015-01-01,2.995526,2014-01-01,291.5110287601001,284.854380108559,"{""geodesic"":false,""type"":""Point"",""coordinates"":[-121.69472662390739,36.205384800803756]}"
8_000000000000000000a1_0,21.67616920131505,1154.0,0.6975405850214721,BS274,0.0,2015-01-01,3.1583295,2014-01-01,291.5110287601001,284.854380108559,"{""geodesic"":false,""type"":""Point"",""coordinates"":[-121.65645839280388,36.18975411486008]}"
8_000000000000000000a2_0,83.07889947433009,385.0,0.8109052505987976,BS276,0.0,2015-01-01,3.1583295,2014-01-01,291.5110287601001,284.854380108559,"{""geodesic"":false,""type"":""Point"",""coordinates"":[-121.68610279717983,36.180321804376824]}"
8_000000000000000000a3_0,58.254709389990985,271.0,0.8389619087123751,BS277,0.0,2015-01-01,3.1583295,2014-01-01,291.5110287601001,284.854380108559,"{""geodesic"":false,""type"":""Point"",""coordinates"":[-121.66616019787239,36.16630808594456]}"
8_000000000000000000a8_0,53.606977276524894,617.0,0.7554095981112966,BS283,0.0,2015-01-01,3.1583295,2014-01-01,291.5110287601001,284.854380108559,"{""geodesic"":false,""type"":""Point"",""coordinates"":[-121.68044341088988,36.180052309791584]}"
8_000000000000000000a9_0,91.6162415659644,987.0,0.6589497025724449,BS287,0.0,2015-01-01,2.8188882,2014-01-01,291.8934906423908,283.78776165687873,"{""geodesic"":false,""type"":""Point"",""coordinates"":[-121.61010532414332,36.15013841083041]}"
8_000000000000000000aa_0,62.77584998826458,400.0,0.7163952078215475,BS292,0.0,2015-01-01,1.9056458,2014-01-01,290.4459825489619,284.7119417791497,"{""geodesic"":false,""type"":""Point"",""coordinates"":[-121.85157247251465,36.48916259905711]}"
8_000000000000000000ab_0,51.77117088747925,307.0,0.8282596824219949,BS293,0.0,2015-01-01,1.9056458,2014-01-01,290.4459825489619,284.7119417791497,"{""geodesic"":false,""type"":""Point"",""coordinates"":[-121.8534589346113,36.47919129940339]}"
8_000000000000000000ac_0,62.7147179567811,489.0,0.7115547368012871,BS294,0.0,2015-01-01,1.9056458,2014-01-01,290.4459825489619,284.7119417791497,"{""geodesic"":false,""type"":""Point"",""coordinates"":[-121.8572318588046,36.46059617302211]}"
8_000000000000000000ad_0,84.21785153220999,205.0,0.78152734274442,BS295,0.0,2015-01-01,1.9960854,2014-01-01,293.25610134177015,284.9452450268889,"{""geodesic"":false,""type"":""Point"",""coordinates"":[-121.49098871746908,35.99464003514932]}"
8_000000000000000000ae_0,42.27694364687395,616.0,0.7841006093862007,BS296,0.0,2015-01-01,1.9584439,2014-01-01,293.25610134177015,284.9452450268889,"{""geodesic"":false,""type"":""Point"",""coordinates"":[-121.47077662357638,36.00299436729163]}"
8_000000000000000000af_0,30.70469496746841,626.0,0.7645260492409371,BS297,0.0,2015-01-01,1.9584439,2014-01-01,293.25610134177015,284.9452450268889,"{""geodesic"":false,""type"":""Point"",""coordinates"":[-121.45622391597365,36.00110790519498]}"
8_000000000000000000b0_0,79.88822800394244,223.0,0.8155803323126012,BS299,0.0,2015-01-01,1.9960854,2014-01-01,293.25610134177015,284.9452450268889,"{""geodesic"":false,""type"":""Point"",""coordinates"":[-121.47454954776968,35.99140610012648]}"
8_000000000000000000b1_0,65.30608877423666,530.0,0.7364952812753242,BS301,0.0,2015-01-01,1.9960854,2014-01-01,293.25610134177015,284.9452450268889,"{""geodesic"":false,""type"":""Point"",""coordinates"":[-121.46969864523544,35.98682469217748]}"
8_000000000000000000b2_0,68.59512919191883,675.0,0.7554571466070797,BS303,0.0,2015-01-01,1.9960854,2014-01-01,293.25610134177015,284.9452450268889,"{""geodesic"":false,""type"":""Point"",""coordinates"":[-121.46592572104214,35.981704295057995]}"
8_000000000000000000b3_0,54.57181590792578,861.0,0.7757511951956143,BS304,0.0,2015-01-01,1.9960854,2014-01-01,293.25610134177015,284.9452450268889,"{""geodesic"":false,""type"":""Point"",""coordinates"":[-121.454337453877,35.97604490876804]}"
8_000000000000000000b4_0,79.16917107428274,918.0,0.5914519548357492,BS306,0.0,2015-01-01,1.9896432,2014-01-01,294.2737312212382,284.3860121217493,"{""geodesic"":false,""type"":""Point"",""coordinates"":[-121.43412535998431,35.98224328422847]}"
8_000000000000000000b5_0,40.62309689324622,639.0,0.7830848159862774,BS309,0.0,2015-01-01,1.9960854,2014-01-01,293.25610134177015,284.9452450268889,"{""geodesic"":false,""type"":""Point"",""coordinates"":[-121.45110351885417,35.98682469217748]}"
8_000000000000000000b6_0,48.396590031065976,528.0,0.729550193785904,BS310,0.0,2015-01-01,1.9960854,2014-01-01,293.25610134177015,284.9452450268889,"{""geodesic"":false,""type"":""Point"",""coordinates"":[-121.47401055859922,35.98143480047276]}"
8_000000000000000000b7_0,26.663839665476775,600.0,0.7230779513892651,BS312,0.0,2015-01-01,1.9960854,2014-01-01,293.25610134177015,284.9452450268889,"{""geodesic"":false,""type"":""Point"",""coordinates"":[-121.45784088348506,35.95960573906866]}"
8_000000000000000000b8_0,28.31865000037715,603.0,0.7753559717863123,BS313,0.0,2015-01-01,1.9896432,2014-01-01,294.2737312212382,284.3860121217493,"{""geodesic"":false,""type"":""Point"",""coordinates"":[-121.43547283291049,35.952868374437756]}"
8_000000000000000000b9_0,66.84007532420276,819.0,0.7871443188849493,BS315,0.0,2015-01-01,1.9079298,2014-01-01,294.13129247378,285.6076947773973,"{""geodesic"":false,""type"":""Point"",""coordinates"":[-121.42819647910912,35.94316656936927]}"
8_000000000000000000ba_0,70.74847008561521,591.0,0.7658184651669592,BS316,0.0,2015-01-01,1.9079298,2014-01-01,294.13129247378,285.6076947773973,"{""geodesic"":false,""type"":""Point"",""coordinates"":[-121.43978474627426,35.940471623516906]}"
8_000000000000000000bb_0,56.637388643073514,544.0,0.8040683374165735,BS317,0.0,2015-01-01,1.9079298,2014-01-01,294.13129247378,285.6076947773973,"{""geodesic"":false,""type"":""Point"",""coordinates"":[-121.4446356488085,35.94181909644309]}"
8_000000000000000000bc_0,60.042911496271785,1007.0,0.807725249365153,BS320,0.0,2015-01-01,1.9896432,2014-01-01,294.2737312212382,284.3860121217493,"{""geodesic"":false,""type"":""Point"",""coordinates"":[-121.42280658740441,35.9501734285854]}"
8_000000000000000000bd_0,22.69385326795738,928.0,0.7485914890330139,BS321,0.0,2015-01-01,1.9079298,2014-01-01,294.13129247378,285.6076947773973,"{""geodesic"":false,""type"":""Point"",""coordinates"":[-121.42523203867152,35.938046172249784]}"
8_000000000000000000be_0,30.971703425547258,954.0,0.7504791529762236,BS322,0.0,2015-01-01,1.9079298,2014-01-01,294.13129247378,285.6076947773973,"{""geodesic"":false,""type"":""Point"",""coordinates"":[-121.42900496286482,35.93346476430078]}"
8_000000000000000000bf_0,37.118674034468434,816.0,0.7126469442972451,BS323,0.0,2015-01-01,1.9079298,2014-01-01,294.13129247378,285.6076947773973,"{""geodesic"":false,""type"":""Point"",""coordinates"":[-121.43116091954671,35.923762959232285]}"
8_000000000000000000c0_0,36.021209215673565,766.0,0.6810307131441595,BS324,0.0,2015-01-01,1.9079298,2014-01-01,294.13129247378,285.6076947773973,"{""geodesic"":false,""type"":""Point"",""coordinates"":[-121.43223889788766,35.9186425621128]}"
8_000000000000000000c1_0,33.0480390866423,730.0,0.8090966878278651,BS326,0.0,2015-01-01,1.9079298,2014-01-01,294.13129247378,285.6076947773973,"{""geodesic"":false,""type"":""Point"",""coordinates"":[-121.43062193037625,35.913522164993324]}"
8_000000000000000000c2_0,45.661990253381,449.0,0.8122927268325615,BS328,0.0,2015-01-01,2.033898,2014-01-01,294.13129247378,285.6076947773973,"{""geodesic"":false,""type"":""Point"",""coordinates"":[-121.43439485456955,35.89034563066304]}"
8_000000000000000000c3_0,35.73763958988414,602.0,0.7106002586967253,BS330,0.0,2015-01-01,2.033898,2014-01-01,294.13129247378,285.6076947773973,"{""geodesic"":false,""type"":""Point"",""coordinates"":[-121.4287354682796,35.88145230935026]}"
8_000000000000000000c4_0,31.02055653036722,758.0,0.7970101562137785,BS331,0.0,2015-01-01,2.033898,2014-01-01,294.13129247378,285.6076947773973,"{""geodesic"":false,""type"":""Point"",""coordinates"":[-121.41876416862587,35.88414725520261]}"
8_000000000000000000c5_0,57.513916808877134,835.0,0.8718151730718934,BS333,0.0,2015-01-01,2.033898,2014-01-01,294.13129247378,285.6076947773973,"{""geodesic"":false,""type"":""Point"",""coordinates"":[-121.40178600975601,35.88818967398115]}"
8_000000000000000000c6_0,69.50870041097487,972.0,0.8340162540678618,BS334,0.0,2015-01-01,1.9001806,2014-01-01,294.13129247378,285.6076947773973,"{""geodesic"":false,""type"":""Point"",""coordinates"":[-121.3875027967385,35.890884619833514]}"
8_000000000000000000c7_0,53.487961240350344,935.0,0.8486749843609406,BS335,0.0,2015-01-01,1.9001806,2014-01-01,294.13129247378,285.6076947773973,"{""geodesic"":false,""type"":""Point"",""coordinates"":[-121.3791484645962,35.89223209275969]}"
8_000000000000000000c8_0,45.349699430621804,606.0,0.7852908010706,BS338,0.0,2015-01-01,1.9001806,2014-01-01,294.13129247378,285.6076947773973,"{""geodesic"":false,""type"":""Point"",""coordinates"":[-121.3942401613694,35.87094202052606]}"
8_000000000000000000c9_0,25.940482648857152,503.0,0.8073064676438841,BS355,0.0,2015-01-01,3.0191894,2014-01-01,290.7942411657882,284.4011279380485,"{""geodesic"":false,""type"":""Point"",""coordinates"":[-121.78824124498422,36.33393371796126]}"
8_000000000000000000ca_0,41.258983219070025,807.0,0.694020915750759,BS358,0.0,2015-01-01,3.0191894,2014-01-01,290.7942411657882,284.4011279380485,"{""geodesic"":false,""type"":""Point"",""coordinates"":[-121.78608528830233,36.3455219851264]}"
8_000000000000000000cb_0,40.04720696021558,736.0,0.7913386073745485,BS359,0.0,2015-01-01,2.540481,2014-01-01,291.04605370090434,283.5483880866064,"{""geodesic"":false,""type"":""Point"",""coordinates"":[-121.79039720166611,36.35037288766065]}"
8_000000000000000000cc_0,30.666238749874523,936.0,0.7115242837588144,BS360,0.0,2015-01-01,2.540481,2014-01-01,291.04605370090434,283.5483880866064,"{""geodesic"":false,""type"":""Point"",""coordinates"":[-121.79120568542182,36.355762779365364]}"
8_000000000000000000cd_0,37.77016945543321,1015.0,0.714521039411677,BS365,0.0,2015-01-01,2.995526,2014-01-01,291.5110287601001,284.854380108559,"{""geodesic"":false,""type"":""Point"",""coordinates"":[-121.68610279717983,36.22290194884409]}"
8_000000000000000000ce_0,23.479416139190267,665.0,0.6578643853728263,BS372,0.0,2015-01-01,3.3447113,2014-01-01,291.5110287601001,284.854380108559,"{""geodesic"":false,""type"":""Point"",""coordinates"":[-121.73568980086323,36.22290194884409]}"
8_000000000000000000cf_0,40.097403395350014,783.0,0.6412158512112899,BS373,0.0,2015-01-01,3.3447113,2014-01-01,291.5110287601001,284.854380108559,"{""geodesic"":false,""type"":""Point"",""coordinates"":[-121.7362287900337,36.228022345963566]}"
8_000000000000000000d1_0,69.63267388090016,371.0,0.7741763546252214,BS378,0.0,2015-01-01,3.3447113,2014-01-01,291.5110287601001,284.854380108559,"{""geodesic"":false,""type"":""Point"",""coordinates"":[-121.74566110051695,36.219668013821256]}"
8_000000000000000000d2_0,52.372380414020625,746.0,0.4449784326561151,BS379,0.0,2015-01-01,3.3447113,2014-01-01,291.5110287601001,284.854380108559,"{""geodesic"":false,""type"":""Point"",""coordinates"":[-121.73973221964177,36.23098678640116]}"
8_000000000000000000d8_0,42.868432227336875,371.0,0.8412996610844035,BS390,0.0,2015-01-01,3.0191894,2014-01-01,290.7942411657882,284.4011279380485,"{""geodesic"":false,""type"":""Point"",""coordinates"":[-121.79470911502989,36.333394728790786]}"
8_000000000000000000dd_0,27.61502756415179,878.0,0.7825160535593195,BS399,0.0,2015-01-01,1.9079298,2014-01-01,294.13129247378,285.6076947773973,"{""geodesic"":false,""type"":""Point"",""coordinates"":[-121.42361507116011,35.93076981844842]}"
8_000000000000000000de_0,41.49712089384201,878.0,0.6786390544653916,BS405,0.0,2015-01-01,2.2301877,2014-01-01,293.25610134177015,284.9452450268889,"{""geodesic"":false,""type"":""Point"",""coordinates"":[-121.535455324033,36.04476602800319]}"
8_000000000000000000e1_0,38.66755090323916,263.0,0.837793830859928,BS412,0.0,2015-01-01,1.9079298,2014-01-01,294.13129247378,285.6076947773973,"{""geodesic"":false,""type"":""Point"",""coordinates"":[-121.41849467404063,35.90408985451007]}"
8_000000000000000000e2_0,29.17727041717714,628.0,0.7085515153807974,BS413,0.0,2015-01-01,1.921709,2014-01-01,294.72189514996256,285.45636467084495,"{""geodesic"":false,""type"":""Point"",""coordinates"":[-121.33360387969134,35.806263320069455]}"
8_000000000000000000e5_0,73.00723102213657,597.0,0.7726341306186737,BS420,0.0,2015-01-01,1.9584439,2014-01-01,293.25610134177015,284.9452450268889,"{""geodesic"":false,""type"":""Point"",""coordinates"":[-121.49071922288384,36.02374545035479]}"
8_000000000000000000e6_0,24.721815058651686,133.0,0.8137025819154999,BS423,0.0,2015-01-01,2.2301877,2014-01-01,293.25610134177015,284.9452450268889,"{""geodesic"":false,""type"":""Point"",""coordinates"":[-121.52144160560073,36.01566061279771]}"
8_000000000000000000e7_0,68.72941476322912,1336.0,0.7594650700698771,BS425,0.0,2015-01-01,2.0449572,2014-01-01,292.73102329201896,284.1411694670377,"{""geodesic"":false,""type"":""Point"",""coordinates"":[-121.49880406044092,36.05500682224215]}"
8_000000000000000000e8_0,31.3590815841625,268.0,0.7875433866473781,BS426,0.0,2015-01-01,2.2301877,2014-01-01,293.25610134177015,284.9452450268889,"{""geodesic"":false,""type"":""Point"",""coordinates"":[-121.52817897023162,36.018894547820544]}"
8_000000000000000000e9_0,70.2591122425048,531.0,0.7920003455254488,BS427,0.0,2015-01-01,2.7473269,2014-01-01,291.04605370090434,283.5483880866064,"{""geodesic"":false,""type"":""Point"",""coordinates"":[-121.83459431364479,36.37193245447951]}"
8_000000000000000000ea_0,58.74653451826339,379.0,0.7831042775144361,BS429,0.0,2015-01-01,1.9056458,2014-01-01,290.4459825489619,284.7119417791497,"{""geodesic"":false,""type"":""Point"",""coordinates"":[-121.85184196709989,36.47245393477249]}"
8_000000000000000000eb_0,70.32201295119886,524.0,0.8102091540428035,BS430,0.0,2015-01-01,1.9684243,2014-01-01,291.593980554032,283.7354470030902,"{""geodesic"":false,""type"":""Point"",""coordinates"":[-121.81087879014403,36.46625555931207]}"
8_000000000000000000ec_0,49.24674620313771,808.0,0.8143581047679215,BS431,0.0,2015-01-01,1.9056458,2014-01-01,290.4459825489619,284.7119417791497,"{""geodesic"":false,""type"":""Point"",""coordinates"":[-121.86100478299791,36.45008588419791]}"
8_000000000000000000ed_0,20.052088881905856,385.0,0.8326483384061877,BS433,0.0,2015-01-01,3.1995826,2014-01-01,290.7942411657882,284.4011279380485,"{""geodesic"":false,""type"":""Point"",""coordinates"":[-121.80737536053597,36.347677941808286]}"
8_000000000000000000ee_0,24.72397790363051,875.0,0.8332945211808881,BS434,0.0,2015-01-01,1.9056458,2014-01-01,290.4459825489619,284.7119417791497,"{""geodesic"":false,""type"":""Point"",""coordinates"":[-121.85103348334418,36.45089436795362]}"
8_000000000000000000ef_0,29.290736560625405,1045.0,0.5815165662055394,BS436,0.0,2015-01-01,2.6515226,2014-01-01,291.3444004006582,283.3045632140277,"{""geodesic"":false,""type"":""Point"",""coordinates"":[-121.72140658784573,36.3417490609331]}"
8_000000000000000000f0_0,39.14060833697988,367.0,0.7637678884355421,BS438,0.0,2015-01-01,3.1995826,2014-01-01,290.7942411657882,284.4011279380485,"{""geodesic"":false,""type"":""Point"",""coordinates"":[-121.80872283346216,36.34228805010357]}"
8_000000000000000000f1_0,25.905447515526177,109.0,0.794871513254905,BS457,0.0,2015-01-01,3.1583295,2014-01-01,291.5110287601001,284.854380108559,"{""geodesic"":false,""type"":""Point"",""coordinates"":[-121.6925706672255,36.17870483686541]}"
8_000000000000000000f4_0,24.750565449045553,438.0,0.7461033998312984,BS468,0.0,2015-01-01,1.9684243,2014-01-01,291.593980554032,283.7354470030902,"{""geodesic"":false,""type"":""Point"",""coordinates"":[-121.8467215699804,36.48512018027858]}"
8_000000000000000000f5_0,49.18847827524416,579.0,0.8410346303679096,BS469,0.0,2015-01-01,1.9056458,2014-01-01,290.4459825489619,284.7119417791497,"{""geodesic"":false,""type"":""Point"",""coordinates"":[-121.85830983714554,36.45574527048787]}"
8_000000000000000000f6_0,64.34127134791602,737.0,0.8007088393999372,BS470,0.0,2015-01-01,1.9056458,2014-01-01,290.4459825489619,284.7119417791497,"{""geodesic"":false,""type"":""Point"",""coordinates"":[-121.85291994544083,36.45628425965834]}"
8_000000000000000000f7_0,79.09293460223184,290.0,0.7193110316486182,BS474,0.0,2015-01-01,1.9960854,2014-01-01,293.25610134177015,284.9452450268889,"{""geodesic"":false,""type"":""Point"",""coordinates"":[-121.46727319396832,35.990328121785545]}"
8_000000000000000000f8_0,92.40738683448565,972.0,0.6558196875945932,BS478,0.0,2015-01-01,1.9896432,2014-01-01,294.2737312212382,284.3860121217493,"{""geodesic"":false,""type"":""Point"",""coordinates"":[-121.4333168762286,35.99437054056408]}"
8_000000000000000000f9_0,32.39837582219591,507.0,0.6977123668636246,BS486,0.0,2015-01-01,1.9960854,2014-01-01,293.25610134177015,284.9452450268889,"{""geodesic"":false,""type"":""Point"",""coordinates"":[-121.46835117230926,35.95367685819347]}"
8_000000000000000000fb_0,55.534174705496575,836.0,0.8175381389378832,BS499,0.0,2015-01-01,2.033898,2014-01-01,294.13129247378,285.6076947773973,"{""geodesic"":false,""type"":""Point"",""coordinates"":[-121.4077148906312,35.88738119022545]}"
8_000000000000000000fc_0,19.017032874808724,677.0,0.8013391876622303,BS504,0.0,2015-01-01,1.9001806,2014-01-01,294.13129247378,285.6076947773973,"{""geodesic"":false,""type"":""Point"",""coordinates"":[-121.38911976424993,35.874175955548885]}"
8_000000000000000000fe_0,43.35776155858111,706.0,0.785509963461131,BS518,0.0,2015-01-01,2.7473269,2014-01-01,291.04605370090434,283.5483880866064,"{""geodesic"":false,""type"":""Point"",""coordinates"":[-121.83109088403673,36.38432920540036]}"
8_000000000000000000ff_0,53.52881620877677,538.0,0.7658561536787457,BS519,0.0,2015-01-01,2.7473269,2014-01-01,291.04605370090434,283.5483880866064,"{""geodesic"":false,""type"":""Point"",""coordinates"":[-121.83944521617903,36.38352072164466]}"
8_00000000000000000101_0,36.04340963714535,581.0,0.7743202897522369,BS521,0.0,2015-01-01,3.1583295,2014-01-01,291.5110287601001,284.854380108559,"{""geodesic"":false,""type"":""Point"",""coordinates"":[-121.69526561307785,36.19837794158762]}"
8_00000000000000000102_0,22.633738206624486,562.0,0.8330051262268473,BS600,0.0,2015-01-01,2.7473269,2014-01-01,291.04605370090434,283.5483880866064,"{""geodesic"":false,""type"":""Point"",""coordinates"":[-121.8219280681387,36.3598051981439]}"
8_00000000000000000103_0,35.315980202925054,638.0,0.81874699628467,BS601,0.0,2015-01-01,2.7473269,2014-01-01,291.04605370090434,283.5483880866064,"{""geodesic"":false,""type"":""Point"",""coordinates"":[-121.83324684071862,36.35926620897343]}"
8_00000000000000000104_0,26.130812718754697,518.0,0.8254157516368389,BS603,0.0,2015-01-01,2.7473269,2014-01-01,291.04605370090434,283.5483880866064,"{""geodesic"":false,""type"":""Point"",""coordinates"":[-121.84079268910521,36.366273068189564]}"
8_00000000000000000105_0,32.42965322092939,565.0,0.8306722030266962,BS604,0.0,2015-01-01,2.7473269,2014-01-01,291.04605370090434,283.5483880866064,"{""geodesic"":false,""type"":""Point"",""coordinates"":[-121.84887752666229,36.367890035700974]}"
8_00000000000000000107_0,31.753655385482176,1022.0,0.6971715346240877,BS607,0.0,2015-01-01,2.58914,2014-01-01,291.8934906423908,283.78776165687873,"{""geodesic"":false,""type"":""Point"",""coordinates"":[-121.59151019776205,36.15013841083041]}"
8_00000000000000000108_0,84.77467117810482,257.0,0.7176441115850304,BS610,0.0,2015-01-01,3.1583295,2014-01-01,291.5110287601001,284.854380108559,"{""geodesic"":false,""type"":""Point"",""coordinates"":[-121.66292626284955,36.16253516175126]}"
8_00000000000000000109_0,65.03441242542368,417.0,0.8036139401692949,BS611,0.0,2015-01-01,3.1583295,2014-01-01,291.5110287601001,284.854380108559,"{""geodesic"":false,""type"":""Point"",""coordinates"":[-121.66454323036096,36.17304545057545]}"
8_0000000000000000010a_0,24.49257809676386,455.0,0.8012733146777603,BS612,0.0,2015-01-01,3.1583295,2014-01-01,291.5110287601001,284.854380108559,"{""geodesic"":false,""type"":""Point"",""coordinates"":[-121.66993312206569,36.17277595599022]}"
8_0000000000000000010b_0,36.12041232857854,318.0,0.795540074148375,BS613,0.0,2015-01-01,3.1583295,2014-01-01,291.5110287601001,284.854380108559,"{""geodesic"":false,""type"":""Point"",""coordinates"":[-121.6693941328952,36.165769096774085]}"
8_0000000000000000010c_0,45.935726171539294,320.0,0.8128702875467337,BS620,0.0,2015-01-01,3.1583295,2014-01-01,291.5110287601001,284.854380108559,"{""geodesic"":false,""type"":""Point"",""coordinates"":[-121.6933791509812,36.184364223155356]}"
8_0000000000000000010d_0,91.05705751716097,262.0,0.7771834526008682,BS621,0.0,2015-01-01,3.3447113,2014-01-01,291.5110287601001,284.854380108559,"{""geodesic"":false,""type"":""Point"",""coordinates"":[-121.74862554095455,36.21805104630984]}"
8_00000000000000000113_0,30.223820028106562,151.0,0.8159502230131229,BS627,0.0,2015-01-01,3.6717517,2014-01-01,290.7942411657882,284.4011279380485,"{""geodesic"":false,""type"":""Point"",""coordinates"":[-121.80279395258697,36.27087198501607]}"
8_00000000000000000114_0,38.47486396091126,97.0,0.7914605327217673,BS628,0.0,2015-01-01,3.6717517,2014-01-01,290.7942411657882,284.4011279380485,"{""geodesic"":false,""type"":""Point"",""coordinates"":[-121.80629738219503,36.269255017504655]}"
8_00000000000000000115_0,43.42261707372617,405.0,0.7914082735098257,BS629,0.0,2015-01-01,3.1583295,2014-01-01,291.5110287601001,284.854380108559,"{""geodesic"":false,""type"":""Point"",""coordinates"":[-121.69526561307785,36.18813714734866]}"
8_00000000000000000116_0,34.28389797905201,552.0,0.8238635756520015,BS632,0.0,2015-01-01,3.1995826,2014-01-01,290.7942411657882,284.4011279380485,"{""geodesic"":false,""type"":""Point"",""coordinates"":[-121.80036850131984,36.325040396648475]}"
8_00000000000000000117_0,43.45791703843633,639.0,0.7822735279735675,BS633,0.0,2015-01-01,3.1995826,2014-01-01,290.7942411657882,284.4011279380485,"{""geodesic"":false,""type"":""Point"",""coordinates"":[-121.80063799590508,36.32261494538135]}"
9_00000000000000000000_0,63.5605203281255,381.0,0.8057600522433006,BS002,0.0,2016-01-01,0.9024818,2015-01-01,293.78287144491117,285.4248640086553,"{""geodesic"":false,""type"":""Point"",""coordinates"":[-121.3875027967385,35.85611981833809]}"
9_00000000000000000001_0,58.50013582404146,405.0,0.7512621137959672,BS003,0.0,2016-01-01,0.9024818,2015-01-01,293.78287144491117,285.4248640086553,"{""geodesic"":false,""type"":""Point"",""coordinates"":[-121.39208420468752,35.85072992663337]}"
9_00000000000000000002_0,61.58927625785022,790.0,0.8198054355732306,BS004,0.0,2016-01-01,0.9024818,2015-01-01,293.78287144491117,285.4248640086553,"{""geodesic"":false,""type"":""Point"",""coordinates"":[-121.36675171367534,35.85854526960521]}"
9_00000000000000000003_0,60.16652299986732,851.0,0.7802813861765743,BS005,0.0,2016-01-01,0.9024818,2015-01-01,293.78287144491117,285.4248640086553,"{""geodesic"":false,""type"":""Point"",""coordinates"":[-121.36028384362969,35.85881476419044]}"
9_00000000000000000004_0,47.78064169477228,820.0,0.8121043115962038,BS006,0.0,2016-01-01,0.9024818,2015-01-01,293.78287144491117,285.4248640086553,"{""geodesic"":false,""type"":""Point"",""coordinates"":[-121.35381597358402,35.86043173170186]}"
9_00000000000000000005_0,18.54893807180014,883.0,0.7436208365418432,BS007,0.0,2016-01-01,0.91333324,2015-01-01,294.75526628886183,284.2772998966583,"{""geodesic"":false,""type"":""Point"",""coordinates"":[-121.33926326598129,35.857736785849504]}"
9_00000000000000000006_0,17.066223810020958,509.0,0.6035107208710183,BS011,0.0,2016-01-01,0.93100876,2015-01-01,294.02942045028897,285.7223973104399,"{""geodesic"":false,""type"":""Point"",""coordinates"":[-121.37133312162436,35.8291703598145]}"
9_00000000000000000007_0,33.95785262001598,359.0,0.7677004052101506,BS012,0.0,2016-01-01,0.93100876,2015-01-01,294.02942045028897,285.7223973104399,"{""geodesic"":false,""type"":""Point"",""coordinates"":[-121.37160261620959,35.82324147893931]}"
9_00000000000000000008_0,71.11574025114962,351.0,0.8119375974598839,BS015,0.0,2016-01-01,0.9291717,2015-01-01,294.32412489799606,285.18154673119113,"{""geodesic"":false,""type"":""Point"",""coordinates"":[-121.34303619017459,35.8253974356212]}"
9_00000000000000000009_0,67.7375824641193,453.0,0.8360167890492004,BS016,0.0,2016-01-01,0.9291717,2015-01-01,294.32412489799606,285.18154673119113,"{""geodesic"":false,""type"":""Point"",""coordinates"":[-121.33764629846988,35.82566693020643]}"
9_0000000000000000000a_0,55.934056861805175,518.0,0.8440337545602482,BS017,0.0,2016-01-01,0.9291717,2015-01-01,294.32412489799606,285.18154673119113,"{""geodesic"":false,""type"":""Point"",""coordinates"":[-121.33225640676515,35.82512794103596]}"
9_0000000000000000000b_0,38.68572778126832,611.0,0.8696222337154496,BS018,0.0,2016-01-01,0.9291717,2015-01-01,294.32412489799606,285.18154673119113,"{""geodesic"":false,""type"":""Point"",""coordinates"":[-121.32848348257185,35.82351097352455]}"
9_0000000000000000000c_0,72.33996417283696,466.0,0.8142701867830361,BS019,0.0,2016-01-01,0.9291717,2015-01-01,294.32412489799606,285.18154673119113,"{""geodesic"":false,""type"":""Point"",""coordinates"":[-121.34249720100412,35.82970934898497]}"
9_0000000000000000000d_0,39.24353743571865,400.0,0.7971802996261481,BS020,0.0,2016-01-01,0.9291717,2015-01-01,294.32412489799606,285.18154673119113,"{""geodesic"":false,""type"":""Point"",""coordinates"":[-121.3408802334927,35.83375176776351]}"
9_0000000000000000000e_0,35.21548326266003,639.0,0.8355495475064036,BS022,0.0,2016-01-01,0.9291717,2015-01-01,294.32412489799606,285.18154673119113,"{""geodesic"":false,""type"":""Point"",""coordinates"":[-121.3379157930551,35.84426205658771]}"
9_0000000000000000000f_0,31.548038253537374,233.0,0.8080571770373912,BS026,0.0,2016-01-01,0.93239576,2015-01-01,293.78287144491117,285.4248640086553,"{""geodesic"":false,""type"":""Point"",""coordinates"":[-121.42550153325676,35.90166440324295]}"
9_00000000000000000010_0,59.18830088286119,186.0,0.815063689982853,BS027,0.0,2016-01-01,0.94535494,2015-01-01,293.78287144491117,285.4248640086553,"{""geodesic"":false,""type"":""Point"",""coordinates"":[-121.43089142496147,35.89789147904964]}"
9_00000000000000000011_0,25.95655140240606,317.0,0.7570097908130645,BS032,0.0,2016-01-01,0.9032785,2015-01-01,294.32412489799606,285.18154673119113,"{""geodesic"":false,""type"":""Point"",""coordinates"":[-121.3379157930551,35.797908987927144]}"
9_00000000000000000012_0,73.73864372713227,648.0,0.6854350160282922,BS034,0.0,2016-01-01,0.9291717,2015-01-01,294.32412489799606,285.18154673119113,"{""geodesic"":false,""type"":""Point"",""coordinates"":[-121.32686651506043,35.800064944609026]}"
9_00000000000000000013_0,24.00879520424323,390.0,0.7581816715363395,BS035,0.0,2016-01-01,0.9032785,2015-01-01,294.32412489799606,285.18154673119113,"{""geodesic"":false,""type"":""Point"",""coordinates"":[-121.31985965584431,35.789824150370066]}"
9_00000000000000000015_0,86.08297514641094,726.0,0.573538092515352,BS044,0.0,2016-01-01,1.1844184,2015-01-01,292.9524768986114,284.7292319937928,"{""geodesic"":false,""type"":""Point"",""coordinates"":[-121.51712969223695,36.031560793326626]}"
9_00000000000000000016_0,26.84744396451164,517.0,0.782856143193107,BS045,0.0,2016-01-01,1.1844184,2015-01-01,292.9524768986114,284.7292319937928,"{""geodesic"":false,""type"":""Point"",""coordinates"":[-121.50634990882752,36.02886584747427]}"
9_00000000000000000017_0,86.54364391878202,584.0,0.7678798406259375,BS046,0.0,2016-01-01,1.1844184,2015-01-01,292.9524768986114,284.7292319937928,"{""geodesic"":false,""type"":""Point"",""coordinates"":[-121.5047329413161,36.023475955769555]}"
9_00000000000000000018_0,28.755036382614424,690.0,0.6852777105683073,BS047,0.0,2016-01-01,1.0734352,2015-01-01,292.9524768986114,284.7292319937928,"{""geodesic"":false,""type"":""Point"",""coordinates"":[-121.49988203878186,36.02805736371856]}"
9_00000000000000000019_0,57.21610485899083,527.0,0.7903703688108008,BS048,0.0,2016-01-01,1.0734352,2015-01-01,292.9524768986114,284.7292319937928,"{""geodesic"":false,""type"":""Point"",""coordinates"":[-121.4904497282986,36.02859635288903]}"
9_0000000000000000001a_0,44.441955442188856,721.0,0.785658360527217,BS050,0.0,2016-01-01,1.0734352,2015-01-01,292.9524768986114,284.7292319937928,"{""geodesic"":false,""type"":""Point"",""coordinates"":[-121.47966994488917,36.03290826625281]}"
9_0000000000000000001b_0,59.720667245414546,575.0,0.7693209241544325,BS052,0.0,2016-01-01,1.1844184,2015-01-01,292.9524768986114,284.7292319937928,"{""geodesic"":false,""type"":""Point"",""coordinates"":[-121.50122951170803,36.01323516153059]}"
9_0000000000000000001c_0,94.35287442889201,380.0,0.7637782060627997,BS053,0.0,2016-01-01,1.1844184,2015-01-01,292.9524768986114,284.7292319937928,"{""geodesic"":false,""type"":""Point"",""coordinates"":[-121.50661940341276,36.01242667777488]}"
9_0000000000000000001d_0,80.27363322790247,573.0,0.6610832786911646,BS054,0.0,2016-01-01,0.9032785,2015-01-01,294.32412489799606,285.18154673119113,"{""geodesic"":false,""type"":""Point"",""coordinates"":[-121.31339178579864,35.78685970993247]}"
9_0000000000000000001e_0,56.712441553422885,599.0,0.6993732436679911,BS057,0.0,2016-01-01,1.1844184,2015-01-01,292.9524768986114,284.7292319937928,"{""geodesic"":false,""type"":""Point"",""coordinates"":[-121.51173980053224,36.029135342059504]}"
9_0000000000000000001f_0,40.88752664061469,767.0,0.8244343719350505,BS058,0.0,2016-01-01,1.3130304,2015-01-01,292.4053798309744,283.8632622287698,"{""geodesic"":false,""type"":""Point"",""coordinates"":[-121.54677409661289,36.06012721936163]}"
9_00000000000000000020_0,23.287534463730896,661.0,0.8213931932657147,BS059,0.0,2016-01-01,1.3130304,2015-01-01,292.4053798309744,283.8632622287698,"{""geodesic"":false,""type"":""Point"",""coordinates"":[-121.54650460202767,36.056623789753566]}"
9_00000000000000000021_0,27.97953543603108,646.0,0.7416753284169438,BS060,0.0,2016-01-01,1.3130304,2015-01-01,292.4053798309744,283.8632622287698,"{""geodesic"":false,""type"":""Point"",""coordinates"":[-121.5438096561753,36.05258137097503]}"
9_00000000000000000022_0,23.362017832566597,612.0,0.7284726485738425,BS062,0.0,2016-01-01,1.1844184,2015-01-01,292.9524768986114,284.7292319937928,"{""geodesic"":false,""type"":""Point"",""coordinates"":[-121.54973853705049,36.03398624459375]}"
9_00000000000000000023_0,23.159504213034097,651.0,0.7807987504656418,BS063,0.0,2016-01-01,1.1844184,2015-01-01,292.9524768986114,284.7292319937928,"{""geodesic"":false,""type"":""Point"",""coordinates"":[-121.53788077530011,36.035603212105165]}"
9_00000000000000000024_0,33.61075856545134,746.0,0.7905761040979112,BS066,0.0,2016-01-01,1.1844184,2015-01-01,292.9524768986114,284.7292319937928,"{""geodesic"":false,""type"":""Point"",""coordinates"":[-121.53356886193635,36.03722017961658]}"
9_00000000000000000026_0,19.916091700209137,705.0,0.7395218348179017,BS071,0.0,2016-01-01,1.1844184,2015-01-01,292.9524768986114,284.7292319937928,"{""geodesic"":false,""type"":""Point"",""coordinates"":[-121.54515712910148,36.037759168787055]}"
9_00000000000000000029_0,22.05580697092296,581.0,0.8313888913503015,BS076,0.0,2016-01-01,1.8602791,2015-01-01,290.6739896591396,283.2940371578687,"{""geodesic"":false,""type"":""Point"",""coordinates"":[-121.8219280681387,36.361961154825785]}"
9_0000000000000000002a_0,27.004621999673333,607.0,0.8111979099277811,BS077,0.0,2016-01-01,1.8602791,2015-01-01,290.6739896591396,283.2940371578687,"{""geodesic"":false,""type"":""Point"",""coordinates"":[-121.81896362770111,36.35926620897343]}"
9_0000000000000000002b_0,59.862041830508694,626.0,0.7948840930572598,BS078,0.0,2016-01-01,1.8602791,2015-01-01,290.6739896591396,283.2940371578687,"{""geodesic"":false,""type"":""Point"",""coordinates"":[-121.81599918726351,36.35549328478013]}"
9_0000000000000000002c_0,33.68054085175956,745.0,0.7815476208904736,BS079,0.0,2016-01-01,1.8602791,2015-01-01,290.6739896591396,283.2940371578687,"{""geodesic"":false,""type"":""Point"",""coordinates"":[-121.81249575765546,36.35953570355866]}"
9_0000000000000000002d_0,40.54089317041582,867.0,0.839887046168058,BS080,0.0,2016-01-01,1.8602791,2015-01-01,290.6739896591396,283.2940371578687,"{""geodesic"":false,""type"":""Point"",""coordinates"":[-121.80441092009838,36.36061368189961]}"
9_0000000000000000002e_0,34.9832632429818,316.0,0.8279896289044709,BS081,0.0,2016-01-01,1.8602791,2015-01-01,290.6739896591396,283.2940371578687,"{""geodesic"":false,""type"":""Point"",""coordinates"":[-121.84429611871329,36.37193245447951]}"
9_00000000000000000034_0,15.845934920898708,1009.0,0.7746641979155795,BS088,0.0,2016-01-01,1.6753058,2015-01-01,290.6739896591396,283.2940371578687,"{""geodesic"":false,""type"":""Point"",""coordinates"":[-121.7963260825413,36.3598051981439]}"
9_00000000000000000035_0,20.627418487155726,1058.0,0.7990795838672002,BS089,0.0,2016-01-01,1.6753058,2015-01-01,290.6739896591396,283.2940371578687,"{""geodesic"":false,""type"":""Point"",""coordinates"":[-121.7963260825413,36.3665425627748]}"
9_00000000000000000036_0,20.091380380345193,952.0,0.7920833661617052,BS090,0.0,2016-01-01,1.6753058,2015-01-01,290.6739896591396,283.2940371578687,"{""geodesic"":false,""type"":""Point"",""coordinates"":[-121.79659557712654,36.37085447613857]}"
9_00000000000000000037_0,29.748793270943352,929.0,0.863299945478973,BS092,0.0,2016-01-01,1.8602791,2015-01-01,290.6739896591396,283.2940371578687,"{""geodesic"":false,""type"":""Point"",""coordinates"":[-121.80414142551314,36.37489689491711]}"
9_00000000000000000038_0,62.290637570884364,785.0,0.7831262846085426,BS094,0.0,2016-01-01,1.1842624,2015-01-01,290.2695743926584,284.52271001110336,"{""geodesic"":false,""type"":""Point"",""coordinates"":[-121.87259305016305,36.45817072175499]}"
9_0000000000000000003a_0,62.4830429388683,521.0,0.7945699158185878,BS102,0.0,2016-01-01,1.8602791,2015-01-01,290.6739896591396,283.2940371578687,"{""geodesic"":false,""type"":""Point"",""coordinates"":[-121.84240965661662,36.38055628120706]}"
9_0000000000000000003b_0,47.772022606445596,504.0,0.7740366531954552,BS103,0.0,2016-01-01,1.8602791,2015-01-01,290.6739896591396,283.2940371578687,"{""geodesic"":false,""type"":""Point"",""coordinates"":[-121.84483510788375,36.378939313695646]}"
9_0000000000000000003d_0,73.30006506305521,889.0,0.7453113673448413,BS112,0.0,2016-01-01,1.716464,2015-01-01,290.6739896591396,283.2940371578687,"{""geodesic"":false,""type"":""Point"",""coordinates"":[-121.8429486457871,36.41774653396961]}"
9_00000000000000000040_0,31.453787608722802,932.0,0.8018938056314242,BS121,0.0,2016-01-01,1.716464,2015-01-01,290.6739896591396,283.2940371578687,"{""geodesic"":false,""type"":""Point"",""coordinates"":[-121.83944521617903,36.42178895274815]}"
9_00000000000000000041_0,75.39031662939556,766.0,0.7532303310651188,BS122,0.0,2016-01-01,1.716464,2015-01-01,290.6739896591396,283.2940371578687,"{""geodesic"":false,""type"":""Point"",""coordinates"":[-121.84429611871329,36.423944909430034]}"
9_00000000000000000042_0,67.18174562907885,338.0,0.8065316808891607,BS123,0.0,2016-01-01,1.1842624,2015-01-01,290.2695743926584,284.52271001110336,"{""geodesic"":false,""type"":""Point"",""coordinates"":[-121.89415261698191,36.48107776150004]}"
9_00000000000000000043_0,43.65502280204331,376.0,0.8485612881414709,BS124,0.0,2016-01-01,1.1842624,2015-01-01,290.2695743926584,284.52271001110336,"{""geodesic"":false,""type"":""Point"",""coordinates"":[-121.89011019820337,36.47838281564768]}"
9_00000000000000000044_0,38.589913720010685,408.0,0.8435333604636127,BS125,0.0,2016-01-01,1.1842624,2015-01-01,290.2695743926584,284.52271001110336,"{""geodesic"":false,""type"":""Point"",""coordinates"":[-121.88633727401007,36.4808082669148]}"
9_00000000000000000045_0,58.084081691711816,311.0,0.7800826526301717,BS126,0.0,2016-01-01,1.1842624,2015-01-01,290.2695743926584,284.52271001110336,"{""geodesic"":false,""type"":""Point"",""coordinates"":[-121.88013889854965,36.484311696522866]}"
9_00000000000000000046_0,32.08317908787628,393.0,0.8630756298784569,BS128,0.0,2016-01-01,1.1842624,2015-01-01,290.2695743926584,284.52271001110336,"{""geodesic"":false,""type"":""Point"",""coordinates"":[-121.87367102850399,36.477843826477205]}"
9_00000000000000000047_0,61.93534028258472,351.0,0.7722124458403047,BS129,0.0,2016-01-01,1.1842624,2015-01-01,290.2695743926584,284.52271001110336,"{""geodesic"":false,""type"":""Point"",""coordinates"":[-121.88741525235102,36.49077956656853]}"
9_00000000000000000048_0,26.738594423934742,242.0,0.8392253872440782,BS130,0.0,2016-01-01,1.1842624,2015-01-01,290.2695743926584,284.52271001110336,"{""geodesic"":false,""type"":""Point"",""coordinates"":[-121.88391182274296,36.49563046910277]}"
9_00000000000000000049_0,66.63751241094721,250.0,0.819544914861346,BS131,0.0,2016-01-01,0.9500084,2015-01-01,290.2695743926584,284.52271001110336,"{""geodesic"":false,""type"":""Point"",""coordinates"":[-121.88121687689059,36.500750866222255]}"
9_0000000000000000004e_0,40.47236573755255,306.0,0.8519062039945196,BS137,0.0,2016-01-01,1.9173075,2015-01-01,290.21191828479505,285.4234274250187,"{""geodesic"":false,""type"":""Point"",""coordinates"":[-121.87555749060064,36.347947436393525]}"
9_0000000000000000004f_0,30.59295796362584,306.0,0.7827430181866587,BS138,0.0,2016-01-01,1.1842624,2015-01-01,290.2695743926584,284.52271001110336,"{""geodesic"":false,""type"":""Point"",""coordinates"":[-121.86369972885026,36.49643895285848]}"
9_00000000000000000050_0,36.35910942641892,301.0,0.7581120790244036,BS139,0.0,2016-01-01,1.1842624,2015-01-01,290.2695743926584,284.52271001110336,"{""geodesic"":false,""type"":""Point"",""coordinates"":[-121.86289124509456,36.49104906115377]}"
9_00000000000000000051_0,45.06108909593572,333.0,0.8667371330076583,BS140,0.0,2016-01-01,1.1842624,2015-01-01,290.2695743926584,284.52271001110336,"{""geodesic"":false,""type"":""Point"",""coordinates"":[-121.86720315845832,36.482425234426216]}"
9_00000000000000000052_0,68.92043972509201,297.0,0.803192187227359,BS141,0.0,2016-01-01,1.1842624,2015-01-01,290.2695743926584,284.52271001110336,"{""geodesic"":false,""type"":""Point"",""coordinates"":[-121.86100478299791,36.48296422359669]}"
9_00000000000000000053_0,31.636808875218446,503.0,0.7078113017564744,BS144,0.0,2016-01-01,1.2623101,2015-01-01,291.28073634317474,283.4149413644451,"{""geodesic"":false,""type"":""Point"",""coordinates"":[-121.81761615477494,36.46841151599395]}"
9_00000000000000000054_0,60.035371138480016,722.0,0.8370978503184976,BS146,0.0,2016-01-01,1.1842624,2015-01-01,290.2695743926584,284.52271001110336,"{""geodesic"":false,""type"":""Point"",""coordinates"":[-121.87313203933351,36.46302162428923]}"
9_00000000000000000055_0,66.71658086652792,435.0,0.8520551736012907,BS147,0.0,2016-01-01,1.1842624,2015-01-01,290.2695743926584,284.52271001110336,"{""geodesic"":false,""type"":""Point"",""coordinates"":[-121.88687626318055,36.47083696726107]}"
9_00000000000000000056_0,44.20518784245895,880.0,0.810811680080915,BS148,0.0,2016-01-01,1.1842624,2015-01-01,290.2695743926584,284.52271001110336,"{""geodesic"":false,""type"":""Point"",""coordinates"":[-121.87124557723686,36.453050324635505]}"
9_00000000000000000057_0,58.39874089790553,767.0,0.7824762535959919,BS149,0.0,2016-01-01,1.1842624,2015-01-01,290.2695743926584,284.52271001110336,"{""geodesic"":false,""type"":""Point"",""coordinates"":[-121.87690496352683,36.45251133546503]}"
9_00000000000000000059_0,61.344271868995605,513.0,0.8270053556693235,BS151,0.0,2016-01-01,1.1842624,2015-01-01,290.2695743926584,284.52271001110336,"{""geodesic"":false,""type"":""Point"",""coordinates"":[-121.85130297792941,36.46248263511876]}"
9_0000000000000000005a_0,76.25503528145616,436.0,0.8373826829014165,BS152,0.0,2016-01-01,1.1842624,2015-01-01,290.2695743926584,284.52271001110336,"{""geodesic"":false,""type"":""Point"",""coordinates"":[-121.85184196709989,36.46706404306777]}"
9_0000000000000000005b_0,36.36505374854258,440.0,0.8209987330627015,BS156,0.0,2016-01-01,2.0916135,2015-01-01,290.52346283377034,284.255859375,"{""geodesic"":false,""type"":""Point"",""coordinates"":[-121.80306344717219,36.30725375402291]}"
9_0000000000000000005c_0,62.023100612546834,369.0,0.7923932246724571,BS157,0.0,2016-01-01,2.0916135,2015-01-01,290.52346283377034,284.255859375,"{""geodesic"":false,""type"":""Point"",""coordinates"":[-121.80737536053597,36.30375032441484]}"
9_0000000000000000005d_0,22.48712300814758,649.0,0.7446922159652353,BS158,0.0,2016-01-01,1.8602791,2015-01-01,290.6739896591396,283.2940371578687,"{""geodesic"":false,""type"":""Point"",""coordinates"":[-121.8143822197521,36.35118137141635]}"
9_0000000000000000005e_0,31.767012088199817,294.0,0.8349881653777089,BS159,0.0,2016-01-01,2.0916135,2015-01-01,290.52346283377034,284.255859375,"{""geodesic"":false,""type"":""Point"",""coordinates"":[-121.80225496341649,36.34067108259215]}"
9_0000000000000000005f_0,23.032856472262008,409.0,0.7951033122798612,BS160,0.0,2016-01-01,1.9125669,2015-01-01,290.52346283377034,284.255859375,"{""geodesic"":false,""type"":""Point"",""coordinates"":[-121.79821254463795,36.32935231001225]}"
9_00000000000000000060_0,25.10493420804131,1125.0,0.5862696825125513,BS161,0.0,2016-01-01,1.726524,2015-01-01,290.9759756845971,283.03264879200555,"{""geodesic"":false,""type"":""Point"",""coordinates"":[-121.71305225570342,36.3350116963022]}"
9_00000000000000000061_0,37.64020444122667,1102.0,0.7695669625484011,BS162,0.0,2016-01-01,1.726524,2015-01-01,290.9759756845971,283.03264879200555,"{""geodesic"":false,""type"":""Point"",""coordinates"":[-121.71601669614101,36.34013209342169]}"
9_00000000000000000062_0,21.384427852089114,1175.0,0.6568067298466888,BS163,0.0,2016-01-01,1.726524,2015-01-01,290.9759756845971,283.03264879200555,"{""geodesic"":false,""type"":""Point"",""coordinates"":[-121.71952012574909,36.3455219851264]}"
9_00000000000000000063_0,22.26071710222639,327.0,0.8378889434110813,BS165,0.0,2016-01-01,1.9125669,2015-01-01,290.52346283377034,284.255859375,"{""geodesic"":false,""type"":""Point"",""coordinates"":[-121.79201416917752,36.32584888040418]}"
9_00000000000000000064_0,49.95181085220881,373.0,0.8044690424568465,BS166,0.0,2016-01-01,1.9125669,2015-01-01,290.52346283377034,284.255859375,"{""geodesic"":false,""type"":""Point"",""coordinates"":[-121.79228366376276,36.32935231001225]}"
9_00000000000000000065_0,44.75076471180637,437.0,0.8031726676474317,BS167,0.0,2016-01-01,1.9125669,2015-01-01,290.52346283377034,284.255859375,"{""geodesic"":false,""type"":""Point"",""coordinates"":[-121.79066669625135,36.320997977869936]}"
9_00000000000000000066_0,74.01748270951087,346.0,0.8141573934168655,BS168,0.0,2016-01-01,1.9125669,2015-01-01,290.52346283377034,284.255859375,"{""geodesic"":false,""type"":""Point"",""coordinates"":[-121.78446832079092,36.32477090206324]}"
9_00000000000000000067_0,23.695621650128018,1111.0,0.5281637509664235,BS172,0.0,2016-01-01,1.428101,2015-01-01,291.6157446456282,281.26989921674334,"{""geodesic"":false,""type"":""Point"",""coordinates"":[-121.7429661546646,36.361961154825785]}"
9_00000000000000000068_0,20.241086608515136,522.0,0.7446395134579729,BS175,0.0,2016-01-01,2.0916135,2015-01-01,290.52346283377034,284.255859375,"{""geodesic"":false,""type"":""Point"",""coordinates"":[-121.80117698507554,36.314799602409515]}"
9_00000000000000000069_0,22.550755080354694,533.0,0.7768095364866222,BS176,0.0,2016-01-01,1.9125669,2015-01-01,290.52346283377034,284.255859375,"{""geodesic"":false,""type"":""Point"",""coordinates"":[-121.79147518000705,36.30967920529003]}"
9_0000000000000000006a_0,58.62190390337514,577.0,0.8201102552352695,BS177,0.0,2016-01-01,1.9125669,2015-01-01,290.52346283377034,284.255859375,"{""geodesic"":false,""type"":""Point"",""coordinates"":[-121.79012770708087,36.30698425943768]}"
9_0000000000000000006b_0,57.180438258818384,231.0,0.8270662765685728,BS186,0.0,2016-01-01,2.2949293,2015-01-01,290.52346283377034,284.255859375,"{""geodesic"":false,""type"":""Point"",""coordinates"":[-121.82731795984343,36.268985522919415]}"
9_0000000000000000006c_0,37.20103301597807,123.0,0.7805957162605232,BS187,0.0,2016-01-01,2.2949293,2015-01-01,290.52346283377034,284.255859375,"{""geodesic"":false,""type"":""Point"",""coordinates"":[-121.82731795984343,36.28111277925503]}"
9_0000000000000000006d_0,37.2586320644163,275.0,0.8258249606313363,BS188,0.0,2016-01-01,2.2949293,2015-01-01,290.52346283377034,284.255859375,"{""geodesic"":false,""type"":""Point"",""coordinates"":[-121.82300604647965,36.26413462038517]}"
9_0000000000000000006e_0,62.52768825931682,109.0,0.7836971971518142,BS190,0.0,2016-01-01,2.2949293,2015-01-01,290.52346283377034,284.255859375,"{""geodesic"":false,""type"":""Point"",""coordinates"":[-121.83297734613338,36.285963681789276]}"
9_0000000000000000006f_0,47.09306213689556,422.0,0.8154341769118953,BS193,0.0,2016-01-01,2.2949293,2015-01-01,290.52346283377034,284.255859375,"{""geodesic"":false,""type"":""Point"",""coordinates"":[-121.82839593818437,36.2988994218806]}"
9_00000000000000000070_0,63.22666181759249,437.0,0.8019345124117027,BS194,0.0,2016-01-01,2.2949293,2015-01-01,290.52346283377034,284.255859375,"{""geodesic"":false,""type"":""Point"",""coordinates"":[-121.82408402482059,36.29674346519871]}"
9_00000000000000000071_0,64.21358173176755,590.0,0.6087974010745943,BS195,0.0,2016-01-01,2.2949293,2015-01-01,290.52346283377034,284.255859375,"{""geodesic"":false,""type"":""Point"",""coordinates"":[-121.81249575765546,36.2951264976873]}"
9_00000000000000000072_0,63.43971184329959,661.0,0.7261891504693717,BS196,0.0,2016-01-01,2.2949293,2015-01-01,290.52346283377034,284.255859375,"{""geodesic"":false,""type"":""Point"",""coordinates"":[-121.80926182263262,36.29135357349399]}"
9_00000000000000000073_0,16.842893920992566,790.0,0.6991815829761596,BS201,0.0,2016-01-01,1.8602791,2015-01-01,290.6739896591396,283.2940371578687,"{""geodesic"":false,""type"":""Point"",""coordinates"":[-121.82650947608772,36.353606822683474]}"
9_00000000000000000074_0,17.299269429981265,787.0,0.6045561607987714,BS202,0.0,2016-01-01,1.8602791,2015-01-01,290.6739896591396,283.2940371578687,"{""geodesic"":false,""type"":""Point"",""coordinates"":[-121.83567229198573,36.35333732809824]}"
9_00000000000000000075_0,44.88963464163781,795.0,0.7855510551418488,BS203,0.0,2016-01-01,1.8602791,2015-01-01,290.6739896591396,283.2940371578687,"{""geodesic"":false,""type"":""Point"",""coordinates"":[-121.83675027032668,36.35791873604725]}"
9_00000000000000000076_0,33.946275884241395,794.0,0.8235494102432721,BS204,0.0,2016-01-01,1.8602791,2015-01-01,290.6739896591396,283.2940371578687,"{""geodesic"":false,""type"":""Point"",""coordinates"":[-121.84240965661662,36.358188230632486]}"
9_00000000000000000077_0,34.74007451780168,98.0,0.7552721734008747,BS205,0.0,2016-01-01,2.2949293,2015-01-01,290.52346283377034,284.255859375,"{""geodesic"":false,""type"":""Point"",""coordinates"":[-121.81195676848498,36.27006350126036]}"
9_00000000000000000078_0,78.68849458800543,335.0,0.6431145001672459,BS207,0.0,2016-01-01,2.2949293,2015-01-01,290.52346283377034,284.255859375,"{""geodesic"":false,""type"":""Point"",""coordinates"":[-121.80252445800173,36.25712776116904]}"
9_00000000000000000080_0,62.61318971672247,375.0,0.7755987795991287,BS223,0.0,2016-01-01,2.064116,2015-01-01,290.9759756845971,283.03264879200555,"{""geodesic"":false,""type"":""Point"",""coordinates"":[-121.74916453012503,36.250390396538144]}"
9_00000000000000000081_0,60.553351854429316,457.0,0.8287815546766901,BS224,0.0,2016-01-01,2.064116,2015-01-01,290.9759756845971,283.03264879200555,"{""geodesic"":false,""type"":""Point"",""coordinates"":[-121.73973221964177,36.25389382614621]}"
9_00000000000000000082_0,50.890526535037225,497.0,0.837324302623123,BS226,0.0,2016-01-01,2.1356008,2015-01-01,291.2985725716369,284.67379869434933,"{""geodesic"":false,""type"":""Point"",""coordinates"":[-121.73595929544847,36.24958191278244]}"
9_00000000000000000083_0,65.27576658997904,517.0,0.744434791034052,BS228,0.0,2016-01-01,2.1356008,2015-01-01,291.2985725716369,284.67379869434933,"{""geodesic"":false,""type"":""Point"",""coordinates"":[-121.72733546872092,36.24580898858913]}"
9_00000000000000000084_0,63.85255667093561,742.0,0.775562260426069,BS229,0.0,2016-01-01,2.1356008,2015-01-01,291.2985725716369,284.67379869434933,"{""geodesic"":false,""type"":""Point"",""coordinates"":[-121.7286829416471,36.23637667810588]}"
9_00000000000000000085_0,38.50525769341583,563.0,0.7624824504034716,BS230,0.0,2016-01-01,2.1356008,2015-01-01,291.2985725716369,284.67379869434933,"{""geodesic"":false,""type"":""Point"",""coordinates"":[-121.72059810409003,36.24149707522536]}"
9_00000000000000000086_0,61.55904252032132,723.0,0.7034477338809775,BS232,0.0,2016-01-01,2.1356008,2015-01-01,291.2985725716369,284.67379869434933,"{""geodesic"":false,""type"":""Point"",""coordinates"":[-121.74620008968743,36.23961061312871]}"
9_00000000000000000087_0,81.76868829831996,709.0,0.7044596174582786,BS233,0.0,2016-01-01,2.1356008,2015-01-01,291.2985725716369,284.67379869434933,"{""geodesic"":false,""type"":""Point"",""coordinates"":[-121.74512211134649,36.2312562809864]}"
9_0000000000000000008b_0,74.18650335501985,325.0,0.7793129944638394,BS240,0.0,2016-01-01,2.1356008,2015-01-01,291.2985725716369,284.67379869434933,"{""geodesic"":false,""type"":""Point"",""coordinates"":[-121.71844214740814,36.24796494527102]}"
9_0000000000000000008c_0,68.13991056887784,376.0,0.7423889625386547,BS241,0.0,2016-01-01,2.1356008,2015-01-01,291.2985725716369,284.67379869434933,"{""geodesic"":false,""type"":""Point"",""coordinates"":[-121.71332175028866,36.24607848317437]}"
9_0000000000000000008d_0,35.843360290877335,442.0,0.8448922734623233,BS242,0.0,2016-01-01,2.1356008,2015-01-01,291.2985725716369,284.67379869434933,"{""geodesic"":false,""type"":""Point"",""coordinates"":[-121.70173348312352,36.24715646151531]}"
9_0000000000000000008e_0,77.29550422005677,451.0,0.7802872361240673,BS243,0.0,2016-01-01,1.8642206,2015-01-01,291.2985725716369,284.67379869434933,"{""geodesic"":false,""type"":""Point"",""coordinates"":[-121.6941876347369,36.248503934441494]}"
9_0000000000000000008f_0,33.72542739775864,394.0,0.7727143178940178,BS244,0.0,2016-01-01,1.8242989,2015-01-01,290.9759756845971,283.03264879200555,"{""geodesic"":false,""type"":""Point"",""coordinates"":[-121.68771976469125,36.25200736404956]}"
9_00000000000000000090_0,71.10331542044469,459.0,0.7728842607734819,BS245,0.0,2016-01-01,1.8642206,2015-01-01,291.2985725716369,284.67379869434933,"{""geodesic"":false,""type"":""Point"",""coordinates"":[-121.68125189464558,36.2493124181972]}"
9_00000000000000000091_0,28.485783856171505,528.0,0.6815849720980433,BS246,0.0,2016-01-01,1.8242989,2015-01-01,290.9759756845971,283.03264879200555,"{""geodesic"":false,""type"":""Point"",""coordinates"":[-121.67720947586704,36.250390396538144]}"
9_00000000000000000092_0,20.48591702917737,604.0,0.8019561232482776,BS247,0.0,2016-01-01,1.8242989,2015-01-01,290.9759756845971,283.03264879200555,"{""geodesic"":false,""type"":""Point"",""coordinates"":[-121.67074160582139,36.2560497828281]}"
9_00000000000000000093_0,37.78889864273423,692.0,0.6957432647906403,BS248,0.0,2016-01-01,1.8642206,2015-01-01,291.2985725716369,284.67379869434933,"{""geodesic"":false,""type"":""Point"",""coordinates"":[-121.65942283324148,36.248503934441494]}"
9_00000000000000000094_0,17.82816343202303,580.0,0.8352318817217461,BS249,0.0,2016-01-01,1.8642206,2015-01-01,291.2985725716369,284.67379869434933,"{""geodesic"":false,""type"":""Point"",""coordinates"":[-121.65349395236629,36.248503934441494]}"
9_00000000000000000095_0,18.267924252967244,827.0,0.7936317463745168,BS251,0.0,2016-01-01,2.1356008,2015-01-01,291.2985725716369,284.67379869434933,"{""geodesic"":false,""type"":""Point"",""coordinates"":[-121.73191687666993,36.23044779723069]}"
9_00000000000000000096_0,22.000878120822808,888.0,0.808163280245651,BS253,0.0,2016-01-01,2.1356008,2015-01-01,291.2985725716369,284.67379869434933,"{""geodesic"":false,""type"":""Point"",""coordinates"":[-121.71763366365244,36.22020700299173]}"
9_00000000000000000097_0,47.603635639008154,901.0,0.816869965624076,BS254,0.0,2016-01-01,2.1356008,2015-01-01,291.2985725716369,284.67379869434933,"{""geodesic"":false,""type"":""Point"",""coordinates"":[-121.71170478277725,36.219937508406495]}"
9_00000000000000000098_0,66.9837750835974,1127.0,0.6682348230527029,BS257,0.0,2016-01-01,1.8642206,2015-01-01,291.2985725716369,284.67379869434933,"{""geodesic"":false,""type"":""Point"",""coordinates"":[-121.67936543254893,36.20969671416753]}"
9_00000000000000000099_0,28.65412458906268,122.0,0.7313397258260674,BS259,0.0,2016-01-01,2.2459228,2015-01-01,290.52346283377034,284.255859375,"{""geodesic"":false,""type"":""Point"",""coordinates"":[-121.79875153380843,36.26629057706706]}"
9_0000000000000000009a_0,39.03556957948362,256.0,0.8053373144078301,BS260,0.0,2016-01-01,2.2949293,2015-01-01,290.52346283377034,284.255859375,"{""geodesic"":false,""type"":""Point"",""coordinates"":[-121.80521940385408,36.260900685362344]}"
9_0000000000000000009b_0,30.996952072900125,539.0,0.7517093849604137,BS262,0.0,2016-01-01,2.1356008,2015-01-01,291.2985725716369,284.67379869434933,"{""geodesic"":false,""type"":""Point"",""coordinates"":[-121.71978962033431,36.23718516186159]}"
9_0000000000000000009c_0,25.87092307863052,209.0,0.7887245703009381,BS265,0.0,2016-01-01,2.2949293,2015-01-01,290.52346283377034,284.255859375,"{""geodesic"":false,""type"":""Point"",""coordinates"":[-121.81707716560446,36.25012090195291]}"
9_0000000000000000009e_0,19.011254389939182,854.0,0.5938494223916014,BS271,0.0,2016-01-01,2.1356008,2015-01-01,291.2985725716369,284.67379869434933,"{""geodesic"":false,""type"":""Point"",""coordinates"":[-121.71224377194771,36.213200143775595]}"
9_0000000000000000009f_0,53.872656119602425,635.0,0.6481573075085099,BS272,0.0,2016-01-01,2.1356008,2015-01-01,291.2985725716369,284.67379869434933,"{""geodesic"":false,""type"":""Point"",""coordinates"":[-121.7001165156121,36.20134238202522]}"
9_000000000000000000a0_0,19.529461750618555,765.0,0.7747694116899223,BS273,0.0,2016-01-01,1.8642206,2015-01-01,291.2985725716369,284.67379869434933,"{""geodesic"":false,""type"":""Point"",""coordinates"":[-121.69472662390739,36.205384800803756]}"
9_000000000000000000a1_0,17.817134727366355,1154.0,0.7221457080964288,BS274,0.0,2016-01-01,1.8871045,2015-01-01,291.2985725716369,284.67379869434933,"{""geodesic"":false,""type"":""Point"",""coordinates"":[-121.65645839280388,36.18975411486008]}"
9_000000000000000000a2_0,77.59184101094105,385.0,0.7987084274905655,BS276,0.0,2016-01-01,1.8871045,2015-01-01,291.2985725716369,284.67379869434933,"{""geodesic"":false,""type"":""Point"",""coordinates"":[-121.68610279717983,36.180321804376824]}"
9_000000000000000000a3_0,50.94057818361963,271.0,0.8396579688422557,BS277,0.0,2016-01-01,1.8871045,2015-01-01,291.2985725716369,284.67379869434933,"{""geodesic"":false,""type"":""Point"",""coordinates"":[-121.66616019787239,36.16630808594456]}"
9_000000000000000000a8_0,47.730258304964245,617.0,0.7680166320462419,BS283,0.0,2016-01-01,1.8871045,2015-01-01,291.2985725716369,284.67379869434933,"{""geodesic"":false,""type"":""Point"",""coordinates"":[-121.68044341088988,36.180052309791584]}"
9_000000000000000000a9_0,84.52776460801483,987.0,0.69316429153685,BS287,0.0,2016-01-01,1.6560909,2015-01-01,291.59418778092896,283.511526823697,"{""geodesic"":false,""type"":""Point"",""coordinates"":[-121.61010532414332,36.15013841083041]}"
9_000000000000000000aa_0,64.6130309918803,400.0,0.7074371551226266,BS292,0.0,2016-01-01,1.1842624,2015-01-01,290.2695743926584,284.52271001110336,"{""geodesic"":false,""type"":""Point"",""coordinates"":[-121.85157247251465,36.48916259905711]}"
9_000000000000000000ab_0,50.95402205458599,307.0,0.8293681107350417,BS293,0.0,2016-01-01,1.1842624,2015-01-01,290.2695743926584,284.52271001110336,"{""geodesic"":false,""type"":""Point"",""coordinates"":[-121.8534589346113,36.47919129940339]}"
9_000000000000000000ac_0,51.746328514905485,489.0,0.7562066086263709,BS294,0.0,2016-01-01,1.1842624,2015-01-01,290.2695743926584,284.52271001110336,"{""geodesic"":false,""type"":""Point"",""coordinates"":[-121.8572318588046,36.46059617302211]}"
9_000000000000000000ad_0,82.89240212429804,205.0,0.7798759188464431,BS295,0.0,2016-01-01,1.0612969,2015-01-01,292.9524768986114,284.7292319937928,"{""geodesic"":false,""type"":""Point"",""coordinates"":[-121.49098871746908,35.99464003514932]}"
9_000000000000000000ae_0,37.3039274954766,616.0,0.7897962113347914,BS296,0.0,2016-01-01,1.0734352,2015-01-01,292.9524768986114,284.7292319937928,"{""geodesic"":false,""type"":""Point"",""coordinates"":[-121.47077662357638,36.00299436729163]}"
9_000000000000000000af_0,26.156729068102617,626.0,0.7998847232943382,BS297,0.0,2016-01-01,1.0734352,2015-01-01,292.9524768986114,284.7292319937928,"{""geodesic"":false,""type"":""Point"",""coordinates"":[-121.45622391597365,36.00110790519498]}"
9_000000000000000000b0_0,81.8458769298606,223.0,0.8046969960104384,BS299,0.0,2016-01-01,1.0612969,2015-01-01,292.9524768986114,284.7292319937928,"{""geodesic"":false,""type"":""Point"",""coordinates"":[-121.47454954776968,35.99140610012648]}"
9_000000000000000000b1_0,62.99828172999628,530.0,0.733928572392102,BS301,0.0,2016-01-01,1.0612969,2015-01-01,292.9524768986114,284.7292319937928,"{""geodesic"":false,""type"":""Point"",""coordinates"":[-121.46969864523544,35.98682469217748]}"
9_000000000000000000b2_0,73.96015924986837,675.0,0.7435362678368261,BS303,0.0,2016-01-01,1.0612969,2015-01-01,292.9524768986114,284.7292319937928,"{""geodesic"":false,""type"":""Point"",""coordinates"":[-121.46592572104214,35.981704295057995]}"
9_000000000000000000b3_0,50.22655519925659,861.0,0.7779193785150973,BS304,0.0,2016-01-01,1.0612969,2015-01-01,292.9524768986114,284.7292319937928,"{""geodesic"":false,""type"":""Point"",""coordinates"":[-121.454337453877,35.97604490876804]}"
9_000000000000000000b4_0,60.419892355918954,918.0,0.6364794427861158,BS306,0.0,2016-01-01,1.0213606,2015-01-01,293.83481273912406,283.9873998772608,"{""geodesic"":false,""type"":""Point"",""coordinates"":[-121.43412535998431,35.98224328422847]}"
9_000000000000000000b5_0,44.91981346865924,639.0,0.7680488306783891,BS309,0.0,2016-01-01,1.0612969,2015-01-01,292.9524768986114,284.7292319937928,"{""geodesic"":false,""type"":""Point"",""coordinates"":[-121.45110351885417,35.98682469217748]}"
9_000000000000000000b6_0,55.217157490788914,528.0,0.716412431391433,BS310,0.0,2016-01-01,1.0612969,2015-01-01,292.9524768986114,284.7292319937928,"{""geodesic"":false,""type"":""Point"",""coordinates"":[-121.47401055859922,35.98143480047276]}"
9_000000000000000000b7_0,32.02703691267826,600.0,0.69213102121742,BS312,0.0,2016-01-01,1.0612969,2015-01-01,292.9524768986114,284.7292319937928,"{""geodesic"":false,""type"":""Point"",""coordinates"":[-121.45784088348506,35.95960573906866]}"
9_000000000000000000b8_0,25.114412313195434,603.0,0.7787241887078277,BS313,0.0,2016-01-01,1.0213606,2015-01-01,293.83481273912406,283.9873998772608,"{""geodesic"":false,""type"":""Point"",""coordinates"":[-121.43547283291049,35.952868374437756]}"
9_000000000000000000b9_0,71.20400355228445,819.0,0.758696749723,BS315,0.0,2016-01-01,0.93239576,2015-01-01,293.78287144491117,285.4248640086553,"{""geodesic"":false,""type"":""Point"",""coordinates"":[-121.42819647910912,35.94316656936927]}"
9_000000000000000000ba_0,78.78846732931777,591.0,0.713047864294773,BS316,0.0,2016-01-01,0.93239576,2015-01-01,293.78287144491117,285.4248640086553,"{""geodesic"":false,""type"":""Point"",""coordinates"":[-121.43978474627426,35.940471623516906]}"
9_000000000000000000bb_0,60.76826884262414,544.0,0.8045436704846751,BS317,0.0,2016-01-01,0.93239576,2015-01-01,293.78287144491117,285.4248640086553,"{""geodesic"":false,""type"":""Point"",""coordinates"":[-121.4446356488085,35.94181909644309]}"
9_000000000000000000bc_0,66.35855353502149,1007.0,0.7697541945796695,BS320,0.0,2016-01-01,1.0213606,2015-01-01,293.83481273912406,283.9873998772608,"{""geodesic"":false,""type"":""Point"",""coordinates"":[-121.42280658740441,35.9501734285854]}"
9_000000000000000000bd_0,22.86144149392177,928.0,0.7544243998830601,BS321,0.0,2016-01-01,0.93239576,2015-01-01,293.78287144491117,285.4248640086553,"{""geodesic"":false,""type"":""Point"",""coordinates"":[-121.42523203867152,35.938046172249784]}"
9_000000000000000000be_0,27.07845703301847,954.0,0.7663009448822447,BS322,0.0,2016-01-01,0.93239576,2015-01-01,293.78287144491117,285.4248640086553,"{""geodesic"":false,""type"":""Point"",""coordinates"":[-121.42900496286482,35.93346476430078]}"
9_000000000000000000bf_0,45.87744364556238,816.0,0.6083059036471343,BS323,0.0,2016-01-01,0.93239576,2015-01-01,293.78287144491117,285.4248640086553,"{""geodesic"":false,""type"":""Point"",""coordinates"":[-121.43116091954671,35.923762959232285]}"
9_000000000000000000c0_0,41.8891360081996,766.0,0.6605933421136891,BS324,0.0,2016-01-01,0.93239576,2015-01-01,293.78287144491117,285.4248640086553,"{""geodesic"":false,""type"":""Point"",""coordinates"":[-121.43223889788766,35.9186425621128]}"
9_000000000000000000c1_0,37.802297612148756,730.0,0.7797707700532026,BS326,0.0,2016-01-01,0.93239576,2015-01-01,293.78287144491117,285.4248640086553,"{""geodesic"":false,""type"":""Point"",""coordinates"":[-121.43062193037625,35.913522164993324]}"
9_000000000000000000c2_0,46.1358173528565,449.0,0.8017780968607112,BS328,0.0,2016-01-01,0.94535494,2015-01-01,293.78287144491117,285.4248640086553,"{""geodesic"":false,""type"":""Point"",""coordinates"":[-121.43439485456955,35.89034563066304]}"
9_000000000000000000c3_0,47.15410829838333,602.0,0.6593124956706776,BS330,0.0,2016-01-01,0.94535494,2015-01-01,293.78287144491117,285.4248640086553,"{""geodesic"":false,""type"":""Point"",""coordinates"":[-121.4287354682796,35.88145230935026]}"
9_000000000000000000c4_0,38.487646821981976,758.0,0.7585332059622871,BS331,0.0,2016-01-01,0.94535494,2015-01-01,293.78287144491117,285.4248640086553,"{""geodesic"":false,""type"":""Point"",""coordinates"":[-121.41876416862587,35.88414725520261]}"
9_000000000000000000c5_0,58.52801186698529,835.0,0.8469034890275544,BS333,0.0,2016-01-01,0.94535494,2015-01-01,293.78287144491117,285.4248640086553,"{""geodesic"":false,""type"":""Point"",""coordinates"":[-121.40178600975601,35.88818967398115]}"
9_000000000000000000c6_0,71.46052608209384,972.0,0.8233977441255532,BS334,0.0,2016-01-01,0.9024818,2015-01-01,293.78287144491117,285.4248640086553,"{""geodesic"":false,""type"":""Point"",""coordinates"":[-121.3875027967385,35.890884619833514]}"
9_000000000000000000c7_0,57.27555054102922,935.0,0.8238885965070369,BS335,0.0,2016-01-01,0.9024818,2015-01-01,293.78287144491117,285.4248640086553,"{""geodesic"":false,""type"":""Point"",""coordinates"":[-121.3791484645962,35.89223209275969]}"
9_000000000000000000c8_0,44.75074745687257,606.0,0.7770850928467832,BS338,0.0,2016-01-01,0.9024818,2015-01-01,293.78287144491117,285.4248640086553,"{""geodesic"":false,""type"":""Point"",""coordinates"":[-121.3942401613694,35.87094202052606]}"
9_000000000000000000c9_0,26.67516079167866,503.0,0.7998394935631558,BS355,0.0,2016-01-01,1.9125669,2015-01-01,290.52346283377034,284.255859375,"{""geodesic"":false,""type"":""Point"",""coordinates"":[-121.78824124498422,36.33393371796126]}"
9_000000000000000000ca_0,33.04793407481075,807.0,0.7201370056541778,BS358,0.0,2016-01-01,1.9125669,2015-01-01,290.52346283377034,284.255859375,"{""geodesic"":false,""type"":""Point"",""coordinates"":[-121.78608528830233,36.3455219851264]}"
9_000000000000000000cb_0,39.24628837666972,736.0,0.7877339625774015,BS359,0.0,2016-01-01,1.6753058,2015-01-01,290.6739896591396,283.2940371578687,"{""geodesic"":false,""type"":""Point"",""coordinates"":[-121.79039720166611,36.35037288766065]}"
9_000000000000000000cc_0,24.870457975536297,936.0,0.7565150932752838,BS360,0.0,2016-01-01,1.6753058,2015-01-01,290.6739896591396,283.2940371578687,"{""geodesic"":false,""type"":""Point"",""coordinates"":[-121.79120568542182,36.355762779365364]}"
9_000000000000000000cd_0,35.70100598231494,1015.0,0.720156150005205,BS365,0.0,2016-01-01,1.8642206,2015-01-01,291.2985725716369,284.67379869434933,"{""geodesic"":false,""type"":""Point"",""coordinates"":[-121.68610279717983,36.22290194884409]}"
9_000000000000000000ce_0,20.137875439438954,665.0,0.6714527164628198,BS372,0.0,2016-01-01,2.1356008,2015-01-01,291.2985725716369,284.67379869434933,"{""geodesic"":false,""type"":""Point"",""coordinates"":[-121.73568980086323,36.22290194884409]}"
9_000000000000000000cf_0,35.110648280029416,783.0,0.6525459409036165,BS373,0.0,2016-01-01,2.1356008,2015-01-01,291.2985725716369,284.67379869434933,"{""geodesic"":false,""type"":""Point"",""coordinates"":[-121.7362287900337,36.228022345963566]}"
9_000000000000000000d1_0,56.89055361338413,371.0,0.7955364099480111,BS378,0.0,2016-01-01,2.1356008,2015-01-01,291.2985725716369,284.67379869434933,"{""geodesic"":false,""type"":""Point"",""coordinates"":[-121.74566110051695,36.219668013821256]}"
9_000000000000000000d2_0,44.953912586565934,746.0,0.45959991094559277,BS379,0.0,2016-01-01,2.1356008,2015-01-01,291.2985725716369,284.67379869434933,"{""geodesic"":false,""type"":""Point"",""coordinates"":[-121.73973221964177,36.23098678640116]}"
9_000000000000000000d8_0,44.834912995595175,371.0,0.830836694610999,BS390,0.0,2016-01-01,1.9125669,2015-01-01,290.52346283377034,284.255859375,"{""geodesic"":false,""type"":""Point"",""coordinates"":[-121.79470911502989,36.333394728790786]}"
9_000000000000000000dd_0,28.119993092987333,878.0,0.8023485663369577,BS399,0.0,2016-01-01,0.93239576,2015-01-01,293.78287144491117,285.4248640086553,"{""geodesic"":false,""type"":""Point"",""coordinates"":[-121.42361507116011,35.93076981844842]}"
9_000000000000000000de_0,39.24382121221376,878.0,0.7001118080359495,BS405,0.0,2016-01-01,1.1844184,2015-01-01,292.9524768986114,284.7292319937928,"{""geodesic"":false,""type"":""Point"",""coordinates"":[-121.535455324033,36.04476602800319]}"
9_000000000000000000e1_0,39.13124208828564,263.0,0.8237435291525536,BS412,0.0,2016-01-01,0.93239576,2015-01-01,293.78287144491117,285.4248640086553,"{""geodesic"":false,""type"":""Point"",""coordinates"":[-121.41849467404063,35.90408985451007]}"
9_000000000000000000e2_0,39.557185133141736,628.0,0.655098765792038,BS413,0.0,2016-01-01,0.9291717,2015-01-01,294.32412489799606,285.18154673119113,"{""geodesic"":false,""type"":""Point"",""coordinates"":[-121.33360387969134,35.806263320069455]}"
9_000000000000000000e5_0,72.60624394951823,597.0,0.8092347075114404,BS420,0.0,2016-01-01,1.0734352,2015-01-01,292.9524768986114,284.7292319937928,"{""geodesic"":false,""type"":""Point"",""coordinates"":[-121.49071922288384,36.02374545035479]}"
9_000000000000000000e6_0,26.026690357450253,133.0,0.812421562466486,BS423,0.0,2016-01-01,1.1844184,2015-01-01,292.9524768986114,284.7292319937928,"{""geodesic"":false,""type"":""Point"",""coordinates"":[-121.52144160560073,36.01566061279771]}"
9_000000000000000000e7_0,71.76256913112222,1336.0,0.7423911185527347,BS425,0.0,2016-01-01,1.1121492,2015-01-01,292.4053798309744,283.8632622287698,"{""geodesic"":false,""type"":""Point"",""coordinates"":[-121.49880406044092,36.05500682224215]}"
9_000000000000000000e8_0,29.094648644663547,268.0,0.7987433826050405,BS426,0.0,2016-01-01,1.1844184,2015-01-01,292.9524768986114,284.7292319937928,"{""geodesic"":false,""type"":""Point"",""coordinates"":[-121.52817897023162,36.018894547820544]}"
9_000000000000000000e9_0,69.92581157945337,531.0,0.7877399734981013,BS427,0.0,2016-01-01,1.8602791,2015-01-01,290.6739896591396,283.2940371578687,"{""geodesic"":false,""type"":""Point"",""coordinates"":[-121.83459431364479,36.37193245447951]}"
9_000000000000000000ea_0,56.51586636333181,379.0,0.7761650035039215,BS429,0.0,2016-01-01,1.1842624,2015-01-01,290.2695743926584,284.52271001110336,"{""geodesic"":false,""type"":""Point"",""coordinates"":[-121.85184196709989,36.47245393477249]}"
9_000000000000000000eb_0,73.14682475235671,524.0,0.7378438039134972,BS430,0.0,2016-01-01,1.2623101,2015-01-01,291.28073634317474,283.4149413644451,"{""geodesic"":false,""type"":""Point"",""coordinates"":[-121.81087879014403,36.46625555931207]}"
9_000000000000000000ec_0,47.472134390283536,808.0,0.7930678214799116,BS431,0.0,2016-01-01,1.1842624,2015-01-01,290.2695743926584,284.52271001110336,"{""geodesic"":false,""type"":""Point"",""coordinates"":[-121.86100478299791,36.45008588419791]}"
9_000000000000000000ed_0,24.429897979262677,385.0,0.8186887682498044,BS433,0.0,2016-01-01,2.0916135,2015-01-01,290.52346283377034,284.255859375,"{""geodesic"":false,""type"":""Point"",""coordinates"":[-121.80737536053597,36.347677941808286]}"
9_000000000000000000ee_0,34.47691953486965,875.0,0.7787118570780076,BS434,0.0,2016-01-01,1.1842624,2015-01-01,290.2695743926584,284.52271001110336,"{""geodesic"":false,""type"":""Point"",""coordinates"":[-121.85103348334418,36.45089436795362]}"
9_000000000000000000ef_0,25.160168945283303,1045.0,0.6004986161760483,BS436,0.0,2016-01-01,1.726524,2015-01-01,290.9759756845971,283.03264879200555,"{""geodesic"":false,""type"":""Point"",""coordinates"":[-121.72140658784573,36.3417490609331]}"
9_000000000000000000f0_0,41.91850233492823,367.0,0.755792862404947,BS438,0.0,2016-01-01,2.0916135,2015-01-01,290.52346283377034,284.255859375,"{""geodesic"":false,""type"":""Point"",""coordinates"":[-121.80872283346216,36.34228805010357]}"
9_000000000000000000f1_0,25.23258693070835,109.0,0.7840355706798602,BS457,0.0,2016-01-01,1.8871045,2015-01-01,291.2985725716369,284.67379869434933,"{""geodesic"":false,""type"":""Point"",""coordinates"":[-121.6925706672255,36.17870483686541]}"
9_000000000000000000f4_0,24.268116853430207,438.0,0.6900391090470954,BS468,0.0,2016-01-01,1.2623101,2015-01-01,291.28073634317474,283.4149413644451,"{""geodesic"":false,""type"":""Point"",""coordinates"":[-121.8467215699804,36.48512018027858]}"
9_000000000000000000f5_0,45.07562221963003,579.0,0.8440699166161747,BS469,0.0,2016-01-01,1.1842624,2015-01-01,290.2695743926584,284.52271001110336,"{""geodesic"":false,""type"":""Point"",""coordinates"":[-121.85830983714554,36.45574527048787]}"
9_000000000000000000f6_0,60.930937845428886,737.0,0.7813058096945883,BS470,0.0,2016-01-01,1.1842624,2015-01-01,290.2695743926584,284.52271001110336,"{""geodesic"":false,""type"":""Point"",""coordinates"":[-121.85291994544083,36.45628425965834]}"
9_000000000000000000f7_0,78.80165083264968,290.0,0.7808409330622431,BS474,0.0,2016-01-01,1.0612969,2015-01-01,292.9524768986114,284.7292319937928,"{""geodesic"":false,""type"":""Point"",""coordinates"":[-121.46727319396832,35.990328121785545]}"
9_000000000000000000f8_0,93.90363214441078,972.0,0.6573431621185833,BS478,0.0,2016-01-01,1.0213606,2015-01-01,293.83481273912406,283.9873998772608,"{""geodesic"":false,""type"":""Point"",""coordinates"":[-121.4333168762286,35.99437054056408]}"
9_000000000000000000f9_0,35.52007218707795,507.0,0.6829142267035301,BS486,0.0,2016-01-01,1.0612969,2015-01-01,292.9524768986114,284.7292319937928,"{""geodesic"":false,""type"":""Point"",""coordinates"":[-121.46835117230926,35.95367685819347]}"
9_000000000000000000fb_0,56.44352172987241,836.0,0.7968830499953218,BS499,0.0,2016-01-01,0.94535494,2015-01-01,293.78287144491117,285.4248640086553,"{""geodesic"":false,""type"":""Point"",""coordinates"":[-121.4077148906312,35.88738119022545]}"
9_000000000000000000fc_0,21.064143783309117,677.0,0.7872987747398459,BS504,0.0,2016-01-01,0.9024818,2015-01-01,293.78287144491117,285.4248640086553,"{""geodesic"":false,""type"":""Point"",""coordinates"":[-121.38911976424993,35.874175955548885]}"
9_000000000000000000fe_0,40.18557074490249,706.0,0.8123036327523756,BS518,0.0,2016-01-01,1.8602791,2015-01-01,290.6739896591396,283.2940371578687,"{""geodesic"":false,""type"":""Point"",""coordinates"":[-121.83109088403673,36.38432920540036]}"
9_000000000000000000ff_0,54.50113804276262,538.0,0.7570004242879892,BS519,0.0,2016-01-01,1.8602791,2015-01-01,290.6739896591396,283.2940371578687,"{""geodesic"":false,""type"":""Point"",""coordinates"":[-121.83944521617903,36.38352072164466]}"
9_00000000000000000101_0,29.30917939192528,581.0,0.8054359944568762,BS521,0.0,2016-01-01,1.8871045,2015-01-01,291.2985725716369,284.67379869434933,"{""geodesic"":false,""type"":""Point"",""coordinates"":[-121.69526561307785,36.19837794158762]}"
9_00000000000000000102_0,23.874731735209593,562.0,0.832118527618126,BS600,0.0,2016-01-01,1.8602791,2015-01-01,290.6739896591396,283.2940371578687,"{""geodesic"":false,""type"":""Point"",""coordinates"":[-121.8219280681387,36.3598051981439]}"
9_00000000000000000103_0,36.511182575845105,638.0,0.8112972943895177,BS601,0.0,2016-01-01,1.8602791,2015-01-01,290.6739896591396,283.2940371578687,"{""geodesic"":false,""type"":""Point"",""coordinates"":[-121.83324684071862,36.35926620897343]}"
9_00000000000000000104_0,25.370571479901518,518.0,0.8112890800335483,BS603,0.0,2016-01-01,1.8602791,2015-01-01,290.6739896591396,283.2940371578687,"{""geodesic"":false,""type"":""Point"",""coordinates"":[-121.84079268910521,36.366273068189564]}"
9_00000000000000000105_0,29.63614590322914,565.0,0.8305778099640198,BS604,0.0,2016-01-01,1.8602791,2015-01-01,290.6739896591396,283.2940371578687,"{""geodesic"":false,""type"":""Point"",""coordinates"":[-121.84887752666229,36.367890035700974]}"
9_00000000000000000107_0,23.32474420808369,1022.0,0.7526764381108505,BS607,0.0,2016-01-01,1.4787463,2015-01-01,291.59418778092896,283.511526823697,"{""geodesic"":false,""type"":""Point"",""coordinates"":[-121.59151019776205,36.15013841083041]}"
9_00000000000000000108_0,82.95864660247898,257.0,0.7461949400684843,BS610,0.0,2016-01-01,1.8871045,2015-01-01,291.2985725716369,284.67379869434933,"{""geodesic"":false,""type"":""Point"",""coordinates"":[-121.66292626284955,36.16253516175126]}"
9_00000000000000000109_0,59.501825616876175,417.0,0.8104287607293231,BS611,0.0,2016-01-01,1.8871045,2015-01-01,291.2985725716369,284.67379869434933,"{""geodesic"":false,""type"":""Point"",""coordinates"":[-121.66454323036096,36.17304545057545]}"
9_0000000000000000010a_0,21.886807003179925,455.0,0.8041650509512626,BS612,0.0,2016-01-01,1.8871045,2015-01-01,291.2985725716369,284.67379869434933,"{""geodesic"":false,""type"":""Point"",""coordinates"":[-121.66993312206569,36.17277595599022]}"
9_0000000000000000010b_0,37.01703643699836,318.0,0.7824991003281608,BS613,0.0,2016-01-01,1.8871045,2015-01-01,291.2985725716369,284.67379869434933,"{""geodesic"":false,""type"":""Point"",""coordinates"":[-121.6693941328952,36.165769096774085]}"
9_0000000000000000010c_0,44.20767668734312,320.0,0.8188453050515392,BS620,0.0,2016-01-01,1.8871045,2015-01-01,291.2985725716369,284.67379869434933,"{""geodesic"":false,""type"":""Point"",""coordinates"":[-121.6933791509812,36.184364223155356]}"
9_0000000000000000010d_0,87.19004322415617,262.0,0.7930514499019571,BS621,0.0,2016-01-01,2.1356008,2015-01-01,291.2985725716369,284.67379869434933,"{""geodesic"":false,""type"":""Point"",""coordinates"":[-121.74862554095455,36.21805104630984]}"
9_00000000000000000113_0,28.65069695742135,151.0,0.8155314868677349,BS627,0.0,2016-01-01,2.2949293,2015-01-01,290.52346283377034,284.255859375,"{""geodesic"":false,""type"":""Point"",""coordinates"":[-121.80279395258697,36.27087198501607]}"
9_00000000000000000114_0,33.45739467344501,97.0,0.7958039487136364,BS628,0.0,2016-01-01,2.2949293,2015-01-01,290.52346283377034,284.255859375,"{""geodesic"":false,""type"":""Point"",""coordinates"":[-121.80629738219503,36.269255017504655]}"
9_00000000000000000115_0,41.828332045833456,405.0,0.8029425995818148,BS629,0.0,2016-01-01,1.8871045,2015-01-01,291.2985725716369,284.67379869434933,"{""geodesic"":false,""type"":""Point"",""coordinates"":[-121.69526561307785,36.18813714734866]}"
9_00000000000000000116_0,33.35101339450386,552.0,0.8206976568751797,BS632,0.0,2016-01-01,2.0916135,2015-01-01,290.52346283377034,284.255859375,"{""geodesic"":false,""type"":""Point"",""coordinates"":[-121.80036850131984,36.325040396648475]}"
9_00000000000000000117_0,48.748423047493645,639.0,0.7626746964542374,BS633,0.0,2016-01-01,2.0916135,2015-01-01,290.52346283377034,284.255859375,"{""geodesic"":false,""type"":""Point"",""coordinates"":[-121.80063799590508,36.32261494538135]}"
10_00000000000000000000_0,64.6009934779045,381.0,0.810063459764757,BS002,0.0,2017-01-01,1.8380828,2016-01-01,293.12429054968993,285.0910680802142,"{""geodesic"":false,""type"":""Point"",""coordinates"":[-121.3875027967385,35.85611981833809]}"
10_00000000000000000001_0,76.67023380015173,405.0,0.7728677512561547,BS003,0.0,2017-01-01,1.8380828,2016-01-01,293.12429054968993,285.0910680802142,"{""geodesic"":false,""type"":""Point"",""coordinates"":[-121.39208420468752,35.85072992663337]}"
10_00000000000000000002_0,56.73427024829481,790.0,0.7854234132542216,BS004,0.0,2017-01-01,1.8380828,2016-01-01,293.12429054968993,285.0910680802142,"{""geodesic"":false,""type"":""Point"",""coordinates"":[-121.36675171367534,35.85854526960521]}"
10_00000000000000000003_0,60.83174839243003,851.0,0.7865330391005149,BS005,0.0,2017-01-01,1.8380828,2016-01-01,293.12429054968993,285.0910680802142,"{""geodesic"":false,""type"":""Point"",""coordinates"":[-121.36028384362969,35.85881476419044]}"
10_00000000000000000004_0,50.54523071202545,820.0,0.8289585956866313,BS006,0.0,2017-01-01,1.8380828,2016-01-01,293.12429054968993,285.0910680802142,"{""geodesic"":false,""type"":""Point"",""coordinates"":[-121.35381597358402,35.86043173170186]}"
10_00000000000000000005_0,21.06441453304799,883.0,0.7358778759387942,BS007,0.0,2017-01-01,1.7809224,2016-01-01,294.1720676943253,284.2054265340169,"{""geodesic"":false,""type"":""Point"",""coordinates"":[-121.33926326598129,35.857736785849504]}"
10_00000000000000000006_0,15.851792386746014,509.0,0.6453557681289017,BS011,0.0,2017-01-01,1.885181,2016-01-01,293.36451917137606,285.41447577971576,"{""geodesic"":false,""type"":""Point"",""coordinates"":[-121.37133312162436,35.8291703598145]}"
10_00000000000000000007_0,36.80937400786533,359.0,0.7764500548840433,BS012,0.0,2017-01-01,1.885181,2016-01-01,293.36451917137606,285.41447577971576,"{""geodesic"":false,""type"":""Point"",""coordinates"":[-121.37160261620959,35.82324147893931]}"
10_00000000000000000008_0,82.57786994860787,351.0,0.7711611411584058,BS015,0.0,2017-01-01,1.7409383,2016-01-01,293.7025473756217,284.99049886067706,"{""geodesic"":false,""type"":""Point"",""coordinates"":[-121.34303619017459,35.8253974356212]}"
10_00000000000000000009_0,71.00091842191927,453.0,0.817521925105894,BS016,0.0,2017-01-01,1.7409383,2016-01-01,293.7025473756217,284.99049886067706,"{""geodesic"":false,""type"":""Point"",""coordinates"":[-121.33764629846988,35.82566693020643]}"
10_0000000000000000000a_0,55.62050939747571,518.0,0.8399692980076789,BS017,0.0,2017-01-01,1.7409383,2016-01-01,293.7025473756217,284.99049886067706,"{""geodesic"":false,""type"":""Point"",""coordinates"":[-121.33225640676515,35.82512794103596]}"
10_0000000000000000000b_0,35.53187744570399,611.0,0.8824158454767637,BS018,0.0,2017-01-01,1.7409383,2016-01-01,293.7025473756217,284.99049886067706,"{""geodesic"":false,""type"":""Point"",""coordinates"":[-121.32848348257185,35.82351097352455]}"
10_0000000000000000000c_0,74.0115164114087,466.0,0.8227696100046011,BS019,0.0,2017-01-01,1.7409383,2016-01-01,293.7025473756217,284.99049886067706,"{""geodesic"":false,""type"":""Point"",""coordinates"":[-121.34249720100412,35.82970934898497]}"
10_0000000000000000000d_0,42.45297215946933,400.0,0.7875303652587552,BS020,0.0,2017-01-01,1.7409383,2016-01-01,293.7025473756217,284.99049886067706,"{""geodesic"":false,""type"":""Point"",""coordinates"":[-121.3408802334927,35.83375176776351]}"
10_0000000000000000000e_0,34.94628667447696,639.0,0.8386319974085535,BS022,0.0,2017-01-01,1.7409383,2016-01-01,293.7025473756217,284.99049886067706,"{""geodesic"":false,""type"":""Point"",""coordinates"":[-121.3379157930551,35.84426205658771]}"
10_0000000000000000000f_0,35.59458635218413,233.0,0.807719392831948,BS026,0.0,2017-01-01,1.8512934,2016-01-01,293.12429054968993,285.0910680802142,"{""geodesic"":false,""type"":""Point"",""coordinates"":[-121.42550153325676,35.90166440324295]}"
10_00000000000000000010_0,61.408596776664076,186.0,0.8054701394117725,BS027,0.0,2017-01-01,1.9933976,2016-01-01,293.12429054968993,285.0910680802142,"{""geodesic"":false,""type"":""Point"",""coordinates"":[-121.43089142496147,35.89789147904964]}"
10_00000000000000000011_0,20.050416271105334,317.0,0.7992875734432737,BS032,0.0,2017-01-01,1.8271989,2016-01-01,293.7025473756217,284.99049886067706,"{""geodesic"":false,""type"":""Point"",""coordinates"":[-121.3379157930551,35.797908987927144]}"
10_00000000000000000012_0,73.13551315128547,648.0,0.6941960722405797,BS034,0.0,2017-01-01,1.7409383,2016-01-01,293.7025473756217,284.99049886067706,"{""geodesic"":false,""type"":""Point"",""coordinates"":[-121.32686651506043,35.800064944609026]}"
10_00000000000000000013_0,23.840028602788006,390.0,0.7688923242784461,BS035,0.0,2017-01-01,1.8271989,2016-01-01,293.7025473756217,284.99049886067706,"{""geodesic"":false,""type"":""Point"",""coordinates"":[-121.31985965584431,35.789824150370066]}"
10_00000000000000000015_0,91.14144491067454,726.0,0.5748983688940427,BS044,0.0,2017-01-01,2.0711398,2016-01-01,292.2695651028326,284.3502702556673,"{""geodesic"":false,""type"":""Point"",""coordinates"":[-121.51712969223695,36.031560793326626]}"
10_00000000000000000016_0,27.147660881196654,517.0,0.7752209221800909,BS045,0.0,2017-01-01,2.0711398,2016-01-01,292.2695651028326,284.3502702556673,"{""geodesic"":false,""type"":""Point"",""coordinates"":[-121.50634990882752,36.02886584747427]}"
10_00000000000000000017_0,95.16628215612582,584.0,0.728921633546647,BS046,0.0,2017-01-01,2.0711398,2016-01-01,292.2695651028326,284.3502702556673,"{""geodesic"":false,""type"":""Point"",""coordinates"":[-121.5047329413161,36.023475955769555]}"
10_00000000000000000018_0,28.47742096144938,690.0,0.6749189485935475,BS047,0.0,2017-01-01,1.9747779,2016-01-01,292.2695651028326,284.3502702556673,"{""geodesic"":false,""type"":""Point"",""coordinates"":[-121.49988203878186,36.02805736371856]}"
10_00000000000000000019_0,58.193650298268075,527.0,0.7875962150142457,BS048,0.0,2017-01-01,1.9747779,2016-01-01,292.2695651028326,284.3502702556673,"{""geodesic"":false,""type"":""Point"",""coordinates"":[-121.4904497282986,36.02859635288903]}"
10_0000000000000000001a_0,42.519791505288175,721.0,0.7946231278866698,BS050,0.0,2017-01-01,1.9747779,2016-01-01,292.2695651028326,284.3502702556673,"{""geodesic"":false,""type"":""Point"",""coordinates"":[-121.47966994488917,36.03290826625281]}"
10_0000000000000000001b_0,57.3586736190829,575.0,0.7813830139125949,BS052,0.0,2017-01-01,2.0711398,2016-01-01,292.2695651028326,284.3502702556673,"{""geodesic"":false,""type"":""Point"",""coordinates"":[-121.50122951170803,36.01323516153059]}"
10_0000000000000000001c_0,89.8707990436792,380.0,0.7907482542130642,BS053,0.0,2017-01-01,2.0711398,2016-01-01,292.2695651028326,284.3502702556673,"{""geodesic"":false,""type"":""Point"",""coordinates"":[-121.50661940341276,36.01242667777488]}"
10_0000000000000000001d_0,78.19848423648982,573.0,0.6807621609724394,BS054,0.0,2017-01-01,1.8271989,2016-01-01,293.7025473756217,284.99049886067706,"{""geodesic"":false,""type"":""Point"",""coordinates"":[-121.31339178579864,35.78685970993247]}"
10_0000000000000000001e_0,55.78412937425432,599.0,0.6802000073856734,BS057,0.0,2017-01-01,2.0711398,2016-01-01,292.2695651028326,284.3502702556673,"{""geodesic"":false,""type"":""Point"",""coordinates"":[-121.51173980053224,36.029135342059504]}"
10_0000000000000000001f_0,38.32747905135053,767.0,0.8139163953206695,BS058,0.0,2017-01-01,2.256895,2016-01-01,291.7400730737572,283.5483266278043,"{""geodesic"":false,""type"":""Point"",""coordinates"":[-121.54677409661289,36.06012721936163]}"
10_00000000000000000020_0,21.269857037338628,661.0,0.8126548208393619,BS059,0.0,2017-01-01,2.256895,2016-01-01,291.7400730737572,283.5483266278043,"{""geodesic"":false,""type"":""Point"",""coordinates"":[-121.54650460202767,36.056623789753566]}"
10_00000000000000000021_0,27.879396354914302,646.0,0.7391798304041988,BS060,0.0,2017-01-01,2.256895,2016-01-01,291.7400730737572,283.5483266278043,"{""geodesic"":false,""type"":""Point"",""coordinates"":[-121.5438096561753,36.05258137097503]}"
10_00000000000000000022_0,23.380857966521695,612.0,0.7249726929159921,BS062,0.0,2017-01-01,2.0711398,2016-01-01,292.2695651028326,284.3502702556673,"{""geodesic"":false,""type"":""Point"",""coordinates"":[-121.54973853705049,36.03398624459375]}"
10_00000000000000000023_0,24.383358951122194,651.0,0.7831637589415594,BS063,0.0,2017-01-01,2.0711398,2016-01-01,292.2695651028326,284.3502702556673,"{""geodesic"":false,""type"":""Point"",""coordinates"":[-121.53788077530011,36.035603212105165]}"
10_00000000000000000024_0,31.13263143019327,746.0,0.8053468490429814,BS066,0.0,2017-01-01,2.0711398,2016-01-01,292.2695651028326,284.3502702556673,"{""geodesic"":false,""type"":""Point"",""coordinates"":[-121.53356886193635,36.03722017961658]}"
10_00000000000000000026_0,20.270182236539885,705.0,0.737127631073569,BS071,0.0,2017-01-01,2.0711398,2016-01-01,292.2695651028326,284.3502702556673,"{""geodesic"":false,""type"":""Point"",""coordinates"":[-121.54515712910148,36.037759168787055]}"
10_00000000000000000029_0,29.00588140219729,581.0,0.8101304644213325,BS076,2.0,2017-01-01,2.8998387,2016-01-01,290.0115808789196,283.0280516577549,"{""geodesic"":false,""type"":""Point"",""coordinates"":[-121.8219280681387,36.361961154825785]}"
10_0000000000000000002a_0,29.559443363359037,607.0,0.794155363488333,BS077,2.0,2017-01-01,2.8998387,2016-01-01,290.0115808789196,283.0280516577549,"{""geodesic"":false,""type"":""Point"",""coordinates"":[-121.81896362770111,36.35926620897343]}"
10_0000000000000000002b_0,111.9023206650855,626.0,0.6002367531398555,BS078,4.0,2017-01-01,2.8998387,2016-01-01,290.0115808789196,283.0280516577549,"{""geodesic"":false,""type"":""Point"",""coordinates"":[-121.81599918726351,36.35549328478013]}"
10_0000000000000000002c_0,82.43569050749325,745.0,0.6266890359803717,BS079,3.0,2017-01-01,2.8998387,2016-01-01,290.0115808789196,283.0280516577549,"{""geodesic"":false,""type"":""Point"",""coordinates"":[-121.81249575765546,36.35953570355866]}"
10_0000000000000000002d_0,120.72522056189064,867.0,0.5780986395762112,BS080,4.0,2017-01-01,2.8998387,2016-01-01,290.0115808789196,283.0280516577549,"{""geodesic"":false,""type"":""Point"",""coordinates"":[-121.80441092009838,36.36061368189961]}"
10_0000000000000000002e_0,66.81328404957038,316.0,0.743984915561958,BS081,2.0,2017-01-01,2.8998387,2016-01-01,290.0115808789196,283.0280516577549,"{""geodesic"":false,""type"":""Point"",""coordinates"":[-121.84429611871329,36.37193245447951]}"
10_00000000000000000034_0,32.66224745960837,1009.0,0.6653388508657812,BS088,3.0,2017-01-01,2.6363487,2016-01-01,290.0115808789196,283.0280516577549,"{""geodesic"":false,""type"":""Point"",""coordinates"":[-121.7963260825413,36.3598051981439]}"
10_00000000000000000035_0,42.579935353674095,1058.0,0.6922513883559966,BS089,3.0,2017-01-01,2.6363487,2016-01-01,290.0115808789196,283.0280516577549,"{""geodesic"":false,""type"":""Point"",""coordinates"":[-121.7963260825413,36.3665425627748]}"
10_00000000000000000036_0,64.8010928564088,952.0,0.6206920571572233,BS090,3.0,2017-01-01,2.6363487,2016-01-01,290.0115808789196,283.0280516577549,"{""geodesic"":false,""type"":""Point"",""coordinates"":[-121.79659557712654,36.37085447613857]}"
10_00000000000000000037_0,42.03851159866184,929.0,0.813402826845272,BS092,2.0,2017-01-01,2.8998387,2016-01-01,290.0115808789196,283.0280516577549,"{""geodesic"":false,""type"":""Point"",""coordinates"":[-121.80414142551314,36.37489689491711]}"
10_00000000000000000038_0,105.42628956194372,785.0,0.5777129650296066,BS094,3.0,2017-01-01,2.0468526,2016-01-01,289.63320764426976,284.2774072032157,"{""geodesic"":false,""type"":""Point"",""coordinates"":[-121.87259305016305,36.45817072175499]}"
10_0000000000000000003a_0,81.46783129312917,521.0,0.7111132784398937,BS102,3.0,2017-01-01,2.8998387,2016-01-01,290.0115808789196,283.0280516577549,"{""geodesic"":false,""type"":""Point"",""coordinates"":[-121.84240965661662,36.38055628120706]}"
10_0000000000000000003b_0,80.64054023153207,504.0,0.6632347252219861,BS103,2.0,2017-01-01,2.8998387,2016-01-01,290.0115808789196,283.0280516577549,"{""geodesic"":false,""type"":""Point"",""coordinates"":[-121.84483510788375,36.378939313695646]}"
10_0000000000000000003d_0,117.0091334939495,889.0,0.5739168692564923,BS112,3.0,2017-01-01,2.5844064,2016-01-01,290.0115808789196,283.0280516577549,"{""geodesic"":false,""type"":""Point"",""coordinates"":[-121.8429486457871,36.41774653396961]}"
10_00000000000000000040_0,127.84258477601648,932.0,0.5512724828900758,BS121,3.0,2017-01-01,2.5844064,2016-01-01,290.0115808789196,283.0280516577549,"{""geodesic"":false,""type"":""Point"",""coordinates"":[-121.83944521617903,36.42178895274815]}"
10_00000000000000000041_0,114.68026682800283,766.0,0.5159472444697953,BS122,3.0,2017-01-01,2.5844064,2016-01-01,290.0115808789196,283.0280516577549,"{""geodesic"":false,""type"":""Point"",""coordinates"":[-121.84429611871329,36.423944909430034]}"
10_00000000000000000042_0,78.56545642343616,338.0,0.7955784260886845,BS123,2.0,2017-01-01,2.0468526,2016-01-01,289.63320764426976,284.2774072032157,"{""geodesic"":false,""type"":""Point"",""coordinates"":[-121.89415261698191,36.48107776150004]}"
10_00000000000000000043_0,57.59387949918942,376.0,0.8035496737333324,BS124,1.0,2017-01-01,2.0468526,2016-01-01,289.63320764426976,284.2774072032157,"{""geodesic"":false,""type"":""Point"",""coordinates"":[-121.89011019820337,36.47838281564768]}"
10_00000000000000000044_0,40.061416654965,408.0,0.8418706372227832,BS125,0.0,2017-01-01,2.0468526,2016-01-01,289.63320764426976,284.2774072032157,"{""geodesic"":false,""type"":""Point"",""coordinates"":[-121.88633727401007,36.4808082669148]}"
10_00000000000000000045_0,55.61687274474147,311.0,0.7788138720161576,BS126,0.0,2017-01-01,2.0468526,2016-01-01,289.63320764426976,284.2774072032157,"{""geodesic"":false,""type"":""Point"",""coordinates"":[-121.88013889854965,36.484311696522866]}"
10_00000000000000000046_0,34.09086214909058,393.0,0.8528571534485533,BS128,0.0,2017-01-01,2.0468526,2016-01-01,289.63320764426976,284.2774072032157,"{""geodesic"":false,""type"":""Point"",""coordinates"":[-121.87367102850399,36.477843826477205]}"
10_00000000000000000047_0,61.26041379156069,351.0,0.7721671813963776,BS129,0.0,2017-01-01,2.0468526,2016-01-01,289.63320764426976,284.2774072032157,"{""geodesic"":false,""type"":""Point"",""coordinates"":[-121.88741525235102,36.49077956656853]}"
10_00000000000000000048_0,26.541773640099844,242.0,0.8124154571790109,BS130,0.0,2017-01-01,2.0468526,2016-01-01,289.63320764426976,284.2774072032157,"{""geodesic"":false,""type"":""Point"",""coordinates"":[-121.88391182274296,36.49563046910277]}"
10_00000000000000000049_0,63.90758895215797,250.0,0.8224292894396196,BS131,0.0,2017-01-01,1.700307,2016-01-01,289.63320764426976,284.2774072032157,"{""geodesic"":false,""type"":""Point"",""coordinates"":[-121.88121687689059,36.500750866222255]}"
10_0000000000000000004e_0,46.293612634509174,306.0,0.8391626417359341,BS137,0.0,2017-01-01,3.2598984,2016-01-01,289.5266241271639,284.9144893708776,"{""geodesic"":false,""type"":""Point"",""coordinates"":[-121.87555749060064,36.347947436393525]}"
10_0000000000000000004f_0,31.806139077301754,306.0,0.7801522912561608,BS138,0.0,2017-01-01,2.0468526,2016-01-01,289.63320764426976,284.2774072032157,"{""geodesic"":false,""type"":""Point"",""coordinates"":[-121.86369972885026,36.49643895285848]}"
10_00000000000000000050_0,39.85174519124485,301.0,0.7495863476119815,BS139,0.0,2017-01-01,2.0468526,2016-01-01,289.63320764426976,284.2774072032157,"{""geodesic"":false,""type"":""Point"",""coordinates"":[-121.86289124509456,36.49104906115377]}"
10_00000000000000000051_0,55.69216095375834,333.0,0.8188528661926373,BS140,2.0,2017-01-01,2.0468526,2016-01-01,289.63320764426976,284.2774072032157,"{""geodesic"":false,""type"":""Point"",""coordinates"":[-121.86720315845832,36.482425234426216]}"
10_00000000000000000052_0,69.37466325630108,297.0,0.7731241587772281,BS141,1.0,2017-01-01,2.0468526,2016-01-01,289.63320764426976,284.2774072032157,"{""geodesic"":false,""type"":""Point"",""coordinates"":[-121.86100478299791,36.48296422359669]}"
10_00000000000000000053_0,29.29400419606562,503.0,0.7432850687315041,BS144,0.0,2017-01-01,2.1033938,2016-01-01,290.5899305083061,283.27223447372353,"{""geodesic"":false,""type"":""Point"",""coordinates"":[-121.81761615477494,36.46841151599395]}"
10_00000000000000000054_0,98.13654062887612,722.0,0.5816108076881572,BS146,4.0,2017-01-01,2.0468526,2016-01-01,289.63320764426976,284.2774072032157,"{""geodesic"":false,""type"":""Point"",""coordinates"":[-121.87313203933351,36.46302162428923]}"
10_00000000000000000055_0,87.1838830397802,435.0,0.7506104461969848,BS147,2.0,2017-01-01,2.0468526,2016-01-01,289.63320764426976,284.2774072032157,"{""geodesic"":false,""type"":""Point"",""coordinates"":[-121.88687626318055,36.47083696726107]}"
10_00000000000000000056_0,67.76737072539797,880.0,0.7106973416000296,BS148,3.0,2017-01-01,2.0468526,2016-01-01,289.63320764426976,284.2774072032157,"{""geodesic"":false,""type"":""Point"",""coordinates"":[-121.87124557723686,36.453050324635505]}"
10_00000000000000000057_0,90.86261639840342,767.0,0.602067159772205,BS149,4.0,2017-01-01,2.0468526,2016-01-01,289.63320764426976,284.2774072032157,"{""geodesic"":false,""type"":""Point"",""coordinates"":[-121.87690496352683,36.45251133546503]}"
10_00000000000000000059_0,69.59969911790209,513.0,0.8010256830426243,BS151,2.0,2017-01-01,2.0468526,2016-01-01,289.63320764426976,284.2774072032157,"{""geodesic"":false,""type"":""Point"",""coordinates"":[-121.85130297792941,36.46248263511876]}"
10_0000000000000000005a_0,82.60788076029921,436.0,0.8196293108137606,BS152,2.0,2017-01-01,2.0468526,2016-01-01,289.63320764426976,284.2774072032157,"{""geodesic"":false,""type"":""Point"",""coordinates"":[-121.85184196709989,36.46706404306777]}"
10_0000000000000000005b_0,53.31926335651098,440.0,0.7678649920239373,BS156,2.0,2017-01-01,3.327423,2016-01-01,289.8489450756969,283.866532330956,"{""geodesic"":false,""type"":""Point"",""coordinates"":[-121.80306344717219,36.30725375402291]}"
10_0000000000000000005c_0,96.11345029590684,369.0,0.6716521317967873,BS157,2.0,2017-01-01,3.327423,2016-01-01,289.8489450756969,283.866532330956,"{""geodesic"":false,""type"":""Point"",""coordinates"":[-121.80737536053597,36.30375032441484]}"
10_0000000000000000005d_0,30.915090536585378,649.0,0.7051518762020802,BS158,2.0,2017-01-01,2.8998387,2016-01-01,290.0115808789196,283.0280516577549,"{""geodesic"":false,""type"":""Point"",""coordinates"":[-121.8143822197521,36.35118137141635]}"
10_0000000000000000005e_0,57.11547467008348,294.0,0.7619017525421223,BS159,2.0,2017-01-01,3.327423,2016-01-01,289.8489450756969,283.866532330956,"{""geodesic"":false,""type"":""Point"",""coordinates"":[-121.80225496341649,36.34067108259215]}"
10_0000000000000000005f_0,37.91040135135256,409.0,0.752374322854748,BS160,2.0,2017-01-01,3.1620567,2016-01-01,289.8489450756969,283.866532330956,"{""geodesic"":false,""type"":""Point"",""coordinates"":[-121.79821254463795,36.32935231001225]}"
10_00000000000000000060_0,33.25696831888338,1125.0,0.5494800783167956,BS161,2.0,2017-01-01,2.7008057,2016-01-01,290.27774239628695,282.7503809277477,"{""geodesic"":false,""type"":""Point"",""coordinates"":[-121.71305225570342,36.3350116963022]}"
10_00000000000000000061_0,98.2300357150779,1102.0,0.5792881018446998,BS162,3.0,2017-01-01,2.7008057,2016-01-01,290.27774239628695,282.7503809277477,"{""geodesic"":false,""type"":""Point"",""coordinates"":[-121.71601669614101,36.34013209342169]}"
10_00000000000000000062_0,50.15491843735624,1175.0,0.4504412507603069,BS163,3.0,2017-01-01,2.7008057,2016-01-01,290.27774239628695,282.7503809277477,"{""geodesic"":false,""type"":""Point"",""coordinates"":[-121.71952012574909,36.3455219851264]}"
10_00000000000000000063_0,33.21334161443676,327.0,0.8000594516734975,BS165,2.0,2017-01-01,3.1620567,2016-01-01,289.8489450756969,283.866532330956,"{""geodesic"":false,""type"":""Point"",""coordinates"":[-121.79201416917752,36.32584888040418]}"
10_00000000000000000064_0,74.60166739173411,373.0,0.7351103391765065,BS166,2.0,2017-01-01,3.1620567,2016-01-01,289.8489450756969,283.866532330956,"{""geodesic"":false,""type"":""Point"",""coordinates"":[-121.79228366376276,36.32935231001225]}"
10_00000000000000000065_0,73.93261976217681,437.0,0.7234039665897035,BS167,3.0,2017-01-01,3.1620567,2016-01-01,289.8489450756969,283.866532330956,"{""geodesic"":false,""type"":""Point"",""coordinates"":[-121.79066669625135,36.320997977869936]}"
10_00000000000000000066_0,88.0527561424072,346.0,0.7509329901657004,BS168,2.0,2017-01-01,3.1620567,2016-01-01,289.8489450756969,283.866532330956,"{""geodesic"":false,""type"":""Point"",""coordinates"":[-121.78446832079092,36.32477090206324]}"
10_00000000000000000067_0,37.55765939880613,1111.0,0.4190174897040624,BS172,2.0,2017-01-01,2.3114507,2016-01-01,290.84118473073823,281.26035358866704,"{""geodesic"":false,""type"":""Point"",""coordinates"":[-121.7429661546646,36.361961154825785]}"
10_00000000000000000068_0,37.90425607647677,522.0,0.6324491905987926,BS175,2.0,2017-01-01,3.327423,2016-01-01,289.8489450756969,283.866532330956,"{""geodesic"":false,""type"":""Point"",""coordinates"":[-121.80117698507554,36.314799602409515]}"
10_00000000000000000069_0,30.759527055749285,533.0,0.7358602737305763,BS176,2.0,2017-01-01,3.1620567,2016-01-01,289.8489450756969,283.866532330956,"{""geodesic"":false,""type"":""Point"",""coordinates"":[-121.79147518000705,36.30967920529003]}"
10_0000000000000000006a_0,76.15226176075343,577.0,0.7699718523522051,BS177,2.0,2017-01-01,3.1620567,2016-01-01,289.8489450756969,283.866532330956,"{""geodesic"":false,""type"":""Point"",""coordinates"":[-121.79012770708087,36.30698425943768]}"
10_0000000000000000006b_0,71.26044271574413,231.0,0.7768363040510984,BS186,0.0,2017-01-01,3.7219086,2016-01-01,289.8489450756969,283.866532330956,"{""geodesic"":false,""type"":""Point"",""coordinates"":[-121.82731795984343,36.268985522919415]}"
10_0000000000000000006c_0,48.310807549742044,123.0,0.7420552545762963,BS187,0.0,2017-01-01,3.7219086,2016-01-01,289.8489450756969,283.866532330956,"{""geodesic"":false,""type"":""Point"",""coordinates"":[-121.82731795984343,36.28111277925503]}"
10_0000000000000000006d_0,32.50394893296139,275.0,0.8259324108190061,BS188,0.0,2017-01-01,3.7219086,2016-01-01,289.8489450756969,283.866532330956,"{""geodesic"":false,""type"":""Point"",""coordinates"":[-121.82300604647965,36.26413462038517]}"
10_0000000000000000006e_0,62.544590772346595,109.0,0.7715956357136626,BS190,0.0,2017-01-01,3.7219086,2016-01-01,289.8489450756969,283.866532330956,"{""geodesic"":false,""type"":""Point"",""coordinates"":[-121.83297734613338,36.285963681789276]}"
10_0000000000000000006f_0,64.77914241220212,422.0,0.7566415267988174,BS193,2.0,2017-01-01,3.7219086,2016-01-01,289.8489450756969,283.866532330956,"{""geodesic"":false,""type"":""Point"",""coordinates"":[-121.82839593818437,36.2988994218806]}"
10_00000000000000000070_0,84.54101697892487,437.0,0.6932006173969467,BS194,2.0,2017-01-01,3.7219086,2016-01-01,289.8489450756969,283.866532330956,"{""geodesic"":false,""type"":""Point"",""coordinates"":[-121.82408402482059,36.29674346519871]}"
10_00000000000000000071_0,98.1863221739062,590.0,0.5124202152141427,BS195,2.0,2017-01-01,3.7219086,2016-01-01,289.8489450756969,283.866532330956,"{""geodesic"":false,""type"":""Point"",""coordinates"":[-121.81249575765546,36.2951264976873]}"
10_00000000000000000072_0,100.37828619778597,661.0,0.6011271351930102,BS196,2.0,2017-01-01,3.7219086,2016-01-01,289.8489450756969,283.866532330956,"{""geodesic"":false,""type"":""Point"",""coordinates"":[-121.80926182263262,36.29135357349399]}"
10_00000000000000000073_0,58.03902851265914,790.0,0.5470179358321309,BS201,4.0,2017-01-01,2.8998387,2016-01-01,290.0115808789196,283.0280516577549,"{""geodesic"":false,""type"":""Point"",""coordinates"":[-121.82650947608772,36.353606822683474]}"
10_00000000000000000074_0,48.162425881979196,787.0,0.5346041370500819,BS202,1.0,2017-01-01,2.8998387,2016-01-01,290.0115808789196,283.0280516577549,"{""geodesic"":false,""type"":""Point"",""coordinates"":[-121.83567229198573,36.35333732809824]}"
10_00000000000000000075_0,57.2176487088311,795.0,0.7581134016321637,BS203,1.0,2017-01-01,2.8998387,2016-01-01,290.0115808789196,283.0280516577549,"{""geodesic"":false,""type"":""Point"",""coordinates"":[-121.83675027032668,36.35791873604725]}"
10_00000000000000000076_0,45.37335155146615,794.0,0.798139901998871,BS204,2.0,2017-01-01,2.8998387,2016-01-01,290.0115808789196,283.0280516577549,"{""geodesic"":false,""type"":""Point"",""coordinates"":[-121.84240965661662,36.358188230632486]}"
10_00000000000000000077_0,29.858955012717555,98.0,0.7826864543159048,BS205,0.0,2017-01-01,3.7219086,2016-01-01,289.8489450756969,283.866532330956,"{""geodesic"":false,""type"":""Point"",""coordinates"":[-121.81195676848498,36.27006350126036]}"
10_00000000000000000078_0,84.73078239249308,335.0,0.6723525951171855,BS207,0.0,2017-01-01,3.7219086,2016-01-01,289.8489450756969,283.866532330956,"{""geodesic"":false,""type"":""Point"",""coordinates"":[-121.80252445800173,36.25712776116904]}"
10_00000000000000000080_0,99.76188462730096,375.0,0.6598584331587624,BS223,2.0,2017-01-01,3.2296495,2016-01-01,290.27774239628695,282.7503809277477,"{""geodesic"":false,""type"":""Point"",""coordinates"":[-121.74916453012503,36.250390396538144]}"
10_00000000000000000081_0,80.17385424073913,457.0,0.7228887878050404,BS224,2.0,2017-01-01,3.2296495,2016-01-01,290.27774239628695,282.7503809277477,"{""geodesic"":false,""type"":""Point"",""coordinates"":[-121.73973221964177,36.25389382614621]}"
10_00000000000000000082_0,85.92959362301659,497.0,0.7297007511236835,BS226,2.0,2017-01-01,3.4145074,2016-01-01,290.5700571862726,284.27463464789054,"{""geodesic"":false,""type"":""Point"",""coordinates"":[-121.73595929544847,36.24958191278244]}"
10_00000000000000000083_0,89.05069152631046,517.0,0.6819672164263395,BS228,2.0,2017-01-01,3.4145074,2016-01-01,290.5700571862726,284.27463464789054,"{""geodesic"":false,""type"":""Point"",""coordinates"":[-121.72733546872092,36.24580898858913]}"
10_00000000000000000084_0,96.86511603722232,742.0,0.6304175814997284,BS229,2.0,2017-01-01,3.4145074,2016-01-01,290.5700571862726,284.27463464789054,"{""geodesic"":false,""type"":""Point"",""coordinates"":[-121.7286829416471,36.23637667810588]}"
10_00000000000000000085_0,57.29897301041015,563.0,0.6900094737335292,BS230,2.0,2017-01-01,3.4145074,2016-01-01,290.5700571862726,284.27463464789054,"{""geodesic"":false,""type"":""Point"",""coordinates"":[-121.72059810409003,36.24149707522536]}"
10_00000000000000000086_0,112.4807961012537,723.0,0.5592729919685149,BS232,2.0,2017-01-01,3.4145074,2016-01-01,290.5700571862726,284.27463464789054,"{""geodesic"":false,""type"":""Point"",""coordinates"":[-121.74620008968743,36.23961061312871]}"
10_00000000000000000087_0,84.04424434784221,709.0,0.6787378346979612,BS233,0.0,2017-01-01,3.4145074,2016-01-01,290.5700571862726,284.27463464789054,"{""geodesic"":false,""type"":""Point"",""coordinates"":[-121.74512211134649,36.2312562809864]}"
10_0000000000000000008b_0,92.68472430940965,325.0,0.7257291800076611,BS240,2.0,2017-01-01,3.4145074,2016-01-01,290.5700571862726,284.27463464789054,"{""geodesic"":false,""type"":""Point"",""coordinates"":[-121.71844214740814,36.24796494527102]}"
10_0000000000000000008c_0,81.73400125775434,376.0,0.7132177168077392,BS241,2.0,2017-01-01,3.4145074,2016-01-01,290.5700571862726,284.27463464789054,"{""geodesic"":false,""type"":""Point"",""coordinates"":[-121.71332175028866,36.24607848317437]}"
10_0000000000000000008d_0,45.210439656024555,442.0,0.8304004624684065,BS242,2.0,2017-01-01,3.4145074,2016-01-01,290.5700571862726,284.27463464789054,"{""geodesic"":false,""type"":""Point"",""coordinates"":[-121.70173348312352,36.24715646151531]}"
10_0000000000000000008e_0,94.20435947880826,451.0,0.7269246829144526,BS243,2.0,2017-01-01,3.0302339,2016-01-01,290.5700571862726,284.27463464789054,"{""geodesic"":false,""type"":""Point"",""coordinates"":[-121.6941876347369,36.248503934441494]}"
10_0000000000000000008f_0,48.570615604198316,394.0,0.742505589181638,BS244,2.0,2017-01-01,2.755576,2016-01-01,290.27774239628695,282.7503809277477,"{""geodesic"":false,""type"":""Point"",""coordinates"":[-121.68771976469125,36.25200736404956]}"
10_00000000000000000090_0,117.36535160665342,459.0,0.6196388404019167,BS245,2.0,2017-01-01,3.0302339,2016-01-01,290.5700571862726,284.27463464789054,"{""geodesic"":false,""type"":""Point"",""coordinates"":[-121.68125189464558,36.2493124181972]}"
10_00000000000000000091_0,51.23282797669105,528.0,0.6048097538940601,BS246,1.0,2017-01-01,2.755576,2016-01-01,290.27774239628695,282.7503809277477,"{""geodesic"":false,""type"":""Point"",""coordinates"":[-121.67720947586704,36.250390396538144]}"
10_00000000000000000092_0,28.264293255490983,604.0,0.7521688734400405,BS247,2.0,2017-01-01,2.755576,2016-01-01,290.27774239628695,282.7503809277477,"{""geodesic"":false,""type"":""Point"",""coordinates"":[-121.67074160582139,36.2560497828281]}"
10_00000000000000000093_0,74.72722317362461,692.0,0.5978683395121742,BS248,2.0,2017-01-01,3.0302339,2016-01-01,290.5700571862726,284.27463464789054,"{""geodesic"":false,""type"":""Point"",""coordinates"":[-121.65942283324148,36.248503934441494]}"
10_00000000000000000094_0,29.371298156696056,580.0,0.7716093416935436,BS249,2.0,2017-01-01,3.0302339,2016-01-01,290.5700571862726,284.27463464789054,"{""geodesic"":false,""type"":""Point"",""coordinates"":[-121.65349395236629,36.248503934441494]}"
10_00000000000000000095_0,21.937304704376537,827.0,0.7597712585221637,BS251,2.0,2017-01-01,3.4145074,2016-01-01,290.5700571862726,284.27463464789054,"{""geodesic"":false,""type"":""Point"",""coordinates"":[-121.73191687666993,36.23044779723069]}"
10_00000000000000000096_0,54.364471417509094,888.0,0.6746638234406351,BS253,3.0,2017-01-01,3.4145074,2016-01-01,290.5700571862726,284.27463464789054,"{""geodesic"":false,""type"":""Point"",""coordinates"":[-121.71763366365244,36.22020700299173]}"
10_00000000000000000097_0,64.5786045020203,901.0,0.7297657387106686,BS254,3.0,2017-01-01,3.4145074,2016-01-01,290.5700571862726,284.27463464789054,"{""geodesic"":false,""type"":""Point"",""coordinates"":[-121.71170478277725,36.219937508406495]}"
10_00000000000000000098_0,87.8885812564209,1127.0,0.5911488977475143,BS257,3.0,2017-01-01,3.0302339,2016-01-01,290.5700571862726,284.27463464789054,"{""geodesic"":false,""type"":""Point"",""coordinates"":[-121.67936543254893,36.20969671416753]}"
10_00000000000000000099_0,38.74137146626962,122.0,0.7071839413865035,BS259,0.0,2017-01-01,3.584361,2016-01-01,289.8489450756969,283.866532330956,"{""geodesic"":false,""type"":""Point"",""coordinates"":[-121.79875153380843,36.26629057706706]}"
10_0000000000000000009a_0,52.84756271590109,256.0,0.7660536334036552,BS260,0.0,2017-01-01,3.7219086,2016-01-01,289.8489450756969,283.866532330956,"{""geodesic"":false,""type"":""Point"",""coordinates"":[-121.80521940385408,36.260900685362344]}"
10_0000000000000000009b_0,55.08660633216914,539.0,0.6817933893915061,BS262,2.0,2017-01-01,3.4145074,2016-01-01,290.5700571862726,284.27463464789054,"{""geodesic"":false,""type"":""Point"",""coordinates"":[-121.71978962033431,36.23718516186159]}"
10_0000000000000000009c_0,39.66857794403636,209.0,0.7609028879320944,BS265,0.0,2017-01-01,3.7219086,2016-01-01,289.8489450756969,283.866532330956,"{""geodesic"":false,""type"":""Point"",""coordinates"":[-121.81707716560446,36.25012090195291]}"
10_0000000000000000009e_0,21.399369370397732,854.0,0.5888334334488362,BS271,0.0,2017-01-01,3.4145074,2016-01-01,290.5700571862726,284.27463464789054,"{""geodesic"":false,""type"":""Point"",""coordinates"":[-121.71224377194771,36.213200143775595]}"
10_0000000000000000009f_0,48.24910870330245,635.0,0.6440234023412359,BS272,0.0,2017-01-01,3.4145074,2016-01-01,290.5700571862726,284.27463464789054,"{""geodesic"":false,""type"":""Point"",""coordinates"":[-121.7001165156121,36.20134238202522]}"
10_000000000000000000a0_0,20.934219535172105,765.0,0.761612119057541,BS273,0.0,2017-01-01,3.0302339,2016-01-01,290.5700571862726,284.27463464789054,"{""geodesic"":false,""type"":""Point"",""coordinates"":[-121.69472662390739,36.205384800803756]}"
10_000000000000000000a1_0,28.575282975558206,1154.0,0.6412306155646508,BS274,2.0,2017-01-01,3.2112763,2016-01-01,290.5700571862726,284.27463464789054,"{""geodesic"":false,""type"":""Point"",""coordinates"":[-121.65645839280388,36.18975411486008]}"
10_000000000000000000a2_0,71.93270251413529,385.0,0.8174038795797345,BS276,0.0,2017-01-01,3.2112763,2016-01-01,290.5700571862726,284.27463464789054,"{""geodesic"":false,""type"":""Point"",""coordinates"":[-121.68610279717983,36.180321804376824]}"
10_000000000000000000a3_0,61.1997914367048,271.0,0.7955381189954985,BS277,0.0,2017-01-01,3.2112763,2016-01-01,290.5700571862726,284.27463464789054,"{""geodesic"":false,""type"":""Point"",""coordinates"":[-121.66616019787239,36.16630808594456]}"
10_000000000000000000a8_0,44.583425544808115,617.0,0.7984710459843236,BS283,0.0,2017-01-01,3.2112763,2016-01-01,290.5700571862726,284.27463464789054,"{""geodesic"":false,""type"":""Point"",""coordinates"":[-121.68044341088988,36.180052309791584]}"
10_000000000000000000a9_0,83.58062498393383,987.0,0.6897379553221229,BS287,0.0,2017-01-01,2.8299792,2016-01-01,290.8682536557724,283.18934356189163,"{""geodesic"":false,""type"":""Point"",""coordinates"":[-121.61010532414332,36.15013841083041]}"
10_000000000000000000aa_0,62.646160220046816,400.0,0.7276578428117362,BS292,0.0,2017-01-01,2.0468526,2016-01-01,289.63320764426976,284.2774072032157,"{""geodesic"":false,""type"":""Point"",""coordinates"":[-121.85157247251465,36.48916259905711]}"
10_000000000000000000ab_0,46.015862647366,307.0,0.8299785838138091,BS293,0.0,2017-01-01,2.0468526,2016-01-01,289.63320764426976,284.2774072032157,"{""geodesic"":false,""type"":""Point"",""coordinates"":[-121.8534589346113,36.47919129940339]}"
10_000000000000000000ac_0,77.53030794389709,489.0,0.6648634690794835,BS294,2.0,2017-01-01,2.0468526,2016-01-01,289.63320764426976,284.2774072032157,"{""geodesic"":false,""type"":""Point"",""coordinates"":[-121.8572318588046,36.46059617302211]}"
10_000000000000000000ad_0,85.19519840687597,205.0,0.7579440940587102,BS295,0.0,2017-01-01,1.9539181,2016-01-01,292.2695651028326,284.3502702556673,"{""geodesic"":false,""type"":""Point"",""coordinates"":[-121.49098871746908,35.99464003514932]}"
10_000000000000000000ae_0,36.10034286697142,616.0,0.7682716500541723,BS296,0.0,2017-01-01,1.9747779,2016-01-01,292.2695651028326,284.3502702556673,"{""geodesic"":false,""type"":""Point"",""coordinates"":[-121.47077662357638,36.00299436729163]}"
10_000000000000000000af_0,24.572917334339383,626.0,0.7947810544365085,BS297,0.0,2017-01-01,1.9747779,2016-01-01,292.2695651028326,284.3502702556673,"{""geodesic"":false,""type"":""Point"",""coordinates"":[-121.45622391597365,36.00110790519498]}"
10_000000000000000000b0_0,85.8262207902785,223.0,0.7659471440771429,BS299,0.0,2017-01-01,1.9539181,2016-01-01,292.2695651028326,284.3502702556673,"{""geodesic"":false,""type"":""Point"",""coordinates"":[-121.47454954776968,35.99140610012648]}"
10_000000000000000000b1_0,67.1047280540302,530.0,0.7288352101755354,BS301,0.0,2017-01-01,1.9539181,2016-01-01,292.2695651028326,284.3502702556673,"{""geodesic"":false,""type"":""Point"",""coordinates"":[-121.46969864523544,35.98682469217748]}"
10_000000000000000000b2_0,68.8227553310108,675.0,0.7703641827908752,BS303,0.0,2017-01-01,1.9539181,2016-01-01,292.2695651028326,284.3502702556673,"{""geodesic"":false,""type"":""Point"",""coordinates"":[-121.46592572104214,35.981704295057995]}"
10_000000000000000000b3_0,51.0276331528893,861.0,0.7787905301710083,BS304,0.0,2017-01-01,1.9539181,2016-01-01,292.2695651028326,284.3502702556673,"{""geodesic"":false,""type"":""Point"",""coordinates"":[-121.454337453877,35.97604490876804]}"
10_000000000000000000b4_0,46.29030972635354,918.0,0.6893142240555999,BS306,0.0,2017-01-01,1.889297,2016-01-01,293.190814492481,283.83492516689614,"{""geodesic"":false,""type"":""Point"",""coordinates"":[-121.43412535998431,35.98224328422847]}"
10_000000000000000000b5_0,44.0735392526388,639.0,0.7694461929146996,BS309,0.0,2017-01-01,1.9539181,2016-01-01,292.2695651028326,284.3502702556673,"{""geodesic"":false,""type"":""Point"",""coordinates"":[-121.45110351885417,35.98682469217748]}"
10_000000000000000000b6_0,46.804617455588065,528.0,0.7459588882917177,BS310,0.0,2017-01-01,1.9539181,2016-01-01,292.2695651028326,284.3502702556673,"{""geodesic"":false,""type"":""Point"",""coordinates"":[-121.47401055859922,35.98143480047276]}"
10_000000000000000000b7_0,27.709540495466474,600.0,0.7340479399630079,BS312,0.0,2017-01-01,1.9539181,2016-01-01,292.2695651028326,284.3502702556673,"{""geodesic"":false,""type"":""Point"",""coordinates"":[-121.45784088348506,35.95960573906866]}"
10_000000000000000000b8_0,24.954776181955868,603.0,0.7786470165884514,BS313,0.0,2017-01-01,1.889297,2016-01-01,293.190814492481,283.83492516689614,"{""geodesic"":false,""type"":""Point"",""coordinates"":[-121.43547283291049,35.952868374437756]}"
10_000000000000000000b9_0,69.39947726005876,819.0,0.7616894454944689,BS315,0.0,2017-01-01,1.8512934,2016-01-01,293.12429054968993,285.0910680802142,"{""geodesic"":false,""type"":""Point"",""coordinates"":[-121.42819647910912,35.94316656936927]}"
10_000000000000000000ba_0,75.79678950350781,591.0,0.7444710036756286,BS316,0.0,2017-01-01,1.8512934,2016-01-01,293.12429054968993,285.0910680802142,"{""geodesic"":false,""type"":""Point"",""coordinates"":[-121.43978474627426,35.940471623516906]}"
10_000000000000000000bb_0,59.20543944569266,544.0,0.7971138174631243,BS317,0.0,2017-01-01,1.8512934,2016-01-01,293.12429054968993,285.0910680802142,"{""geodesic"":false,""type"":""Point"",""coordinates"":[-121.4446356488085,35.94181909644309]}"
10_000000000000000000bc_0,68.38773950485002,1007.0,0.7677770725941108,BS320,0.0,2017-01-01,1.889297,2016-01-01,293.190814492481,283.83492516689614,"{""geodesic"":false,""type"":""Point"",""coordinates"":[-121.42280658740441,35.9501734285854]}"
10_000000000000000000bd_0,25.509514361101804,928.0,0.7551145122971192,BS321,0.0,2017-01-01,1.8512934,2016-01-01,293.12429054968993,285.0910680802142,"{""geodesic"":false,""type"":""Point"",""coordinates"":[-121.42523203867152,35.938046172249784]}"
10_000000000000000000be_0,25.34719916298117,954.0,0.7611231713096918,BS322,0.0,2017-01-01,1.8512934,2016-01-01,293.12429054968993,285.0910680802142,"{""geodesic"":false,""type"":""Point"",""coordinates"":[-121.42900496286482,35.93346476430078]}"
10_000000000000000000bf_0,60.057512731167975,816.0,0.5727933582389941,BS323,0.0,2017-01-01,1.8512934,2016-01-01,293.12429054968993,285.0910680802142,"{""geodesic"":false,""type"":""Point"",""coordinates"":[-121.43116091954671,35.923762959232285]}"
10_000000000000000000c0_0,42.71322579255298,766.0,0.6789838814899327,BS324,0.0,2017-01-01,1.8512934,2016-01-01,293.12429054968993,285.0910680802142,"{""geodesic"":false,""type"":""Point"",""coordinates"":[-121.43223889788766,35.9186425621128]}"
10_000000000000000000c1_0,39.14648492015718,730.0,0.7970282241854868,BS326,0.0,2017-01-01,1.8512934,2016-01-01,293.12429054968993,285.0910680802142,"{""geodesic"":false,""type"":""Point"",""coordinates"":[-121.43062193037625,35.913522164993324]}"
10_000000000000000000c2_0,40.47627241088002,449.0,0.8138939100235391,BS328,0.0,2017-01-01,1.9933976,2016-01-01,293.12429054968993,285.0910680802142,"{""geodesic"":false,""type"":""Point"",""coordinates"":[-121.43439485456955,35.89034563066304]}"
10_000000000000000000c3_0,40.478453508288716,602.0,0.7264539377040348,BS330,0.0,2017-01-01,1.9933976,2016-01-01,293.12429054968993,285.0910680802142,"{""geodesic"":false,""type"":""Point"",""coordinates"":[-121.4287354682796,35.88145230935026]}"
10_000000000000000000c4_0,41.790135804390935,758.0,0.7827981010828359,BS331,0.0,2017-01-01,1.9933976,2016-01-01,293.12429054968993,285.0910680802142,"{""geodesic"":false,""type"":""Point"",""coordinates"":[-121.41876416862587,35.88414725520261]}"
10_000000000000000000c5_0,61.23013856883963,835.0,0.8446051282094406,BS333,0.0,2017-01-01,1.9933976,2016-01-01,293.12429054968993,285.0910680802142,"{""geodesic"":false,""type"":""Point"",""coordinates"":[-121.40178600975601,35.88818967398115]}"
10_000000000000000000c6_0,72.19591991013478,972.0,0.8160656486710128,BS334,0.0,2017-01-01,1.8380828,2016-01-01,293.12429054968993,285.0910680802142,"{""geodesic"":false,""type"":""Point"",""coordinates"":[-121.3875027967385,35.890884619833514]}"
10_000000000000000000c7_0,56.9115058933605,935.0,0.8364214082286431,BS335,0.0,2017-01-01,1.8380828,2016-01-01,293.12429054968993,285.0910680802142,"{""geodesic"":false,""type"":""Point"",""coordinates"":[-121.3791484645962,35.89223209275969]}"
10_000000000000000000c8_0,43.84621382134707,606.0,0.7881339440383321,BS338,0.0,2017-01-01,1.8380828,2016-01-01,293.12429054968993,285.0910680802142,"{""geodesic"":false,""type"":""Point"",""coordinates"":[-121.3942401613694,35.87094202052606]}"
10_000000000000000000c9_0,37.84156147073194,503.0,0.7505501223613164,BS355,2.0,2017-01-01,3.1620567,2016-01-01,289.8489450756969,283.866532330956,"{""geodesic"":false,""type"":""Point"",""coordinates"":[-121.78824124498422,36.33393371796126]}"
10_000000000000000000ca_0,83.97530555487226,807.0,0.5698612225114036,BS358,3.0,2017-01-01,3.1620567,2016-01-01,289.8489450756969,283.866532330956,"{""geodesic"":false,""type"":""Point"",""coordinates"":[-121.78608528830233,36.3455219851264]}"
10_000000000000000000cb_0,60.98595201139802,736.0,0.7182884263499204,BS359,2.0,2017-01-01,2.6363487,2016-01-01,290.0115808789196,283.0280516577549,"{""geodesic"":false,""type"":""Point"",""coordinates"":[-121.79039720166611,36.35037288766065]}"
10_000000000000000000cc_0,56.587356114727484,936.0,0.6086492191194365,BS360,3.0,2017-01-01,2.6363487,2016-01-01,290.0115808789196,283.0280516577549,"{""geodesic"":false,""type"":""Point"",""coordinates"":[-121.79120568542182,36.355762779365364]}"
10_000000000000000000cd_0,123.6656554750556,1015.0,0.5298772936362347,BS365,3.0,2017-01-01,3.0302339,2016-01-01,290.5700571862726,284.27463464789054,"{""geodesic"":false,""type"":""Point"",""coordinates"":[-121.68610279717983,36.22290194884409]}"
10_000000000000000000ce_0,21.522184320147456,665.0,0.6824649824774711,BS372,0.0,2017-01-01,3.4145074,2016-01-01,290.5700571862726,284.27463464789054,"{""geodesic"":false,""type"":""Point"",""coordinates"":[-121.73568980086323,36.22290194884409]}"
10_000000000000000000cf_0,38.358836488380256,783.0,0.6424218586454374,BS373,0.0,2017-01-01,3.4145074,2016-01-01,290.5700571862726,284.27463464789054,"{""geodesic"":false,""type"":""Point"",""coordinates"":[-121.7362287900337,36.228022345963566]}"
10_000000000000000000d1_0,62.12609929902267,371.0,0.7911811624341963,BS378,0.0,2017-01-01,3.4145074,2016-01-01,290.5700571862726,284.27463464789054,"{""geodesic"":false,""type"":""Point"",""coordinates"":[-121.74566110051695,36.219668013821256]}"
10_000000000000000000d2_0,51.75140832884363,746.0,0.472942709908707,BS379,0.0,2017-01-01,3.4145074,2016-01-01,290.5700571862726,284.27463464789054,"{""geodesic"":false,""type"":""Point"",""coordinates"":[-121.73973221964177,36.23098678640116]}"
10_000000000000000000d8_0,57.45292488222045,371.0,0.8056013949387095,BS390,1.0,2017-01-01,3.1620567,2016-01-01,289.8489450756969,283.866532330956,"{""geodesic"":false,""type"":""Point"",""coordinates"":[-121.79470911502989,36.333394728790786]}"
10_000000000000000000dd_0,27.242567125394938,878.0,0.8094321805933933,BS399,0.0,2017-01-01,1.8512934,2016-01-01,293.12429054968993,285.0910680802142,"{""geodesic"":false,""type"":""Point"",""coordinates"":[-121.42361507116011,35.93076981844842]}"
10_000000000000000000de_0,39.01106711743522,878.0,0.7015647428924376,BS405,0.0,2017-01-01,2.0711398,2016-01-01,292.2695651028326,284.3502702556673,"{""geodesic"":false,""type"":""Point"",""coordinates"":[-121.535455324033,36.04476602800319]}"
10_000000000000000000e1_0,40.020460076058136,263.0,0.7933586745549451,BS412,0.0,2017-01-01,1.8512934,2016-01-01,293.12429054968993,285.0910680802142,"{""geodesic"":false,""type"":""Point"",""coordinates"":[-121.41849467404063,35.90408985451007]}"
10_000000000000000000e2_0,38.315324996090496,628.0,0.6752566302530182,BS413,0.0,2017-01-01,1.7409383,2016-01-01,293.7025473756217,284.99049886067706,"{""geodesic"":false,""type"":""Point"",""coordinates"":[-121.33360387969134,35.806263320069455]}"
10_000000000000000000e5_0,72.20193606905066,597.0,0.8044056784492181,BS420,0.0,2017-01-01,1.9747779,2016-01-01,292.2695651028326,284.3502702556673,"{""geodesic"":false,""type"":""Point"",""coordinates"":[-121.49071922288384,36.02374545035479]}"
10_000000000000000000e6_0,27.68701445302199,133.0,0.7940652257830229,BS423,0.0,2017-01-01,2.0711398,2016-01-01,292.2695651028326,284.3502702556673,"{""geodesic"":false,""type"":""Point"",""coordinates"":[-121.52144160560073,36.01566061279771]}"
10_000000000000000000e7_0,72.70509037482971,1336.0,0.7375504263266385,BS425,0.0,2017-01-01,2.0564508,2016-01-01,291.7400730737572,283.5483266278043,"{""geodesic"":false,""type"":""Point"",""coordinates"":[-121.49880406044092,36.05500682224215]}"
10_000000000000000000e8_0,29.902302162309528,268.0,0.7911424926577594,BS426,0.0,2017-01-01,2.0711398,2016-01-01,292.2695651028326,284.3502702556673,"{""geodesic"":false,""type"":""Point"",""coordinates"":[-121.52817897023162,36.018894547820544]}"
10_000000000000000000e9_0,86.19737322299548,531.0,0.7350151124660053,BS427,2.0,2017-01-01,2.8998387,2016-01-01,290.0115808789196,283.0280516577549,"{""geodesic"":false,""type"":""Point"",""coordinates"":[-121.83459431364479,36.37193245447951]}"
10_000000000000000000ea_0,76.60432252702263,379.0,0.7364659784340208,BS429,2.0,2017-01-01,2.0468526,2016-01-01,289.63320764426976,284.2774072032157,"{""geodesic"":false,""type"":""Point"",""coordinates"":[-121.85184196709989,36.47245393477249]}"
10_000000000000000000eb_0,74.83481527562832,524.0,0.7576741032399329,BS430,0.0,2017-01-01,2.1033938,2016-01-01,290.5899305083061,283.27223447372353,"{""geodesic"":false,""type"":""Point"",""coordinates"":[-121.81087879014403,36.46625555931207]}"
10_000000000000000000ec_0,55.209093980291954,808.0,0.7860276893096305,BS431,2.0,2017-01-01,2.0468526,2016-01-01,289.63320764426976,284.2774072032157,"{""geodesic"":false,""type"":""Point"",""coordinates"":[-121.86100478299791,36.45008588419791]}"
10_000000000000000000ed_0,35.026719310707385,385.0,0.7754579610679244,BS433,2.0,2017-01-01,3.327423,2016-01-01,289.8489450756969,283.866532330956,"{""geodesic"":false,""type"":""Point"",""coordinates"":[-121.80737536053597,36.347677941808286]}"
10_000000000000000000ee_0,64.60578100978749,875.0,0.6923923715682054,BS434,3.0,2017-01-01,2.0468526,2016-01-01,289.63320764426976,284.2774072032157,"{""geodesic"":false,""type"":""Point"",""coordinates"":[-121.85103348334418,36.45089436795362]}"
10_000000000000000000ef_0,43.293409275546374,1045.0,0.4479378043161864,BS436,2.0,2017-01-01,2.7008057,2016-01-01,290.27774239628695,282.7503809277477,"{""geodesic"":false,""type"":""Point"",""coordinates"":[-121.72140658784573,36.3417490609331]}"
10_000000000000000000f0_0,60.20429196908642,367.0,0.7382948046801594,BS438,1.0,2017-01-01,3.327423,2016-01-01,289.8489450756969,283.866532330956,"{""geodesic"":false,""type"":""Point"",""coordinates"":[-121.80872283346216,36.34228805010357]}"
10_000000000000000000f1_0,26.501265905119897,109.0,0.7757210217164725,BS457,0.0,2017-01-01,3.2112763,2016-01-01,290.5700571862726,284.27463464789054,"{""geodesic"":false,""type"":""Point"",""coordinates"":[-121.6925706672255,36.17870483686541]}"
10_000000000000000000f4_0,23.50860412871702,438.0,0.7164101035303699,BS468,0.0,2017-01-01,2.1033938,2016-01-01,290.5899305083061,283.27223447372353,"{""geodesic"":false,""type"":""Point"",""coordinates"":[-121.8467215699804,36.48512018027858]}"
10_000000000000000000f5_0,68.16081006045981,579.0,0.7746854367779811,BS469,2.0,2017-01-01,2.0468526,2016-01-01,289.63320764426976,284.2774072032157,"{""geodesic"":false,""type"":""Point"",""coordinates"":[-121.85830983714554,36.45574527048787]}"
10_000000000000000000f6_0,69.90591781919828,737.0,0.7595555672934975,BS470,1.0,2017-01-01,2.0468526,2016-01-01,289.63320764426976,284.2774072032157,"{""geodesic"":false,""type"":""Point"",""coordinates"":[-121.85291994544083,36.45628425965834]}"
10_000000000000000000f7_0,77.52582379864099,290.0,0.7417855253872144,BS474,0.0,2017-01-01,1.9539181,2016-01-01,292.2695651028326,284.3502702556673,"{""geodesic"":false,""type"":""Point"",""coordinates"":[-121.46727319396832,35.990328121785545]}"
10_000000000000000000f8_0,93.25277663570371,972.0,0.6599718793988681,BS478,0.0,2017-01-01,1.889297,2016-01-01,293.190814492481,283.83492516689614,"{""geodesic"":false,""type"":""Point"",""coordinates"":[-121.4333168762286,35.99437054056408]}"
10_000000000000000000f9_0,33.054705719068465,507.0,0.730313641308741,BS486,0.0,2017-01-01,1.9539181,2016-01-01,292.2695651028326,284.3502702556673,"{""geodesic"":false,""type"":""Point"",""coordinates"":[-121.46835117230926,35.95367685819347]}"
10_000000000000000000fb_0,59.28654830010051,836.0,0.7951909573268403,BS499,0.0,2017-01-01,1.9933976,2016-01-01,293.12429054968993,285.0910680802142,"{""geodesic"":false,""type"":""Point"",""coordinates"":[-121.4077148906312,35.88738119022545]}"
10_000000000000000000fc_0,20.980990394407733,677.0,0.7917759818404546,BS504,0.0,2017-01-01,1.8380828,2016-01-01,293.12429054968993,285.0910680802142,"{""geodesic"":false,""type"":""Point"",""coordinates"":[-121.38911976424993,35.874175955548885]}"
10_000000000000000000fe_0,50.19795105546481,706.0,0.7595089408823804,BS518,3.0,2017-01-01,2.8998387,2016-01-01,290.0115808789196,283.0280516577549,"{""geodesic"":false,""type"":""Point"",""coordinates"":[-121.83109088403673,36.38432920540036]}"
10_000000000000000000ff_0,118.85213891290654,538.0,0.57704931891094,BS519,3.0,2017-01-01,2.8998387,2016-01-01,290.0115808789196,283.0280516577549,"{""geodesic"":false,""type"":""Point"",""coordinates"":[-121.83944521617903,36.38352072164466]}"
10_00000000000000000101_0,28.658908630790993,581.0,0.8018732107184051,BS521,0.0,2017-01-01,3.2112763,2016-01-01,290.5700571862726,284.27463464789054,"{""geodesic"":false,""type"":""Point"",""coordinates"":[-121.69526561307785,36.19837794158762]}"
10_00000000000000000102_0,36.60177871463907,562.0,0.7749149254638286,BS600,2.0,2017-01-01,2.8998387,2016-01-01,290.0115808789196,283.0280516577549,"{""geodesic"":false,""type"":""Point"",""coordinates"":[-121.8219280681387,36.3598051981439]}"
10_00000000000000000103_0,81.4797451430671,638.0,0.7028845346476115,BS601,2.0,2017-01-01,2.8998387,2016-01-01,290.0115808789196,283.0280516577549,"{""geodesic"":false,""type"":""Point"",""coordinates"":[-121.83324684071862,36.35926620897343]}"
10_00000000000000000104_0,45.640888656616035,518.0,0.7525027838423609,BS603,2.0,2017-01-01,2.8998387,2016-01-01,290.0115808789196,283.0280516577549,"{""geodesic"":false,""type"":""Point"",""coordinates"":[-121.84079268910521,36.366273068189564]}"
10_00000000000000000105_0,58.53114026416176,565.0,0.7508570084501175,BS604,2.0,2017-01-01,2.8998387,2016-01-01,290.0115808789196,283.0280516577549,"{""geodesic"":false,""type"":""Point"",""coordinates"":[-121.84887752666229,36.367890035700974]}"
10_00000000000000000107_0,23.555133529181436,1022.0,0.7355322911379115,BS607,1.0,2017-01-01,2.4910944,2016-01-01,290.8682536557724,283.18934356189163,"{""geodesic"":false,""type"":""Point"",""coordinates"":[-121.59151019776205,36.15013841083041]}"
10_00000000000000000108_0,82.05468960036919,257.0,0.7277543005346448,BS610,0.0,2017-01-01,3.2112763,2016-01-01,290.5700571862726,284.27463464789054,"{""geodesic"":false,""type"":""Point"",""coordinates"":[-121.66292626284955,36.16253516175126]}"
10_00000000000000000109_0,61.848939687081156,417.0,0.7770090581411843,BS611,0.0,2017-01-01,3.2112763,2016-01-01,290.5700571862726,284.27463464789054,"{""geodesic"":false,""type"":""Point"",""coordinates"":[-121.66454323036096,36.17304545057545]}"
10_0000000000000000010a_0,21.412910606989744,455.0,0.783316828046687,BS612,0.0,2017-01-01,3.2112763,2016-01-01,290.5700571862726,284.27463464789054,"{""geodesic"":false,""type"":""Point"",""coordinates"":[-121.66993312206569,36.17277595599022]}"
10_0000000000000000010b_0,40.486748223906744,318.0,0.7717508032510731,BS613,0.0,2017-01-01,3.2112763,2016-01-01,290.5700571862726,284.27463464789054,"{""geodesic"":false,""type"":""Point"",""coordinates"":[-121.6693941328952,36.165769096774085]}"
10_0000000000000000010c_0,47.72654037710597,320.0,0.8067042759094719,BS620,0.0,2017-01-01,3.2112763,2016-01-01,290.5700571862726,284.27463464789054,"{""geodesic"":false,""type"":""Point"",""coordinates"":[-121.6933791509812,36.184364223155356]}"
10_0000000000000000010d_0,87.54024685201895,262.0,0.7557142870346631,BS621,0.0,2017-01-01,3.4145074,2016-01-01,290.5700571862726,284.27463464789054,"{""geodesic"":false,""type"":""Point"",""coordinates"":[-121.74862554095455,36.21805104630984]}"
10_00000000000000000113_0,33.85846307716113,151.0,0.7978427676299916,BS627,0.0,2017-01-01,3.7219086,2016-01-01,289.8489450756969,283.866532330956,"{""geodesic"":false,""type"":""Point"",""coordinates"":[-121.80279395258697,36.27087198501607]}"
10_00000000000000000114_0,50.47721832636761,97.0,0.736781642403011,BS628,0.0,2017-01-01,3.7219086,2016-01-01,289.8489450756969,283.866532330956,"{""geodesic"":false,""type"":""Point"",""coordinates"":[-121.80629738219503,36.269255017504655]}"
10_00000000000000000115_0,39.32232671608984,405.0,0.7897278624770512,BS629,0.0,2017-01-01,3.2112763,2016-01-01,290.5700571862726,284.27463464789054,"{""geodesic"":false,""type"":""Point"",""coordinates"":[-121.69526561307785,36.18813714734866]}"
10_00000000000000000116_0,48.005023107247695,552.0,0.7837977268162318,BS632,2.0,2017-01-01,3.327423,2016-01-01,289.8489450756969,283.866532330956,"{""geodesic"":false,""type"":""Point"",""coordinates"":[-121.80036850131984,36.325040396648475]}"
10_00000000000000000117_0,58.05637287489619,639.0,0.7397622748250914,BS633,2.0,2017-01-01,3.327423,2016-01-01,289.8489450756969,283.866532330956,"{""geodesic"":false,""type"":""Point"",""coordinates"":[-121.80063799590508,36.32261494538135]}"
11_00000000000000000000_0,51.80026036786632,381.0,0.8428236339517363,BS002,0.0,2018-01-01,2.6817746,2017-01-01,293.5718015905929,285.4406790119328,"{""geodesic"":false,""type"":""Point"",""coordinates"":[-121.3875027967385,35.85611981833809]}"
11_00000000000000000001_0,57.23631719780957,405.0,0.8011282991992026,BS003,0.0,2018-01-01,2.6817746,2017-01-01,293.5718015905929,285.4406790119328,"{""geodesic"":false,""type"":""Point"",""coordinates"":[-121.39208420468752,35.85072992663337]}"
11_00000000000000000002_0,38.58108074620802,790.0,0.8292400304321876,BS004,0.0,2018-01-01,2.6817746,2017-01-01,293.5718015905929,285.4406790119328,"{""geodesic"":false,""type"":""Point"",""coordinates"":[-121.36675171367534,35.85854526960521]}"
11_00000000000000000003_0,45.98967695053601,851.0,0.8204877905842913,BS005,0.0,2018-01-01,2.6817746,2017-01-01,293.5718015905929,285.4406790119328,"{""geodesic"":false,""type"":""Point"",""coordinates"":[-121.36028384362969,35.85881476419044]}"
11_00000000000000000004_0,36.65680583896332,820.0,0.8417365257304256,BS006,0.0,2018-01-01,2.6817746,2017-01-01,293.5718015905929,285.4406790119328,"{""geodesic"":false,""type"":""Point"",""coordinates"":[-121.35381597358402,35.86043173170186]}"
11_00000000000000000005_0,21.260445264653992,883.0,0.7647775592133239,BS007,0.0,2018-01-01,2.5717008,2017-01-01,294.62778349575933,284.41871049436804,"{""geodesic"":false,""type"":""Point"",""coordinates"":[-121.33926326598129,35.857736785849504]}"
11_00000000000000000006_0,13.477339276711913,509.0,0.6103624177870284,BS011,0.0,2018-01-01,2.629478,2017-01-01,293.8410429236007,285.73707221044253,"{""geodesic"":false,""type"":""Point"",""coordinates"":[-121.37133312162436,35.8291703598145]}"
11_00000000000000000007_0,33.79200758288792,359.0,0.8020229482516771,BS012,0.0,2018-01-01,2.629478,2017-01-01,293.8410429236007,285.73707221044253,"{""geodesic"":false,""type"":""Point"",""coordinates"":[-121.37160261620959,35.82324147893931]}"
11_00000000000000000008_0,71.53899995801423,351.0,0.8143688966962699,BS015,0.0,2018-01-01,2.5503793,2017-01-01,294.1773667426958,285.2739343512548,"{""geodesic"":false,""type"":""Point"",""coordinates"":[-121.34303619017459,35.8253974356212]}"
11_00000000000000000009_0,63.620004638317596,453.0,0.83147053346343,BS016,0.0,2018-01-01,2.5503793,2017-01-01,294.1773667426958,285.2739343512548,"{""geodesic"":false,""type"":""Point"",""coordinates"":[-121.33764629846988,35.82566693020643]}"
11_0000000000000000000a_0,48.946945472558376,518.0,0.8391387441638795,BS017,0.0,2018-01-01,2.5503793,2017-01-01,294.1773667426958,285.2739343512548,"{""geodesic"":false,""type"":""Point"",""coordinates"":[-121.33225640676515,35.82512794103596]}"
11_0000000000000000000b_0,29.694688755681216,611.0,0.8748897755514652,BS018,0.0,2018-01-01,2.5503793,2017-01-01,294.1773667426958,285.2739343512548,"{""geodesic"":false,""type"":""Point"",""coordinates"":[-121.32848348257185,35.82351097352455]}"
11_0000000000000000000c_0,66.98967241563979,466.0,0.8261316777696915,BS019,0.0,2018-01-01,2.5503793,2017-01-01,294.1773667426958,285.2739343512548,"{""geodesic"":false,""type"":""Point"",""coordinates"":[-121.34249720100412,35.82970934898497]}"
11_0000000000000000000d_0,36.95540840969375,400.0,0.8082713932757244,BS020,0.0,2018-01-01,2.5503793,2017-01-01,294.1773667426958,285.2739343512548,"{""geodesic"":false,""type"":""Point"",""coordinates"":[-121.3408802334927,35.83375176776351]}"
11_0000000000000000000e_0,30.416337181147888,639.0,0.8460549286200004,BS022,0.0,2018-01-01,2.5503793,2017-01-01,294.1773667426958,285.2739343512548,"{""geodesic"":false,""type"":""Point"",""coordinates"":[-121.3379157930551,35.84426205658771]}"
11_0000000000000000000f_0,28.648271059985753,233.0,0.818752951332676,BS026,0.0,2018-01-01,2.714951,2017-01-01,293.5718015905929,285.4406790119328,"{""geodesic"":false,""type"":""Point"",""coordinates"":[-121.42550153325676,35.90166440324295]}"
11_00000000000000000010_0,63.06956412588178,186.0,0.7871240803405254,BS027,0.0,2018-01-01,2.8734176,2017-01-01,293.5718015905929,285.4406790119328,"{""geodesic"":false,""type"":""Point"",""coordinates"":[-121.43089142496147,35.89789147904964]}"
11_00000000000000000011_0,18.48136296698511,317.0,0.8195724757908689,BS032,0.0,2018-01-01,2.6178129,2017-01-01,294.1773667426958,285.2739343512548,"{""geodesic"":false,""type"":""Point"",""coordinates"":[-121.3379157930551,35.797908987927144]}"
11_00000000000000000012_0,65.23717718070056,648.0,0.7315252273436392,BS034,0.0,2018-01-01,2.5503793,2017-01-01,294.1773667426958,285.2739343512548,"{""geodesic"":false,""type"":""Point"",""coordinates"":[-121.32686651506043,35.800064944609026]}"
11_00000000000000000013_0,21.68263232653703,390.0,0.7928472978262999,BS035,0.0,2018-01-01,2.6178129,2017-01-01,294.1773667426958,285.2739343512548,"{""geodesic"":false,""type"":""Point"",""coordinates"":[-121.31985965584431,35.789824150370066]}"
11_00000000000000000015_0,82.88273160430509,726.0,0.6087523037483114,BS044,0.0,2018-01-01,3.010425,2017-01-01,292.68282763337436,284.70703998722445,"{""geodesic"":false,""type"":""Point"",""coordinates"":[-121.51712969223695,36.031560793326626]}"
11_00000000000000000016_0,28.119991078450514,517.0,0.7777991553826995,BS045,0.0,2018-01-01,3.010425,2017-01-01,292.68282763337436,284.70703998722445,"{""geodesic"":false,""type"":""Point"",""coordinates"":[-121.50634990882752,36.02886584747427]}"
11_00000000000000000017_0,83.58755191935894,584.0,0.7799746652790165,BS046,0.0,2018-01-01,3.010425,2017-01-01,292.68282763337436,284.70703998722445,"{""geodesic"":false,""type"":""Point"",""coordinates"":[-121.5047329413161,36.023475955769555]}"
11_00000000000000000018_0,28.079186975418732,690.0,0.7043122621511229,BS047,0.0,2018-01-01,2.7851243,2017-01-01,292.68282763337436,284.70703998722445,"{""geodesic"":false,""type"":""Point"",""coordinates"":[-121.49988203878186,36.02805736371856]}"
11_00000000000000000019_0,57.08599314968969,527.0,0.787458208444107,BS048,0.0,2018-01-01,2.7851243,2017-01-01,292.68282763337436,284.70703998722445,"{""geodesic"":false,""type"":""Point"",""coordinates"":[-121.4904497282986,36.02859635288903]}"
11_0000000000000000001a_0,45.723976981467835,721.0,0.7687951002797121,BS050,0.0,2018-01-01,2.7851243,2017-01-01,292.68282763337436,284.70703998722445,"{""geodesic"":false,""type"":""Point"",""coordinates"":[-121.47966994488917,36.03290826625281]}"
11_0000000000000000001b_0,47.68739997689438,575.0,0.8195563529272496,BS052,0.0,2018-01-01,3.010425,2017-01-01,292.68282763337436,284.70703998722445,"{""geodesic"":false,""type"":""Point"",""coordinates"":[-121.50122951170803,36.01323516153059]}"
11_0000000000000000001c_0,95.07171314916563,380.0,0.7863337884502896,BS053,0.0,2018-01-01,3.010425,2017-01-01,292.68282763337436,284.70703998722445,"{""geodesic"":false,""type"":""Point"",""coordinates"":[-121.50661940341276,36.01242667777488]}"
11_0000000000000000001d_0,57.6390155358348,573.0,0.7192078022832842,BS054,0.0,2018-01-01,2.6178129,2017-01-01,294.1773667426958,285.2739343512548,"{""geodesic"":false,""type"":""Point"",""coordinates"":[-121.31339178579864,35.78685970993247]}"
11_0000000000000000001e_0,46.02565979147909,599.0,0.7121536693190474,BS057,0.0,2018-01-01,3.010425,2017-01-01,292.68282763337436,284.70703998722445,"{""geodesic"":false,""type"":""Point"",""coordinates"":[-121.51173980053224,36.029135342059504]}"
11_0000000000000000001f_0,46.2703815734652,767.0,0.813937172628654,BS058,0.0,2018-01-01,3.1524122,2017-01-01,292.19369176577214,283.8529674373261,"{""geodesic"":false,""type"":""Point"",""coordinates"":[-121.54677409661289,36.06012721936163]}"
11_00000000000000000020_0,25.77778260092208,661.0,0.7827904354962886,BS059,0.0,2018-01-01,3.1524122,2017-01-01,292.19369176577214,283.8529674373261,"{""geodesic"":false,""type"":""Point"",""coordinates"":[-121.54650460202767,36.056623789753566]}"
11_00000000000000000021_0,26.581115800801015,646.0,0.7454486759313953,BS060,0.0,2018-01-01,3.1524122,2017-01-01,292.19369176577214,283.8529674373261,"{""geodesic"":false,""type"":""Point"",""coordinates"":[-121.5438096561753,36.05258137097503]}"
11_00000000000000000022_0,21.679718593152177,612.0,0.7564861188441698,BS062,0.0,2018-01-01,3.010425,2017-01-01,292.68282763337436,284.70703998722445,"{""geodesic"":false,""type"":""Point"",""coordinates"":[-121.54973853705049,36.03398624459375]}"
11_00000000000000000023_0,21.27677037873919,651.0,0.8067737752266112,BS063,0.0,2018-01-01,3.010425,2017-01-01,292.68282763337436,284.70703998722445,"{""geodesic"":false,""type"":""Point"",""coordinates"":[-121.53788077530011,36.035603212105165]}"
11_00000000000000000024_0,28.618325463236623,746.0,0.8161908143492766,BS066,0.0,2018-01-01,3.010425,2017-01-01,292.68282763337436,284.70703998722445,"{""geodesic"":false,""type"":""Point"",""coordinates"":[-121.53356886193635,36.03722017961658]}"
11_00000000000000000026_0,18.605714043247307,705.0,0.7717361443442387,BS071,0.0,2018-01-01,3.010425,2017-01-01,292.68282763337436,284.70703998722445,"{""geodesic"":false,""type"":""Point"",""coordinates"":[-121.54515712910148,36.037759168787055]}"
11_00000000000000000029_0,41.92219996313862,581.0,0.7354830807227377,BS076,0.0,2018-01-01,3.1949055,2017-01-01,290.40507649460886,283.15397731833264,"{""geodesic"":false,""type"":""Point"",""coordinates"":[-121.8219280681387,36.361961154825785]}"
11_0000000000000000002a_0,28.934440935420252,607.0,0.7893304486826576,BS077,0.0,2018-01-01,3.1949055,2017-01-01,290.40507649460886,283.15397731833264,"{""geodesic"":false,""type"":""Point"",""coordinates"":[-121.81896362770111,36.35926620897343]}"
11_0000000000000000002b_0,126.75526292114135,626.0,0.40944579897944827,BS078,0.0,2018-01-01,3.1949055,2017-01-01,290.40507649460886,283.15397731833264,"{""geodesic"":false,""type"":""Point"",""coordinates"":[-121.81599918726351,36.35549328478013]}"
11_0000000000000000002c_0,126.01987723340761,745.0,0.4636630664900205,BS079,0.0,2018-01-01,3.1949055,2017-01-01,290.40507649460886,283.15397731833264,"{""geodesic"":false,""type"":""Point"",""coordinates"":[-121.81249575765546,36.35953570355866]}"
11_0000000000000000002d_0,151.3761009014518,867.0,0.4059983318975815,BS080,0.0,2018-01-01,3.1949055,2017-01-01,290.40507649460886,283.15397731833264,"{""geodesic"":false,""type"":""Point"",""coordinates"":[-121.80441092009838,36.36061368189961]}"
11_0000000000000000002e_0,53.05778816372795,316.0,0.7503030358760402,BS081,0.0,2018-01-01,3.1949055,2017-01-01,290.40507649460886,283.15397731833264,"{""geodesic"":false,""type"":""Point"",""coordinates"":[-121.84429611871329,36.37193245447951]}"
11_00000000000000000034_0,35.63731633961328,1009.0,0.5925621411643006,BS088,0.0,2018-01-01,3.1205513,2017-01-01,290.40507649460886,283.15397731833264,"{""geodesic"":false,""type"":""Point"",""coordinates"":[-121.7963260825413,36.3598051981439]}"
11_00000000000000000035_0,64.03714971327456,1058.0,0.6051385928275985,BS089,0.0,2018-01-01,3.1205513,2017-01-01,290.40507649460886,283.15397731833264,"{""geodesic"":false,""type"":""Point"",""coordinates"":[-121.7963260825413,36.3665425627748]}"
11_00000000000000000036_0,110.69229817833576,952.0,0.49789913262495367,BS090,0.0,2018-01-01,3.1205513,2017-01-01,290.40507649460886,283.15397731833264,"{""geodesic"":false,""type"":""Point"",""coordinates"":[-121.79659557712654,36.37085447613857]}"
11_00000000000000000037_0,56.46915589152136,929.0,0.760163800234488,BS092,0.0,2018-01-01,3.1949055,2017-01-01,290.40507649460886,283.15397731833264,"{""geodesic"":false,""type"":""Point"",""coordinates"":[-121.80414142551314,36.37489689491711]}"
11_00000000000000000038_0,131.89919220753478,785.0,0.42363703464848884,BS094,0.0,2018-01-01,2.2105448,2017-01-01,289.87124228281516,284.2651455813891,"{""geodesic"":false,""type"":""Point"",""coordinates"":[-121.87259305016305,36.45817072175499]}"
11_0000000000000000003a_0,107.94165686033027,521.0,0.6338510334851458,BS102,0.0,2018-01-01,3.1949055,2017-01-01,290.40507649460886,283.15397731833264,"{""geodesic"":false,""type"":""Point"",""coordinates"":[-121.84240965661662,36.38055628120706]}"
11_0000000000000000003b_0,76.51030103939446,504.0,0.6265914062928651,BS103,0.0,2018-01-01,3.1949055,2017-01-01,290.40507649460886,283.15397731833264,"{""geodesic"":false,""type"":""Point"",""coordinates"":[-121.84483510788375,36.378939313695646]}"
11_0000000000000000003d_0,148.58350728079571,889.0,0.46789522252280846,BS112,0.0,2018-01-01,2.9687297,2017-01-01,290.40507649460886,283.15397731833264,"{""geodesic"":false,""type"":""Point"",""coordinates"":[-121.8429486457871,36.41774653396961]}"
11_00000000000000000040_0,169.73423433980867,932.0,0.4083513265661671,BS121,0.0,2018-01-01,2.9687297,2017-01-01,290.40507649460886,283.15397731833264,"{""geodesic"":false,""type"":""Point"",""coordinates"":[-121.83944521617903,36.42178895274815]}"
11_00000000000000000041_0,111.91775416891198,766.0,0.39221691617265364,BS122,0.0,2018-01-01,2.9687297,2017-01-01,290.40507649460886,283.15397731833264,"{""geodesic"":false,""type"":""Point"",""coordinates"":[-121.84429611871329,36.423944909430034]}"
11_00000000000000000042_0,74.7021489814195,338.0,0.7623076480278227,BS123,0.0,2018-01-01,2.2105448,2017-01-01,289.87124228281516,284.2651455813891,"{""geodesic"":false,""type"":""Point"",""coordinates"":[-121.89415261698191,36.48107776150004]}"
11_00000000000000000043_0,56.97207712370407,376.0,0.7863631800254591,BS124,0.0,2018-01-01,2.2105448,2017-01-01,289.87124228281516,284.2651455813891,"{""geodesic"":false,""type"":""Point"",""coordinates"":[-121.89011019820337,36.47838281564768]}"
11_00000000000000000044_0,45.294136453009926,408.0,0.8345728909258805,BS125,0.0,2018-01-01,2.2105448,2017-01-01,289.87124228281516,284.2651455813891,"{""geodesic"":false,""type"":""Point"",""coordinates"":[-121.88633727401007,36.4808082669148]}"
11_00000000000000000045_0,51.75155552218066,311.0,0.8215531640760988,BS126,0.0,2018-01-01,2.2105448,2017-01-01,289.87124228281516,284.2651455813891,"{""geodesic"":false,""type"":""Point"",""coordinates"":[-121.88013889854965,36.484311696522866]}"
11_00000000000000000046_0,43.90389450696539,393.0,0.8240708825417243,BS128,0.0,2018-01-01,2.2105448,2017-01-01,289.87124228281516,284.2651455813891,"{""geodesic"":false,""type"":""Point"",""coordinates"":[-121.87367102850399,36.477843826477205]}"
11_00000000000000000047_0,56.50140806341942,351.0,0.7950270558121978,BS129,0.0,2018-01-01,2.2105448,2017-01-01,289.87124228281516,284.2651455813891,"{""geodesic"":false,""type"":""Point"",""coordinates"":[-121.88741525235102,36.49077956656853]}"
11_00000000000000000048_0,26.635750952979244,242.0,0.8331351812930065,BS130,0.0,2018-01-01,2.2105448,2017-01-01,289.87124228281516,284.2651455813891,"{""geodesic"":false,""type"":""Point"",""coordinates"":[-121.88391182274296,36.49563046910277]}"
11_00000000000000000049_0,58.06736838430006,250.0,0.8576999621701754,BS131,0.0,2018-01-01,1.904696,2017-01-01,289.87124228281516,284.2651455813891,"{""geodesic"":false,""type"":""Point"",""coordinates"":[-121.88121687689059,36.500750866222255]}"
11_0000000000000000004e_0,48.46131095935101,306.0,0.8323218821936988,BS137,0.0,2018-01-01,3.9472415,2017-01-01,289.80993756856003,285.0283409223165,"{""geodesic"":false,""type"":""Point"",""coordinates"":[-121.87555749060064,36.347947436393525]}"
11_0000000000000000004f_0,24.776782955603377,306.0,0.817740743958861,BS138,0.0,2018-01-01,2.2105448,2017-01-01,289.87124228281516,284.2651455813891,"{""geodesic"":false,""type"":""Point"",""coordinates"":[-121.86369972885026,36.49643895285848]}"
11_00000000000000000050_0,34.891075378789154,301.0,0.7626145363081682,BS139,0.0,2018-01-01,2.2105448,2017-01-01,289.87124228281516,284.2651455813891,"{""geodesic"":false,""type"":""Point"",""coordinates"":[-121.86289124509456,36.49104906115377]}"
11_00000000000000000051_0,60.30284454759256,333.0,0.8099492599667698,BS140,0.0,2018-01-01,2.2105448,2017-01-01,289.87124228281516,284.2651455813891,"{""geodesic"":false,""type"":""Point"",""coordinates"":[-121.86720315845832,36.482425234426216]}"
11_00000000000000000052_0,61.88682375669888,297.0,0.8088456123810405,BS141,0.0,2018-01-01,2.2105448,2017-01-01,289.87124228281516,284.2651455813891,"{""geodesic"":false,""type"":""Point"",""coordinates"":[-121.86100478299791,36.48296422359669]}"
11_00000000000000000053_0,27.26174734713195,503.0,0.7472877503972586,BS144,0.0,2018-01-01,2.31048,2017-01-01,290.94946723833476,283.34128522481006,"{""geodesic"":false,""type"":""Point"",""coordinates"":[-121.81761615477494,36.46841151599395]}"
11_00000000000000000054_0,108.26024481029283,722.0,0.5064080628648726,BS146,0.0,2018-01-01,2.2105448,2017-01-01,289.87124228281516,284.2651455813891,"{""geodesic"":false,""type"":""Point"",""coordinates"":[-121.87313203933351,36.46302162428923]}"
11_00000000000000000055_0,90.87276156005323,435.0,0.7137383955686822,BS147,0.0,2018-01-01,2.2105448,2017-01-01,289.87124228281516,284.2651455813891,"{""geodesic"":false,""type"":""Point"",""coordinates"":[-121.88687626318055,36.47083696726107]}"
11_00000000000000000056_0,122.18108441640817,880.0,0.5664473781712641,BS148,0.0,2018-01-01,2.2105448,2017-01-01,289.87124228281516,284.2651455813891,"{""geodesic"":false,""type"":""Point"",""coordinates"":[-121.87124557723686,36.453050324635505]}"
11_00000000000000000057_0,180.71190286949036,767.0,0.35493768216176663,BS149,0.0,2018-01-01,2.2105448,2017-01-01,289.87124228281516,284.2651455813891,"{""geodesic"":false,""type"":""Point"",""coordinates"":[-121.87690496352683,36.45251133546503]}"
11_00000000000000000059_0,72.3492820322468,513.0,0.7668009629830946,BS151,0.0,2018-01-01,2.2105448,2017-01-01,289.87124228281516,284.2651455813891,"{""geodesic"":false,""type"":""Point"",""coordinates"":[-121.85130297792941,36.46248263511876]}"
11_0000000000000000005a_0,83.6062548179558,436.0,0.7732840732039175,BS152,0.0,2018-01-01,2.2105448,2017-01-01,289.87124228281516,284.2651455813891,"{""geodesic"":false,""type"":""Point"",""coordinates"":[-121.85184196709989,36.46706404306777]}"
11_0000000000000000005b_0,51.40884772103965,440.0,0.7102548399770541,BS156,0.0,2018-01-01,4.0506845,2017-01-01,290.24143952670164,284.00437132952965,"{""geodesic"":false,""type"":""Point"",""coordinates"":[-121.80306344717219,36.30725375402291]}"
11_0000000000000000005c_0,72.92070401165972,369.0,0.7480435075033924,BS157,0.0,2018-01-01,4.0506845,2017-01-01,290.24143952670164,284.00437132952965,"{""geodesic"":false,""type"":""Point"",""coordinates"":[-121.80737536053597,36.30375032441484]}"
11_0000000000000000005d_0,25.59709589305652,649.0,0.6775329964534709,BS158,0.0,2018-01-01,3.1949055,2017-01-01,290.40507649460886,283.15397731833264,"{""geodesic"":false,""type"":""Point"",""coordinates"":[-121.8143822197521,36.35118137141635]}"
11_0000000000000000005e_0,40.779033642569125,294.0,0.7723020434109497,BS159,0.0,2018-01-01,4.0506845,2017-01-01,290.24143952670164,284.00437132952965,"{""geodesic"":false,""type"":""Point"",""coordinates"":[-121.80225496341649,36.34067108259215]}"
11_0000000000000000005f_0,34.59513280010425,409.0,0.7265919031051474,BS160,0.0,2018-01-01,3.84088,2017-01-01,290.24143952670164,284.00437132952965,"{""geodesic"":false,""type"":""Point"",""coordinates"":[-121.79821254463795,36.32935231001225]}"
11_00000000000000000060_0,22.982849431116918,1125.0,0.5630770534261558,BS161,0.0,2018-01-01,3.2363284,2017-01-01,290.8025909005779,282.91978998053565,"{""geodesic"":false,""type"":""Point"",""coordinates"":[-121.71305225570342,36.3350116963022]}"
11_00000000000000000061_0,130.68391522095817,1102.0,0.4558032555805943,BS162,0.0,2018-01-01,3.2363284,2017-01-01,290.8025909005779,282.91978998053565,"{""geodesic"":false,""type"":""Point"",""coordinates"":[-121.71601669614101,36.34013209342169]}"
11_00000000000000000062_0,29.480763549598187,1175.0,0.39729393275615305,BS163,0.0,2018-01-01,3.2363284,2017-01-01,290.8025909005779,282.91978998053565,"{""geodesic"":false,""type"":""Point"",""coordinates"":[-121.71952012574909,36.3455219851264]}"
11_00000000000000000063_0,24.136714233326273,327.0,0.8108908224632305,BS165,0.0,2018-01-01,3.84088,2017-01-01,290.24143952670164,284.00437132952965,"{""geodesic"":false,""type"":""Point"",""coordinates"":[-121.79201416917752,36.32584888040418]}"
11_00000000000000000064_0,56.8939014871333,373.0,0.740237677228158,BS166,0.0,2018-01-01,3.84088,2017-01-01,290.24143952670164,284.00437132952965,"{""geodesic"":false,""type"":""Point"",""coordinates"":[-121.79228366376276,36.32935231001225]}"
11_00000000000000000065_0,69.13046858113535,437.0,0.6641512133590747,BS167,0.0,2018-01-01,3.84088,2017-01-01,290.24143952670164,284.00437132952965,"{""geodesic"":false,""type"":""Point"",""coordinates"":[-121.79066669625135,36.320997977869936]}"
11_00000000000000000066_0,75.75093584684802,346.0,0.7651076900570073,BS168,0.0,2018-01-01,3.84088,2017-01-01,290.24143952670164,284.00437132952965,"{""geodesic"":false,""type"":""Point"",""coordinates"":[-121.78446832079092,36.32477090206324]}"
11_00000000000000000067_0,29.319979359823712,1111.0,0.3667431919918606,BS172,0.0,2018-01-01,2.7360253,2017-01-01,291.3953130434637,281.35222531671394,"{""geodesic"":false,""type"":""Point"",""coordinates"":[-121.7429661546646,36.361961154825785]}"
11_00000000000000000068_0,37.369701385495034,522.0,0.5226308851903433,BS175,0.0,2018-01-01,4.0506845,2017-01-01,290.24143952670164,284.00437132952965,"{""geodesic"":false,""type"":""Point"",""coordinates"":[-121.80117698507554,36.314799602409515]}"
11_00000000000000000069_0,29.97742348279274,533.0,0.6523667453520834,BS176,0.0,2018-01-01,3.84088,2017-01-01,290.24143952670164,284.00437132952965,"{""geodesic"":false,""type"":""Point"",""coordinates"":[-121.79147518000705,36.30967920529003]}"
11_0000000000000000006a_0,78.16957999840236,577.0,0.719730340676657,BS177,0.0,2018-01-01,3.84088,2017-01-01,290.24143952670164,284.00437132952965,"{""geodesic"":false,""type"":""Point"",""coordinates"":[-121.79012770708087,36.30698425943768]}"
11_0000000000000000006b_0,55.18543337568509,231.0,0.8428022657572634,BS186,0.0,2018-01-01,4.6547375,2017-01-01,290.24143952670164,284.00437132952965,"{""geodesic"":false,""type"":""Point"",""coordinates"":[-121.82731795984343,36.268985522919415]}"
11_0000000000000000006c_0,34.63342861371892,123.0,0.7949265823893772,BS187,0.0,2018-01-01,4.6547375,2017-01-01,290.24143952670164,284.00437132952965,"{""geodesic"":false,""type"":""Point"",""coordinates"":[-121.82731795984343,36.28111277925503]}"
11_0000000000000000006d_0,28.19897865442535,275.0,0.8427779070670324,BS188,0.0,2018-01-01,4.6547375,2017-01-01,290.24143952670164,284.00437132952965,"{""geodesic"":false,""type"":""Point"",""coordinates"":[-121.82300604647965,36.26413462038517]}"
11_0000000000000000006e_0,60.088283292263725,109.0,0.779068549966113,BS190,0.0,2018-01-01,4.6547375,2017-01-01,290.24143952670164,284.00437132952965,"{""geodesic"":false,""type"":""Point"",""coordinates"":[-121.83297734613338,36.285963681789276]}"
11_0000000000000000006f_0,66.7965200284345,422.0,0.7264652547059949,BS193,0.0,2018-01-01,4.6547375,2017-01-01,290.24143952670164,284.00437132952965,"{""geodesic"":false,""type"":""Point"",""coordinates"":[-121.82839593818437,36.2988994218806]}"
11_00000000000000000070_0,81.19031943327707,437.0,0.6698835555408944,BS194,0.0,2018-01-01,4.6547375,2017-01-01,290.24143952670164,284.00437132952965,"{""geodesic"":false,""type"":""Point"",""coordinates"":[-121.82408402482059,36.29674346519871]}"
11_00000000000000000071_0,71.46457838828042,590.0,0.4780461668548856,BS195,0.0,2018-01-01,4.6547375,2017-01-01,290.24143952670164,284.00437132952965,"{""geodesic"":false,""type"":""Point"",""coordinates"":[-121.81249575765546,36.2951264976873]}"
11_00000000000000000072_0,91.15281713558338,661.0,0.5682231979143729,BS196,0.0,2018-01-01,4.6547375,2017-01-01,290.24143952670164,284.00437132952965,"{""geodesic"":false,""type"":""Point"",""coordinates"":[-121.80926182263262,36.29135357349399]}"
11_00000000000000000073_0,65.1555807197404,790.0,0.4220700483951905,BS201,0.0,2018-01-01,3.1949055,2017-01-01,290.40507649460886,283.15397731833264,"{""geodesic"":false,""type"":""Point"",""coordinates"":[-121.82650947608772,36.353606822683474]}"
11_00000000000000000074_0,21.407435086970644,787.0,0.48737522637743014,BS202,0.0,2018-01-01,3.1949055,2017-01-01,290.40507649460886,283.15397731833264,"{""geodesic"":false,""type"":""Point"",""coordinates"":[-121.83567229198573,36.35333732809824]}"
11_00000000000000000075_0,46.89841169264232,795.0,0.7723191031439793,BS203,0.0,2018-01-01,3.1949055,2017-01-01,290.40507649460886,283.15397731833264,"{""geodesic"":false,""type"":""Point"",""coordinates"":[-121.83675027032668,36.35791873604725]}"
11_00000000000000000076_0,44.782456348244075,794.0,0.777570057339426,BS204,0.0,2018-01-01,3.1949055,2017-01-01,290.40507649460886,283.15397731833264,"{""geodesic"":false,""type"":""Point"",""coordinates"":[-121.84240965661662,36.358188230632486]}"
11_00000000000000000077_0,21.93422892249281,98.0,0.8314611704708668,BS205,0.0,2018-01-01,4.6547375,2017-01-01,290.24143952670164,284.00437132952965,"{""geodesic"":false,""type"":""Point"",""coordinates"":[-121.81195676848498,36.27006350126036]}"
11_00000000000000000078_0,59.35411334939613,335.0,0.7530608236340898,BS207,0.0,2018-01-01,4.6547375,2017-01-01,290.24143952670164,284.00437132952965,"{""geodesic"":false,""type"":""Point"",""coordinates"":[-121.80252445800173,36.25712776116904]}"
11_00000000000000000080_0,78.7145777373531,375.0,0.6625100233848027,BS223,0.0,2018-01-01,3.9310873,2017-01-01,290.8025909005779,282.91978998053565,"{""geodesic"":false,""type"":""Point"",""coordinates"":[-121.74916453012503,36.250390396538144]}"
11_00000000000000000081_0,80.64768010818003,457.0,0.6720077951714366,BS224,0.0,2018-01-01,3.9310873,2017-01-01,290.8025909005779,282.91978998053565,"{""geodesic"":false,""type"":""Point"",""coordinates"":[-121.73973221964177,36.25389382614621]}"
11_00000000000000000082_0,87.42137879783513,497.0,0.7161698316205032,BS226,0.0,2018-01-01,4.269253,2017-01-01,291.11082981057365,284.4793309459948,"{""geodesic"":false,""type"":""Point"",""coordinates"":[-121.73595929544847,36.24958191278244]}"
11_00000000000000000083_0,77.70631395224802,517.0,0.6703186951608957,BS228,0.0,2018-01-01,4.269253,2017-01-01,291.11082981057365,284.4793309459948,"{""geodesic"":false,""type"":""Point"",""coordinates"":[-121.72733546872092,36.24580898858913]}"
11_00000000000000000084_0,100.48394840107173,742.0,0.5597006174873272,BS229,0.0,2018-01-01,4.269253,2017-01-01,291.11082981057365,284.4793309459948,"{""geodesic"":false,""type"":""Point"",""coordinates"":[-121.7286829416471,36.23637667810588]}"
11_00000000000000000085_0,41.03741701624671,563.0,0.7016552742937643,BS230,0.0,2018-01-01,4.269253,2017-01-01,291.11082981057365,284.4793309459948,"{""geodesic"":false,""type"":""Point"",""coordinates"":[-121.72059810409003,36.24149707522536]}"
11_00000000000000000086_0,98.47210954401804,723.0,0.5343119333595111,BS232,0.0,2018-01-01,4.269253,2017-01-01,291.11082981057365,284.4793309459948,"{""geodesic"":false,""type"":""Point"",""coordinates"":[-121.74620008968743,36.23961061312871]}"
11_00000000000000000087_0,85.36073123890895,709.0,0.7122161410652962,BS233,0.0,2018-01-01,4.269253,2017-01-01,291.11082981057365,284.4793309459948,"{""geodesic"":false,""type"":""Point"",""coordinates"":[-121.74512211134649,36.2312562809864]}"
11_0000000000000000008b_0,96.84149652318125,325.0,0.6816325812065986,BS240,0.0,2018-01-01,4.269253,2017-01-01,291.11082981057365,284.4793309459948,"{""geodesic"":false,""type"":""Point"",""coordinates"":[-121.71844214740814,36.24796494527102]}"
11_0000000000000000008c_0,75.43784571637929,376.0,0.7363030268193852,BS241,0.0,2018-01-01,4.269253,2017-01-01,291.11082981057365,284.4793309459948,"{""geodesic"":false,""type"":""Point"",""coordinates"":[-121.71332175028866,36.24607848317437]}"
11_0000000000000000008d_0,35.62860239937403,442.0,0.8332152761960738,BS242,0.0,2018-01-01,4.269253,2017-01-01,291.11082981057365,284.4793309459948,"{""geodesic"":false,""type"":""Point"",""coordinates"":[-121.70173348312352,36.24715646151531]}"
11_0000000000000000008e_0,94.96624339768628,451.0,0.697384384631716,BS243,0.0,2018-01-01,3.7644472,2017-01-01,291.11082981057365,284.4793309459948,"{""geodesic"":false,""type"":""Point"",""coordinates"":[-121.6941876347369,36.248503934441494]}"
11_0000000000000000008f_0,41.42961991929389,394.0,0.7533347471794485,BS244,0.0,2018-01-01,3.3535051,2017-01-01,290.8025909005779,282.91978998053565,"{""geodesic"":false,""type"":""Point"",""coordinates"":[-121.68771976469125,36.25200736404956]}"
11_00000000000000000090_0,92.06146663804577,459.0,0.6380196107110444,BS245,0.0,2018-01-01,3.7644472,2017-01-01,291.11082981057365,284.4793309459948,"{""geodesic"":false,""type"":""Point"",""coordinates"":[-121.68125189464558,36.2493124181972]}"
11_00000000000000000091_0,25.9509021893708,528.0,0.625428831971954,BS246,0.0,2018-01-01,3.3535051,2017-01-01,290.8025909005779,282.91978998053565,"{""geodesic"":false,""type"":""Point"",""coordinates"":[-121.67720947586704,36.250390396538144]}"
11_00000000000000000092_0,30.042447045709924,604.0,0.7236242894503451,BS247,0.0,2018-01-01,3.3535051,2017-01-01,290.8025909005779,282.91978998053565,"{""geodesic"":false,""type"":""Point"",""coordinates"":[-121.67074160582139,36.2560497828281]}"
11_00000000000000000093_0,53.54937637308862,692.0,0.5816113320307191,BS248,0.0,2018-01-01,3.7644472,2017-01-01,291.11082981057365,284.4793309459948,"{""geodesic"":false,""type"":""Point"",""coordinates"":[-121.65942283324148,36.248503934441494]}"
11_00000000000000000094_0,40.946231287784855,580.0,0.7031257879893644,BS249,0.0,2018-01-01,3.7644472,2017-01-01,291.11082981057365,284.4793309459948,"{""geodesic"":false,""type"":""Point"",""coordinates"":[-121.65349395236629,36.248503934441494]}"
11_00000000000000000095_0,21.58187178951341,827.0,0.7419759268803333,BS251,0.0,2018-01-01,4.269253,2017-01-01,291.11082981057365,284.4793309459948,"{""geodesic"":false,""type"":""Point"",""coordinates"":[-121.73191687666993,36.23044779723069]}"
11_00000000000000000096_0,91.46941179937585,888.0,0.5714088156380087,BS253,0.0,2018-01-01,4.269253,2017-01-01,291.11082981057365,284.4793309459948,"{""geodesic"":false,""type"":""Point"",""coordinates"":[-121.71763366365244,36.22020700299173]}"
11_00000000000000000097_0,93.16162714570282,901.0,0.6659379176033734,BS254,0.0,2018-01-01,4.269253,2017-01-01,291.11082981057365,284.4793309459948,"{""geodesic"":false,""type"":""Point"",""coordinates"":[-121.71170478277725,36.219937508406495]}"
11_00000000000000000098_0,111.11290837168792,1127.0,0.4761891568075679,BS257,0.0,2018-01-01,3.7644472,2017-01-01,291.11082981057365,284.4793309459948,"{""geodesic"":false,""type"":""Point"",""coordinates"":[-121.67936543254893,36.20969671416753]}"
11_00000000000000000099_0,23.500379818610384,122.0,0.7723737627211864,BS259,0.0,2018-01-01,4.3618054,2017-01-01,290.24143952670164,284.00437132952965,"{""geodesic"":false,""type"":""Point"",""coordinates"":[-121.79875153380843,36.26629057706706]}"
11_0000000000000000009a_0,34.11844773038169,256.0,0.8233971876802464,BS260,0.0,2018-01-01,4.6547375,2017-01-01,290.24143952670164,284.00437132952965,"{""geodesic"":false,""type"":""Point"",""coordinates"":[-121.80521940385408,36.260900685362344]}"
11_0000000000000000009b_0,53.75228143911029,539.0,0.6133250695176454,BS262,0.0,2018-01-01,4.269253,2017-01-01,291.11082981057365,284.4793309459948,"{""geodesic"":false,""type"":""Point"",""coordinates"":[-121.71978962033431,36.23718516186159]}"
11_0000000000000000009c_0,21.448293141739285,209.0,0.836042915502975,BS265,0.0,2018-01-01,4.6547375,2017-01-01,290.24143952670164,284.00437132952965,"{""geodesic"":false,""type"":""Point"",""coordinates"":[-121.81707716560446,36.25012090195291]}"
11_0000000000000000009e_0,16.839908513615395,854.0,0.6132625514112868,BS271,0.0,2018-01-01,4.269253,2017-01-01,291.11082981057365,284.4793309459948,"{""geodesic"":false,""type"":""Point"",""coordinates"":[-121.71224377194771,36.213200143775595]}"
11_0000000000000000009f_0,35.70210480530974,635.0,0.6736644002427361,BS272,0.0,2018-01-01,4.269253,2017-01-01,291.11082981057365,284.4793309459948,"{""geodesic"":false,""type"":""Point"",""coordinates"":[-121.7001165156121,36.20134238202522]}"
11_000000000000000000a0_0,17.98638209391981,765.0,0.7863129936516269,BS273,0.0,2018-01-01,3.7644472,2017-01-01,291.11082981057365,284.4793309459948,"{""geodesic"":false,""type"":""Point"",""coordinates"":[-121.69472662390739,36.205384800803756]}"
11_000000000000000000a1_0,35.66460395174191,1154.0,0.5144018338226545,BS274,0.0,2018-01-01,4.049972,2017-01-01,291.11082981057365,284.4793309459948,"{""geodesic"":false,""type"":""Point"",""coordinates"":[-121.65645839280388,36.18975411486008]}"
11_000000000000000000a2_0,67.95821901680469,385.0,0.84509359170804,BS276,0.0,2018-01-01,4.049972,2017-01-01,291.11082981057365,284.4793309459948,"{""geodesic"":false,""type"":""Point"",""coordinates"":[-121.68610279717983,36.180321804376824]}"
11_000000000000000000a3_0,61.07401249880842,271.0,0.8266332840042718,BS277,0.0,2018-01-01,4.049972,2017-01-01,291.11082981057365,284.4793309459948,"{""geodesic"":false,""type"":""Point"",""coordinates"":[-121.66616019787239,36.16630808594456]}"
11_000000000000000000a8_0,38.09540180012488,617.0,0.8287389755938126,BS283,0.0,2018-01-01,4.049972,2017-01-01,291.11082981057365,284.4793309459948,"{""geodesic"":false,""type"":""Point"",""coordinates"":[-121.68044341088988,36.180052309791584]}"
11_000000000000000000a9_0,66.67281708389632,987.0,0.7577528433012537,BS287,0.0,2018-01-01,3.627368,2017-01-01,291.408522430838,283.42122443212224,"{""geodesic"":false,""type"":""Point"",""coordinates"":[-121.61010532414332,36.15013841083041]}"
11_000000000000000000aa_0,55.142239260788585,400.0,0.7507509060050739,BS292,0.0,2018-01-01,2.2105448,2017-01-01,289.87124228281516,284.2651455813891,"{""geodesic"":false,""type"":""Point"",""coordinates"":[-121.85157247251465,36.48916259905711]}"
11_000000000000000000ab_0,41.509466676154126,307.0,0.8439162907996757,BS293,0.0,2018-01-01,2.2105448,2017-01-01,289.87124228281516,284.2651455813891,"{""geodesic"":false,""type"":""Point"",""coordinates"":[-121.8534589346113,36.47919129940339]}"
11_000000000000000000ac_0,77.32471923920784,489.0,0.5760573724769077,BS294,0.0,2018-01-01,2.2105448,2017-01-01,289.87124228281516,284.2651455813891,"{""geodesic"":false,""type"":""Point"",""coordinates"":[-121.8572318588046,36.46059617302211]}"
11_000000000000000000ad_0,84.25762640206037,205.0,0.7858235248442048,BS295,0.0,2018-01-01,2.7911747,2017-01-01,292.68282763337436,284.70703998722445,"{""geodesic"":false,""type"":""Point"",""coordinates"":[-121.49098871746908,35.99464003514932]}"
11_000000000000000000ae_0,32.394390825305564,616.0,0.8059889320792818,BS296,0.0,2018-01-01,2.7851243,2017-01-01,292.68282763337436,284.70703998722445,"{""geodesic"":false,""type"":""Point"",""coordinates"":[-121.47077662357638,36.00299436729163]}"
11_000000000000000000af_0,29.32893269028329,626.0,0.7812039471373133,BS297,0.0,2018-01-01,2.7851243,2017-01-01,292.68282763337436,284.70703998722445,"{""geodesic"":false,""type"":""Point"",""coordinates"":[-121.45622391597365,36.00110790519498]}"
11_000000000000000000b0_0,77.34925975905135,223.0,0.8232639110843739,BS299,0.0,2018-01-01,2.7911747,2017-01-01,292.68282763337436,284.70703998722445,"{""geodesic"":false,""type"":""Point"",""coordinates"":[-121.47454954776968,35.99140610012648]}"
11_000000000000000000b1_0,56.01299973850236,530.0,0.7552337026575033,BS301,0.0,2018-01-01,2.7911747,2017-01-01,292.68282763337436,284.70703998722445,"{""geodesic"":false,""type"":""Point"",""coordinates"":[-121.46969864523544,35.98682469217748]}"
11_000000000000000000b2_0,59.75193808407802,675.0,0.7767413962004315,BS303,0.0,2018-01-01,2.7911747,2017-01-01,292.68282763337436,284.70703998722445,"{""geodesic"":false,""type"":""Point"",""coordinates"":[-121.46592572104214,35.981704295057995]}"
11_000000000000000000b3_0,46.603401995373375,861.0,0.8004121140916522,BS304,0.0,2018-01-01,2.7911747,2017-01-01,292.68282763337436,284.70703998722445,"{""geodesic"":false,""type"":""Point"",""coordinates"":[-121.454337453877,35.97604490876804]}"
11_000000000000000000b4_0,33.71440844405016,918.0,0.7393185405340306,BS306,0.0,2018-01-01,2.673251,2017-01-01,293.59815368652346,284.15975082606485,"{""geodesic"":false,""type"":""Point"",""coordinates"":[-121.43412535998431,35.98224328422847]}"
11_000000000000000000b5_0,38.96999933576033,639.0,0.7808895273193097,BS309,0.0,2018-01-01,2.7911747,2017-01-01,292.68282763337436,284.70703998722445,"{""geodesic"":false,""type"":""Point"",""coordinates"":[-121.45110351885417,35.98682469217748]}"
11_000000000000000000b6_0,34.60800504930177,528.0,0.7973535576380146,BS310,0.0,2018-01-01,2.7911747,2017-01-01,292.68282763337436,284.70703998722445,"{""geodesic"":false,""type"":""Point"",""coordinates"":[-121.47401055859922,35.98143480047276]}"
11_000000000000000000b7_0,22.360430732713336,600.0,0.773020110553146,BS312,0.0,2018-01-01,2.7911747,2017-01-01,292.68282763337436,284.70703998722445,"{""geodesic"":false,""type"":""Point"",""coordinates"":[-121.45784088348506,35.95960573906866]}"
11_000000000000000000b8_0,25.721912605944095,603.0,0.7798372348167955,BS313,0.0,2018-01-01,2.673251,2017-01-01,293.59815368652346,284.15975082606485,"{""geodesic"":false,""type"":""Point"",""coordinates"":[-121.43547283291049,35.952868374437756]}"
11_000000000000000000b9_0,56.83168903931952,819.0,0.7809988987577969,BS315,0.0,2018-01-01,2.714951,2017-01-01,293.5718015905929,285.4406790119328,"{""geodesic"":false,""type"":""Point"",""coordinates"":[-121.42819647910912,35.94316656936927]}"
11_000000000000000000ba_0,68.68228931644012,591.0,0.7476349826397474,BS316,0.0,2018-01-01,2.714951,2017-01-01,293.5718015905929,285.4406790119328,"{""geodesic"":false,""type"":""Point"",""coordinates"":[-121.43978474627426,35.940471623516906]}"
11_000000000000000000bb_0,51.45577481444875,544.0,0.8100238956423252,BS317,0.0,2018-01-01,2.714951,2017-01-01,293.5718015905929,285.4406790119328,"{""geodesic"":false,""type"":""Point"",""coordinates"":[-121.4446356488085,35.94181909644309]}"
11_000000000000000000bc_0,52.25217150667948,1007.0,0.8077354525460115,BS320,0.0,2018-01-01,2.673251,2017-01-01,293.59815368652346,284.15975082606485,"{""geodesic"":false,""type"":""Point"",""coordinates"":[-121.42280658740441,35.9501734285854]}"
11_000000000000000000bd_0,20.164369190876037,928.0,0.7807744009237544,BS321,0.0,2018-01-01,2.714951,2017-01-01,293.5718015905929,285.4406790119328,"{""geodesic"":false,""type"":""Point"",""coordinates"":[-121.42523203867152,35.938046172249784]}"
11_000000000000000000be_0,23.173276436681306,954.0,0.7726943302700247,BS322,0.0,2018-01-01,2.714951,2017-01-01,293.5718015905929,285.4406790119328,"{""geodesic"":false,""type"":""Point"",""coordinates"":[-121.42900496286482,35.93346476430078]}"
11_000000000000000000bf_0,43.44740486402758,816.0,0.61481135230611,BS323,0.0,2018-01-01,2.714951,2017-01-01,293.5718015905929,285.4406790119328,"{""geodesic"":false,""type"":""Point"",""coordinates"":[-121.43116091954671,35.923762959232285]}"
11_000000000000000000c0_0,33.42572317514602,766.0,0.7193109440966059,BS324,0.0,2018-01-01,2.714951,2017-01-01,293.5718015905929,285.4406790119328,"{""geodesic"":false,""type"":""Point"",""coordinates"":[-121.43223889788766,35.9186425621128]}"
11_000000000000000000c1_0,29.8663248971174,730.0,0.8226233686005263,BS326,0.0,2018-01-01,2.714951,2017-01-01,293.5718015905929,285.4406790119328,"{""geodesic"":false,""type"":""Point"",""coordinates"":[-121.43062193037625,35.913522164993324]}"
11_000000000000000000c2_0,34.19124389759472,449.0,0.8130147033981677,BS328,0.0,2018-01-01,2.8734176,2017-01-01,293.5718015905929,285.4406790119328,"{""geodesic"":false,""type"":""Point"",""coordinates"":[-121.43439485456955,35.89034563066304]}"
11_000000000000000000c3_0,28.27890969940385,602.0,0.7605152209562653,BS330,0.0,2018-01-01,2.8734176,2017-01-01,293.5718015905929,285.4406790119328,"{""geodesic"":false,""type"":""Point"",""coordinates"":[-121.4287354682796,35.88145230935026]}"
11_000000000000000000c4_0,31.44191606773456,758.0,0.7986265868160995,BS331,0.0,2018-01-01,2.8734176,2017-01-01,293.5718015905929,285.4406790119328,"{""geodesic"":false,""type"":""Point"",""coordinates"":[-121.41876416862587,35.88414725520261]}"
11_000000000000000000c5_0,55.13782119118656,835.0,0.8359640322016159,BS333,0.0,2018-01-01,2.8734176,2017-01-01,293.5718015905929,285.4406790119328,"{""geodesic"":false,""type"":""Point"",""coordinates"":[-121.40178600975601,35.88818967398115]}"
11_000000000000000000c6_0,57.61184032101159,972.0,0.8368415625239225,BS334,0.0,2018-01-01,2.6817746,2017-01-01,293.5718015905929,285.4406790119328,"{""geodesic"":false,""type"":""Point"",""coordinates"":[-121.3875027967385,35.890884619833514]}"
11_000000000000000000c7_0,49.5039552855892,935.0,0.8448578144274078,BS335,0.0,2018-01-01,2.6817746,2017-01-01,293.5718015905929,285.4406790119328,"{""geodesic"":false,""type"":""Point"",""coordinates"":[-121.3791484645962,35.89223209275969]}"
11_000000000000000000c8_0,38.44547042310215,606.0,0.7967067297042529,BS338,0.0,2018-01-01,2.6817746,2017-01-01,293.5718015905929,285.4406790119328,"{""geodesic"":false,""type"":""Point"",""coordinates"":[-121.3942401613694,35.87094202052606]}"
11_000000000000000000c9_0,29.55006756578779,503.0,0.7624093909750108,BS355,0.0,2018-01-01,3.84088,2017-01-01,290.24143952670164,284.00437132952965,"{""geodesic"":false,""type"":""Point"",""coordinates"":[-121.78824124498422,36.33393371796126]}"
11_000000000000000000ca_0,54.19406614566997,807.0,0.5574938085095941,BS358,0.0,2018-01-01,3.84088,2017-01-01,290.24143952670164,284.00437132952965,"{""geodesic"":false,""type"":""Point"",""coordinates"":[-121.78608528830233,36.3455219851264]}"
11_000000000000000000cb_0,61.09358034161093,736.0,0.7113197544849436,BS359,0.0,2018-01-01,3.1205513,2017-01-01,290.40507649460886,283.15397731833264,"{""geodesic"":false,""type"":""Point"",""coordinates"":[-121.79039720166611,36.35037288766065]}"
11_000000000000000000cc_0,80.29951878425271,936.0,0.46878165895478346,BS360,0.0,2018-01-01,3.1205513,2017-01-01,290.40507649460886,283.15397731833264,"{""geodesic"":false,""type"":""Point"",""coordinates"":[-121.79120568542182,36.355762779365364]}"
11_000000000000000000cd_0,136.03423556241125,1015.0,0.37426064574377294,BS365,0.0,2018-01-01,3.7644472,2017-01-01,291.11082981057365,284.4793309459948,"{""geodesic"":false,""type"":""Point"",""coordinates"":[-121.68610279717983,36.22290194884409]}"
11_000000000000000000ce_0,17.129994200561324,665.0,0.7047741993168382,BS372,0.0,2018-01-01,4.269253,2017-01-01,291.11082981057365,284.4793309459948,"{""geodesic"":false,""type"":""Point"",""coordinates"":[-121.73568980086323,36.22290194884409]}"
11_000000000000000000cf_0,31.98125268687613,783.0,0.659803394219828,BS373,0.0,2018-01-01,4.269253,2017-01-01,291.11082981057365,284.4793309459948,"{""geodesic"":false,""type"":""Point"",""coordinates"":[-121.7362287900337,36.228022345963566]}"
11_000000000000000000d1_0,60.35145246503204,371.0,0.8126104696038947,BS378,0.0,2018-01-01,4.269253,2017-01-01,291.11082981057365,284.4793309459948,"{""geodesic"":false,""type"":""Point"",""coordinates"":[-121.74566110051695,36.219668013821256]}"
11_000000000000000000d2_0,49.429973008407636,746.0,0.4693693206106513,BS379,0.0,2018-01-01,4.269253,2017-01-01,291.11082981057365,284.4793309459948,"{""geodesic"":false,""type"":""Point"",""coordinates"":[-121.73973221964177,36.23098678640116]}"
11_000000000000000000d8_0,54.959759379079976,371.0,0.7926255683860919,BS390,0.0,2018-01-01,3.84088,2017-01-01,290.24143952670164,284.00437132952965,"{""geodesic"":false,""type"":""Point"",""coordinates"":[-121.79470911502989,36.333394728790786]}"
11_000000000000000000dd_0,24.493406055763348,878.0,0.8150018818572898,BS399,0.0,2018-01-01,2.714951,2017-01-01,293.5718015905929,285.4406790119328,"{""geodesic"":false,""type"":""Point"",""coordinates"":[-121.42361507116011,35.93076981844842]}"
11_000000000000000000de_0,32.79256890234456,878.0,0.7169550445687297,BS405,0.0,2018-01-01,3.010425,2017-01-01,292.68282763337436,284.70703998722445,"{""geodesic"":false,""type"":""Point"",""coordinates"":[-121.535455324033,36.04476602800319]}"
11_000000000000000000e1_0,30.138739525814806,263.0,0.8376841374686774,BS412,0.0,2018-01-01,2.714951,2017-01-01,293.5718015905929,285.4406790119328,"{""geodesic"":false,""type"":""Point"",""coordinates"":[-121.41849467404063,35.90408985451007]}"
11_000000000000000000e2_0,35.261325946681666,628.0,0.701430929067037,BS413,0.0,2018-01-01,2.5503793,2017-01-01,294.1773667426958,285.2739343512548,"{""geodesic"":false,""type"":""Point"",""coordinates"":[-121.33360387969134,35.806263320069455]}"
11_000000000000000000e5_0,64.96001048266709,597.0,0.8115917575256101,BS420,0.0,2018-01-01,2.7851243,2017-01-01,292.68282763337436,284.70703998722445,"{""geodesic"":false,""type"":""Point"",""coordinates"":[-121.49071922288384,36.02374545035479]}"
11_000000000000000000e6_0,28.277004675665044,133.0,0.8259238500526497,BS423,0.0,2018-01-01,3.010425,2017-01-01,292.68282763337436,284.70703998722445,"{""geodesic"":false,""type"":""Point"",""coordinates"":[-121.52144160560073,36.01566061279771]}"
11_000000000000000000e7_0,75.73431911311421,1336.0,0.7232858179082371,BS425,0.0,2018-01-01,2.8643901,2017-01-01,292.19369176577214,283.8529674373261,"{""geodesic"":false,""type"":""Point"",""coordinates"":[-121.49880406044092,36.05500682224215]}"
11_000000000000000000e8_0,31.164139852672907,268.0,0.784501694378034,BS426,0.0,2018-01-01,3.010425,2017-01-01,292.68282763337436,284.70703998722445,"{""geodesic"":false,""type"":""Point"",""coordinates"":[-121.52817897023162,36.018894547820544]}"
11_000000000000000000e9_0,102.54808471377974,531.0,0.6610649877368965,BS427,0.0,2018-01-01,3.1949055,2017-01-01,290.40507649460886,283.15397731833264,"{""geodesic"":false,""type"":""Point"",""coordinates"":[-121.83459431364479,36.37193245447951]}"
11_000000000000000000ea_0,59.96436893699645,379.0,0.7687852428243287,BS429,0.0,2018-01-01,2.2105448,2017-01-01,289.87124228281516,284.2651455813891,"{""geodesic"":false,""type"":""Point"",""coordinates"":[-121.85184196709989,36.47245393477249]}"
11_000000000000000000eb_0,71.62630873452125,524.0,0.8056164129263943,BS430,0.0,2018-01-01,2.31048,2017-01-01,290.94946723833476,283.34128522481006,"{""geodesic"":false,""type"":""Point"",""coordinates"":[-121.81087879014403,36.46625555931207]}"
11_000000000000000000ec_0,59.48177647239457,808.0,0.7541697471605006,BS431,0.0,2018-01-01,2.2105448,2017-01-01,289.87124228281516,284.2651455813891,"{""geodesic"":false,""type"":""Point"",""coordinates"":[-121.86100478299791,36.45008588419791]}"
11_000000000000000000ed_0,24.495985551757133,385.0,0.7702004130222552,BS433,0.0,2018-01-01,4.0506845,2017-01-01,290.24143952670164,284.00437132952965,"{""geodesic"":false,""type"":""Point"",""coordinates"":[-121.80737536053597,36.347677941808286]}"
11_000000000000000000ee_0,133.07198933648272,875.0,0.5170774957334149,BS434,0.0,2018-01-01,2.2105448,2017-01-01,289.87124228281516,284.2651455813891,"{""geodesic"":false,""type"":""Point"",""coordinates"":[-121.85103348334418,36.45089436795362]}"
11_000000000000000000ef_0,31.089773518282485,1045.0,0.38366361626267875,BS436,0.0,2018-01-01,3.2363284,2017-01-01,290.8025909005779,282.91978998053565,"{""geodesic"":false,""type"":""Point"",""coordinates"":[-121.72140658784573,36.3417490609331]}"
11_000000000000000000f0_0,31.94776316286926,367.0,0.7881044984012832,BS438,0.0,2018-01-01,4.0506845,2017-01-01,290.24143952670164,284.00437132952965,"{""geodesic"":false,""type"":""Point"",""coordinates"":[-121.80872283346216,36.34228805010357]}"
11_000000000000000000f1_0,23.41569280834933,109.0,0.803685889770238,BS457,0.0,2018-01-01,4.049972,2017-01-01,291.11082981057365,284.4793309459948,"{""geodesic"":false,""type"":""Point"",""coordinates"":[-121.6925706672255,36.17870483686541]}"
11_000000000000000000f4_0,21.41847968637321,438.0,0.739559027383184,BS468,0.0,2018-01-01,2.31048,2017-01-01,290.94946723833476,283.34128522481006,"{""geodesic"":false,""type"":""Point"",""coordinates"":[-121.8467215699804,36.48512018027858]}"
11_000000000000000000f5_0,80.14992880650078,579.0,0.7369102158068077,BS469,0.0,2018-01-01,2.2105448,2017-01-01,289.87124228281516,284.2651455813891,"{""geodesic"":false,""type"":""Point"",""coordinates"":[-121.85830983714554,36.45574527048787]}"
11_000000000000000000f6_0,83.9314884891118,737.0,0.7052477305059044,BS470,0.0,2018-01-01,2.2105448,2017-01-01,289.87124228281516,284.2651455813891,"{""geodesic"":false,""type"":""Point"",""coordinates"":[-121.85291994544083,36.45628425965834]}"
11_000000000000000000f7_0,69.32890028931931,290.0,0.7836025019708093,BS474,0.0,2018-01-01,2.7911747,2017-01-01,292.68282763337436,284.70703998722445,"{""geodesic"":false,""type"":""Point"",""coordinates"":[-121.46727319396832,35.990328121785545]}"
11_000000000000000000f8_0,84.4984894784416,972.0,0.6751930196920939,BS478,0.0,2018-01-01,2.673251,2017-01-01,293.59815368652346,284.15975082606485,"{""geodesic"":false,""type"":""Point"",""coordinates"":[-121.4333168762286,35.99437054056408]}"
11_000000000000000000f9_0,24.81797734993011,507.0,0.7745609051526032,BS486,0.0,2018-01-01,2.7911747,2017-01-01,292.68282763337436,284.70703998722445,"{""geodesic"":false,""type"":""Point"",""coordinates"":[-121.46835117230926,35.95367685819347]}"
11_000000000000000000fb_0,48.22973627461513,836.0,0.8198457000991107,BS499,0.0,2018-01-01,2.8734176,2017-01-01,293.5718015905929,285.4406790119328,"{""geodesic"":false,""type"":""Point"",""coordinates"":[-121.4077148906312,35.88738119022545]}"
11_000000000000000000fc_0,17.17082003961154,677.0,0.8165463734382691,BS504,0.0,2018-01-01,2.6817746,2017-01-01,293.5718015905929,285.4406790119328,"{""geodesic"":false,""type"":""Point"",""coordinates"":[-121.38911976424993,35.874175955548885]}"
11_000000000000000000fe_0,76.82821799901976,706.0,0.6557122466242171,BS518,0.0,2018-01-01,3.1949055,2017-01-01,290.40507649460886,283.15397731833264,"{""geodesic"":false,""type"":""Point"",""coordinates"":[-121.83109088403673,36.38432920540036]}"
11_000000000000000000ff_0,122.56626825598269,538.0,0.5015197648875601,BS519,0.0,2018-01-01,3.1949055,2017-01-01,290.40507649460886,283.15397731833264,"{""geodesic"":false,""type"":""Point"",""coordinates"":[-121.83944521617903,36.38352072164466]}"
11_00000000000000000101_0,28.913948716266916,581.0,0.8180297295070005,BS521,0.0,2018-01-01,4.049972,2017-01-01,291.11082981057365,284.4793309459948,"{""geodesic"":false,""type"":""Point"",""coordinates"":[-121.69526561307785,36.19837794158762]}"
11_00000000000000000102_0,37.72883133768983,562.0,0.7494674223019092,BS600,0.0,2018-01-01,3.1949055,2017-01-01,290.40507649460886,283.15397731833264,"{""geodesic"":false,""type"":""Point"",""coordinates"":[-121.8219280681387,36.3598051981439]}"
11_00000000000000000103_0,75.19691369917831,638.0,0.6758665494761004,BS601,0.0,2018-01-01,3.1949055,2017-01-01,290.40507649460886,283.15397731833264,"{""geodesic"":false,""type"":""Point"",""coordinates"":[-121.83324684071862,36.35926620897343]}"
11_00000000000000000104_0,43.54889851942107,518.0,0.6782663874756515,BS603,0.0,2018-01-01,3.1949055,2017-01-01,290.40507649460886,283.15397731833264,"{""geodesic"":false,""type"":""Point"",""coordinates"":[-121.84079268910521,36.366273068189564]}"
11_00000000000000000105_0,53.725384727540785,565.0,0.6959242860240582,BS604,0.0,2018-01-01,3.1949055,2017-01-01,290.40507649460886,283.15397731833264,"{""geodesic"":false,""type"":""Point"",""coordinates"":[-121.84887752666229,36.367890035700974]}"
11_00000000000000000107_0,17.898632584733438,1022.0,0.770151119407005,BS607,0.0,2018-01-01,3.193548,2017-01-01,291.408522430838,283.42122443212224,"{""geodesic"":false,""type"":""Point"",""coordinates"":[-121.59151019776205,36.15013841083041]}"
11_00000000000000000108_0,78.62417974039259,257.0,0.7597466719913019,BS610,0.0,2018-01-01,4.049972,2017-01-01,291.11082981057365,284.4793309459948,"{""geodesic"":false,""type"":""Point"",""coordinates"":[-121.66292626284955,36.16253516175126]}"
11_00000000000000000109_0,58.491530131982856,417.0,0.8079074137362514,BS611,0.0,2018-01-01,4.049972,2017-01-01,291.11082981057365,284.4793309459948,"{""geodesic"":false,""type"":""Point"",""coordinates"":[-121.66454323036096,36.17304545057545]}"
11_0000000000000000010a_0,22.96711744960183,455.0,0.8062773040503469,BS612,0.0,2018-01-01,4.049972,2017-01-01,291.11082981057365,284.4793309459948,"{""geodesic"":false,""type"":""Point"",""coordinates"":[-121.66993312206569,36.17277595599022]}"
11_0000000000000000010b_0,33.985213803087134,318.0,0.8071927967729178,BS613,0.0,2018-01-01,4.049972,2017-01-01,291.11082981057365,284.4793309459948,"{""geodesic"":false,""type"":""Point"",""coordinates"":[-121.6693941328952,36.165769096774085]}"
11_0000000000000000010c_0,43.529688338494445,320.0,0.8357469509899522,BS620,0.0,2018-01-01,4.049972,2017-01-01,291.11082981057365,284.4793309459948,"{""geodesic"":false,""type"":""Point"",""coordinates"":[-121.6933791509812,36.184364223155356]}"
11_0000000000000000010d_0,89.95128855341727,262.0,0.793686691286315,BS621,0.0,2018-01-01,4.269253,2017-01-01,291.11082981057365,284.4793309459948,"{""geodesic"":false,""type"":""Point"",""coordinates"":[-121.74862554095455,36.21805104630984]}"
11_00000000000000000113_0,30.22423388628592,151.0,0.8045806312915513,BS627,0.0,2018-01-01,4.6547375,2017-01-01,290.24143952670164,284.00437132952965,"{""geodesic"":false,""type"":""Point"",""coordinates"":[-121.80279395258697,36.27087198501607]}"
11_00000000000000000114_0,31.030150429518642,97.0,0.8202711764796161,BS628,0.0,2018-01-01,4.6547375,2017-01-01,290.24143952670164,284.00437132952965,"{""geodesic"":false,""type"":""Point"",""coordinates"":[-121.80629738219503,36.269255017504655]}"
11_00000000000000000115_0,34.76313134672914,405.0,0.8072415935170865,BS629,0.0,2018-01-01,4.049972,2017-01-01,291.11082981057365,284.4793309459948,"{""geodesic"":false,""type"":""Point"",""coordinates"":[-121.69526561307785,36.18813714734866]}"
11_00000000000000000116_0,40.976365557793244,552.0,0.76855728655619,BS632,0.0,2018-01-01,4.0506845,2017-01-01,290.24143952670164,284.00437132952965,"{""geodesic"":false,""type"":""Point"",""coordinates"":[-121.80036850131984,36.325040396648475]}"
11_00000000000000000117_0,63.93218453718816,639.0,0.6784715421323283,BS633,0.0,2018-01-01,4.0506845,2017-01-01,290.24143952670164,284.00437132952965,"{""geodesic"":false,""type"":""Point"",""coordinates"":[-121.80063799590508,36.32261494538135]}"
12_00000000000000000000_0,63.11926767090148,381.0,0.8152364583958344,BS002,0.0,2019-01-01,1.731123,2018-01-01,293.35821779852046,285.14558799430114,"{""geodesic"":false,""type"":""Point"",""coordinates"":[-121.3875027967385,35.85611981833809]}"
12_00000000000000000001_0,67.52468335054729,405.0,0.7870465925408767,BS003,0.0,2019-01-01,1.731123,2018-01-01,293.35821779852046,285.14558799430114,"{""geodesic"":false,""type"":""Point"",""coordinates"":[-121.39208420468752,35.85072992663337]}"
12_00000000000000000002_0,54.71995617170765,790.0,0.8344688661458382,BS004,0.0,2019-01-01,1.731123,2018-01-01,293.35821779852046,285.14558799430114,"{""geodesic"":false,""type"":""Point"",""coordinates"":[-121.36675171367534,35.85854526960521]}"
12_00000000000000000003_0,51.17986894708441,851.0,0.8288292003509782,BS005,0.0,2019-01-01,1.731123,2018-01-01,293.35821779852046,285.14558799430114,"{""geodesic"":false,""type"":""Point"",""coordinates"":[-121.36028384362969,35.85881476419044]}"
12_00000000000000000004_0,39.306682292884325,820.0,0.8500205222139253,BS006,0.0,2019-01-01,1.731123,2018-01-01,293.35821779852046,285.14558799430114,"{""geodesic"":false,""type"":""Point"",""coordinates"":[-121.35381597358402,35.86043173170186]}"
12_00000000000000000005_0,19.477802355317177,883.0,0.7773604469289453,BS007,0.0,2019-01-01,1.635693,2018-01-01,294.4591587432443,284.2105960375642,"{""geodesic"":false,""type"":""Point"",""coordinates"":[-121.33926326598129,35.857736785849504]}"
12_00000000000000000006_0,16.225247907699952,509.0,0.6212688654369573,BS011,0.0,2019-01-01,1.7546589,2018-01-01,293.61376041778146,285.46553892370775,"{""geodesic"":false,""type"":""Point"",""coordinates"":[-121.37133312162436,35.8291703598145]}"
12_00000000000000000007_0,37.7858921404047,359.0,0.7894258665673701,BS012,0.0,2019-01-01,1.7546589,2018-01-01,293.61376041778146,285.46553892370775,"{""geodesic"":false,""type"":""Point"",""coordinates"":[-121.37160261620959,35.82324147893931]}"
12_00000000000000000008_0,71.28780423551984,351.0,0.8332402644322229,BS015,0.0,2019-01-01,1.6714332,2018-01-01,293.95890243739296,285.0087429098887,"{""geodesic"":false,""type"":""Point"",""coordinates"":[-121.34303619017459,35.8253974356212]}"
12_00000000000000000009_0,62.15674996183017,453.0,0.8574720905392433,BS016,0.0,2019-01-01,1.6714332,2018-01-01,293.95890243739296,285.0087429098887,"{""geodesic"":false,""type"":""Point"",""coordinates"":[-121.33764629846988,35.82566693020643]}"
12_0000000000000000000a_0,42.73346936870069,518.0,0.8642149766382675,BS017,0.0,2019-01-01,1.6714332,2018-01-01,293.95890243739296,285.0087429098887,"{""geodesic"":false,""type"":""Point"",""coordinates"":[-121.33225640676515,35.82512794103596]}"
12_0000000000000000000b_0,28.997117184963745,611.0,0.8927417854928733,BS018,0.0,2019-01-01,1.6714332,2018-01-01,293.95890243739296,285.0087429098887,"{""geodesic"":false,""type"":""Point"",""coordinates"":[-121.32848348257185,35.82351097352455]}"
12_0000000000000000000c_0,69.92697009450545,466.0,0.8546831748994265,BS019,0.0,2019-01-01,1.6714332,2018-01-01,293.95890243739296,285.0087429098887,"{""geodesic"":false,""type"":""Point"",""coordinates"":[-121.34249720100412,35.82970934898497]}"
12_0000000000000000000d_0,39.7753821774254,400.0,0.8053742446601067,BS020,0.0,2019-01-01,1.6714332,2018-01-01,293.95890243739296,285.0087429098887,"{""geodesic"":false,""type"":""Point"",""coordinates"":[-121.3408802334927,35.83375176776351]}"
12_0000000000000000000e_0,29.874684214853957,639.0,0.8666281245702934,BS022,0.0,2019-01-01,1.6714332,2018-01-01,293.95890243739296,285.0087429098887,"{""geodesic"":false,""type"":""Point"",""coordinates"":[-121.3379157930551,35.84426205658771]}"
12_0000000000000000000f_0,26.813230442818952,233.0,0.8300523299743011,BS026,0.0,2019-01-01,1.7700093,2018-01-01,293.35821779852046,285.14558799430114,"{""geodesic"":false,""type"":""Point"",""coordinates"":[-121.42550153325676,35.90166440324295]}"
12_00000000000000000010_0,58.7935301545843,186.0,0.8227244690236093,BS027,0.0,2019-01-01,1.8090535,2018-01-01,293.35821779852046,285.14558799430114,"{""geodesic"":false,""type"":""Point"",""coordinates"":[-121.43089142496147,35.89789147904964]}"
12_00000000000000000011_0,17.94326752437268,317.0,0.8190731752839963,BS032,0.0,2019-01-01,1.8486744,2018-01-01,293.95890243739296,285.0087429098887,"{""geodesic"":false,""type"":""Point"",""coordinates"":[-121.3379157930551,35.797908987927144]}"
12_00000000000000000012_0,65.21017686531475,648.0,0.7470567260997227,BS034,0.0,2019-01-01,1.6714332,2018-01-01,293.95890243739296,285.0087429098887,"{""geodesic"":false,""type"":""Point"",""coordinates"":[-121.32686651506043,35.800064944609026]}"
12_00000000000000000013_0,23.57407615290126,390.0,0.787220584128,BS035,0.0,2019-01-01,1.8486744,2018-01-01,293.95890243739296,285.0087429098887,"{""geodesic"":false,""type"":""Point"",""coordinates"":[-121.31985965584431,35.789824150370066]}"
12_00000000000000000015_0,98.7356106725337,726.0,0.568054272974665,BS044,0.0,2019-01-01,1.9889252,2018-01-01,292.51103206268726,284.3917297363281,"{""geodesic"":false,""type"":""Point"",""coordinates"":[-121.51712969223695,36.031560793326626]}"
12_00000000000000000016_0,30.516274739962416,517.0,0.7685468211723366,BS045,0.0,2019-01-01,1.9889252,2018-01-01,292.51103206268726,284.3917297363281,"{""geodesic"":false,""type"":""Point"",""coordinates"":[-121.50634990882752,36.02886584747427]}"
12_00000000000000000017_0,86.36184101451688,584.0,0.7425292046434846,BS046,0.0,2019-01-01,1.9889252,2018-01-01,292.51103206268726,284.3917297363281,"{""geodesic"":false,""type"":""Point"",""coordinates"":[-121.5047329413161,36.023475955769555]}"
12_00000000000000000018_0,27.554648258351634,690.0,0.6971129017532006,BS047,0.0,2019-01-01,1.9361738,2018-01-01,292.51103206268726,284.3917297363281,"{""geodesic"":false,""type"":""Point"",""coordinates"":[-121.49988203878186,36.02805736371856]}"
12_00000000000000000019_0,58.257639806399,527.0,0.7853435765683668,BS048,0.0,2019-01-01,1.9361738,2018-01-01,292.51103206268726,284.3917297363281,"{""geodesic"":false,""type"":""Point"",""coordinates"":[-121.4904497282986,36.02859635288903]}"
12_0000000000000000001a_0,48.46142810067331,721.0,0.7776603466888194,BS050,0.0,2019-01-01,1.9361738,2018-01-01,292.51103206268726,284.3917297363281,"{""geodesic"":false,""type"":""Point"",""coordinates"":[-121.47966994488917,36.03290826625281]}"
12_0000000000000000001b_0,51.27636766848985,575.0,0.8085686849794048,BS052,0.0,2019-01-01,1.9889252,2018-01-01,292.51103206268726,284.3917297363281,"{""geodesic"":false,""type"":""Point"",""coordinates"":[-121.50122951170803,36.01323516153059]}"
12_0000000000000000001c_0,95.45401226832786,380.0,0.7699322067750859,BS053,0.0,2019-01-01,1.9889252,2018-01-01,292.51103206268726,284.3917297363281,"{""geodesic"":false,""type"":""Point"",""coordinates"":[-121.50661940341276,36.01242667777488]}"
12_0000000000000000001d_0,66.81154714906171,573.0,0.7142999616065974,BS054,0.0,2019-01-01,1.8486744,2018-01-01,293.95890243739296,285.0087429098887,"{""geodesic"":false,""type"":""Point"",""coordinates"":[-121.31339178579864,35.78685970993247]}"
12_0000000000000000001e_0,49.631929967284385,599.0,0.695468312975127,BS057,0.0,2019-01-01,1.9889252,2018-01-01,292.51103206268726,284.3917297363281,"{""geodesic"":false,""type"":""Point"",""coordinates"":[-121.51173980053224,36.029135342059504]}"
12_0000000000000000001f_0,42.10998716549319,767.0,0.8128011744261378,BS058,0.0,2019-01-01,2.234809,2018-01-01,292.0253848977285,283.5435572794039,"{""geodesic"":false,""type"":""Point"",""coordinates"":[-121.54677409661289,36.06012721936163]}"
12_00000000000000000020_0,24.468900518416998,661.0,0.802553358355507,BS059,0.0,2019-01-01,2.234809,2018-01-01,292.0253848977285,283.5435572794039,"{""geodesic"":false,""type"":""Point"",""coordinates"":[-121.54650460202767,36.056623789753566]}"
12_00000000000000000021_0,26.22975326330997,646.0,0.7501591946115709,BS060,0.0,2019-01-01,2.234809,2018-01-01,292.0253848977285,283.5435572794039,"{""geodesic"":false,""type"":""Point"",""coordinates"":[-121.5438096561753,36.05258137097503]}"
12_00000000000000000022_0,24.823913330888033,612.0,0.7211705684671816,BS062,0.0,2019-01-01,1.9889252,2018-01-01,292.51103206268726,284.3917297363281,"{""geodesic"":false,""type"":""Point"",""coordinates"":[-121.54973853705049,36.03398624459375]}"
12_00000000000000000023_0,23.064356878774657,651.0,0.7824754796446906,BS063,0.0,2019-01-01,1.9889252,2018-01-01,292.51103206268726,284.3917297363281,"{""geodesic"":false,""type"":""Point"",""coordinates"":[-121.53788077530011,36.035603212105165]}"
12_00000000000000000024_0,35.88393556200552,746.0,0.7543718110033879,BS066,0.0,2019-01-01,1.9889252,2018-01-01,292.51103206268726,284.3917297363281,"{""geodesic"":false,""type"":""Point"",""coordinates"":[-121.53356886193635,36.03722017961658]}"
12_00000000000000000026_0,18.737439663854833,705.0,0.766947344811463,BS071,0.0,2019-01-01,1.9889252,2018-01-01,292.51103206268726,284.3917297363281,"{""geodesic"":false,""type"":""Point"",""coordinates"":[-121.54515712910148,36.037759168787055]}"
12_00000000000000000029_0,57.861648337217616,581.0,0.7031009478752955,BS076,0.0,2019-01-01,2.5886543,2018-01-01,290.0851728883508,282.80720553463453,"{""geodesic"":false,""type"":""Point"",""coordinates"":[-121.8219280681387,36.361961154825785]}"
12_0000000000000000002a_0,30.368143969644866,607.0,0.7809573601090206,BS077,0.0,2019-01-01,2.5886543,2018-01-01,290.0851728883508,282.80720553463453,"{""geodesic"":false,""type"":""Point"",""coordinates"":[-121.81896362770111,36.35926620897343]}"
12_0000000000000000002b_0,88.70169816530274,626.0,0.6057179535143331,BS078,0.0,2019-01-01,2.5886543,2018-01-01,290.0851728883508,282.80720553463453,"{""geodesic"":false,""type"":""Point"",""coordinates"":[-121.81599918726351,36.35549328478013]}"
12_0000000000000000002c_0,79.2685717250831,745.0,0.6095556500586155,BS079,0.0,2019-01-01,2.5886543,2018-01-01,290.0851728883508,282.80720553463453,"{""geodesic"":false,""type"":""Point"",""coordinates"":[-121.81249575765546,36.35953570355866]}"
12_0000000000000000002d_0,100.88710104089039,867.0,0.5840502006653019,BS080,0.0,2019-01-01,2.5886543,2018-01-01,290.0851728883508,282.80720553463453,"{""geodesic"":false,""type"":""Point"",""coordinates"":[-121.80441092009838,36.36061368189961]}"
12_0000000000000000002e_0,47.497623073055586,316.0,0.7950900614997439,BS081,0.0,2019-01-01,2.5886543,2018-01-01,290.0851728883508,282.80720553463453,"{""geodesic"":false,""type"":""Point"",""coordinates"":[-121.84429611871329,36.37193245447951]}"
12_00000000000000000034_0,29.727998447928456,1009.0,0.6325349948249951,BS088,0.0,2019-01-01,2.4529068,2018-01-01,290.0851728883508,282.80720553463453,"{""geodesic"":false,""type"":""Point"",""coordinates"":[-121.7963260825413,36.3598051981439]}"
12_00000000000000000035_0,55.142000740730396,1058.0,0.6555554038985679,BS089,0.0,2019-01-01,2.4529068,2018-01-01,290.0851728883508,282.80720553463453,"{""geodesic"":false,""type"":""Point"",""coordinates"":[-121.7963260825413,36.3665425627748]}"
12_00000000000000000036_0,78.64066055681434,952.0,0.5859669263208737,BS090,0.0,2019-01-01,2.4529068,2018-01-01,290.0851728883508,282.80720553463453,"{""geodesic"":false,""type"":""Point"",""coordinates"":[-121.79659557712654,36.37085447613857]}"
12_00000000000000000037_0,56.26150491175441,929.0,0.7711557134727546,BS092,0.0,2019-01-01,2.5886543,2018-01-01,290.0851728883508,282.80720553463453,"{""geodesic"":false,""type"":""Point"",""coordinates"":[-121.80414142551314,36.37489689491711]}"
12_00000000000000000038_0,110.13038063147434,785.0,0.4938918585663635,BS094,0.0,2019-01-01,1.8551855,2018-01-01,289.55579604057414,283.9812111632465,"{""geodesic"":false,""type"":""Point"",""coordinates"":[-121.87259305016305,36.45817072175499]}"
12_0000000000000000003a_0,109.06421852308722,521.0,0.6486229624483753,BS102,0.0,2019-01-01,2.5886543,2018-01-01,290.0851728883508,282.80720553463453,"{""geodesic"":false,""type"":""Point"",""coordinates"":[-121.84240965661662,36.38055628120706]}"
12_0000000000000000003b_0,68.2572111630224,504.0,0.6949225353051252,BS103,0.0,2019-01-01,2.5886543,2018-01-01,290.0851728883508,282.80720553463453,"{""geodesic"":false,""type"":""Point"",""coordinates"":[-121.84483510788375,36.378939313695646]}"
12_0000000000000000003d_0,120.48242489414615,889.0,0.5692319273591704,BS112,0.0,2019-01-01,2.389431,2018-01-01,290.0851728883508,282.80720553463453,"{""geodesic"":false,""type"":""Point"",""coordinates"":[-121.8429486457871,36.41774653396961]}"
12_00000000000000000040_0,121.70958802489649,932.0,0.5227315417013564,BS121,0.0,2019-01-01,2.389431,2018-01-01,290.0851728883508,282.80720553463453,"{""geodesic"":false,""type"":""Point"",""coordinates"":[-121.83944521617903,36.42178895274815]}"
12_00000000000000000041_0,67.41021787392955,766.0,0.6761834634820411,BS122,0.0,2019-01-01,2.389431,2018-01-01,290.0851728883508,282.80720553463453,"{""geodesic"":false,""type"":""Point"",""coordinates"":[-121.84429611871329,36.423944909430034]}"
12_00000000000000000042_0,76.67518417363011,338.0,0.7600570952534282,BS123,0.0,2019-01-01,1.8551855,2018-01-01,289.55579604057414,283.9812111632465,"{""geodesic"":false,""type"":""Point"",""coordinates"":[-121.89415261698191,36.48107776150004]}"
12_00000000000000000043_0,60.865300546632625,376.0,0.79027445436076,BS124,0.0,2019-01-01,1.8551855,2018-01-01,289.55579604057414,283.9812111632465,"{""geodesic"":false,""type"":""Point"",""coordinates"":[-121.89011019820337,36.47838281564768]}"
12_00000000000000000044_0,48.74380514758004,408.0,0.8289233538041773,BS125,0.0,2019-01-01,1.8551855,2018-01-01,289.55579604057414,283.9812111632465,"{""geodesic"":false,""type"":""Point"",""coordinates"":[-121.88633727401007,36.4808082669148]}"
12_00000000000000000045_0,53.57003319187227,311.0,0.8060960092231935,BS126,0.0,2019-01-01,1.8551855,2018-01-01,289.55579604057414,283.9812111632465,"{""geodesic"":false,""type"":""Point"",""coordinates"":[-121.88013889854965,36.484311696522866]}"
12_00000000000000000046_0,47.937875597616085,393.0,0.8194020040881401,BS128,0.0,2019-01-01,1.8551855,2018-01-01,289.55579604057414,283.9812111632465,"{""geodesic"":false,""type"":""Point"",""coordinates"":[-121.87367102850399,36.477843826477205]}"
12_00000000000000000047_0,53.03420631936502,351.0,0.8055560846727663,BS129,0.0,2019-01-01,1.8551855,2018-01-01,289.55579604057414,283.9812111632465,"{""geodesic"":false,""type"":""Point"",""coordinates"":[-121.88741525235102,36.49077956656853]}"
12_00000000000000000048_0,27.754524493468228,242.0,0.829043936909041,BS130,0.0,2019-01-01,1.8551855,2018-01-01,289.55579604057414,283.9812111632465,"{""geodesic"":false,""type"":""Point"",""coordinates"":[-121.88391182274296,36.49563046910277]}"
12_00000000000000000049_0,54.43595591088189,250.0,0.8537273589833937,BS131,0.0,2019-01-01,1.4904271,2018-01-01,289.55579604057414,283.9812111632465,"{""geodesic"":false,""type"":""Point"",""coordinates"":[-121.88121687689059,36.500750866222255]}"
12_0000000000000000004e_0,47.10217322975036,306.0,0.8469175331003092,BS137,0.0,2019-01-01,3.0092194,2018-01-01,289.43192368598835,284.7059269735258,"{""geodesic"":false,""type"":""Point"",""coordinates"":[-121.87555749060064,36.347947436393525]}"
12_0000000000000000004f_0,28.573876293723433,306.0,0.8062009230376748,BS138,0.0,2019-01-01,1.8551855,2018-01-01,289.55579604057414,283.9812111632465,"{""geodesic"":false,""type"":""Point"",""coordinates"":[-121.86369972885026,36.49643895285848]}"
12_00000000000000000050_0,39.95951683127747,301.0,0.7509429609490212,BS139,0.0,2019-01-01,1.8551855,2018-01-01,289.55579604057414,283.9812111632465,"{""geodesic"":false,""type"":""Point"",""coordinates"":[-121.86289124509456,36.49104906115377]}"
12_00000000000000000051_0,65.8901233280954,333.0,0.7967810594636926,BS140,0.0,2019-01-01,1.8551855,2018-01-01,289.55579604057414,283.9812111632465,"{""geodesic"":false,""type"":""Point"",""coordinates"":[-121.86720315845832,36.482425234426216]}"
12_00000000000000000052_0,65.93861870735059,297.0,0.8168931719598884,BS141,0.0,2019-01-01,1.8551855,2018-01-01,289.55579604057414,283.9812111632465,"{""geodesic"":false,""type"":""Point"",""coordinates"":[-121.86100478299791,36.48296422359669]}"
12_00000000000000000053_0,37.359933172019026,503.0,0.7219188677093329,BS144,0.0,2019-01-01,1.898678,2018-01-01,290.63897161614403,283.0415523581309,"{""geodesic"":false,""type"":""Point"",""coordinates"":[-121.81761615477494,36.46841151599395]}"
12_00000000000000000054_0,100.10137608882827,722.0,0.5780017922759421,BS146,0.0,2019-01-01,1.8551855,2018-01-01,289.55579604057414,283.9812111632465,"{""geodesic"":false,""type"":""Point"",""coordinates"":[-121.87313203933351,36.46302162428923]}"
12_00000000000000000055_0,92.43567275139068,435.0,0.7394857595766068,BS147,0.0,2019-01-01,1.8551855,2018-01-01,289.55579604057414,283.9812111632465,"{""geodesic"":false,""type"":""Point"",""coordinates"":[-121.88687626318055,36.47083696726107]}"
12_00000000000000000056_0,116.51133461401827,880.0,0.5934364699243375,BS148,0.0,2019-01-01,1.8551855,2018-01-01,289.55579604057414,283.9812111632465,"{""geodesic"":false,""type"":""Point"",""coordinates"":[-121.87124557723686,36.453050324635505]}"
12_00000000000000000057_0,130.8623524164477,767.0,0.44363228962015744,BS149,0.0,2019-01-01,1.8551855,2018-01-01,289.55579604057414,283.9812111632465,"{""geodesic"":false,""type"":""Point"",""coordinates"":[-121.87690496352683,36.45251133546503]}"
12_00000000000000000059_0,78.05717947590261,513.0,0.7634972758182227,BS151,0.0,2019-01-01,1.8551855,2018-01-01,289.55579604057414,283.9812111632465,"{""geodesic"":false,""type"":""Point"",""coordinates"":[-121.85130297792941,36.46248263511876]}"
12_0000000000000000005a_0,93.86608902691296,436.0,0.7388029407352387,BS152,0.0,2019-01-01,1.8551855,2018-01-01,289.55579604057414,283.9812111632465,"{""geodesic"":false,""type"":""Point"",""coordinates"":[-121.85184196709989,36.46706404306777]}"
12_0000000000000000005b_0,56.01455327739691,440.0,0.7268448961867126,BS156,0.0,2019-01-01,3.1363428,2018-01-01,289.8891082345623,283.6858982870024,"{""geodesic"":false,""type"":""Point"",""coordinates"":[-121.80306344717219,36.30725375402291]}"
12_0000000000000000005c_0,75.80600377599369,369.0,0.7336387573700063,BS157,0.0,2019-01-01,3.1363428,2018-01-01,289.8891082345623,283.6858982870024,"{""geodesic"":false,""type"":""Point"",""coordinates"":[-121.80737536053597,36.30375032441484]}"
12_0000000000000000005d_0,26.704819957292656,649.0,0.689441766412207,BS158,0.0,2019-01-01,2.5886543,2018-01-01,290.0851728883508,282.80720553463453,"{""geodesic"":false,""type"":""Point"",""coordinates"":[-121.8143822197521,36.35118137141635]}"
12_0000000000000000005e_0,38.83130202751054,294.0,0.8018070443926688,BS159,0.0,2019-01-01,3.1363428,2018-01-01,289.8891082345623,283.6858982870024,"{""geodesic"":false,""type"":""Point"",""coordinates"":[-121.80225496341649,36.34067108259215]}"
12_0000000000000000005f_0,29.404454728978607,409.0,0.7468242447006102,BS160,0.0,2019-01-01,3.0591784,2018-01-01,289.8891082345623,283.6858982870024,"{""geodesic"":false,""type"":""Point"",""coordinates"":[-121.79821254463795,36.32935231001225]}"
12_00000000000000000060_0,26.648254523311092,1125.0,0.581205326209616,BS161,0.0,2019-01-01,2.6268365,2018-01-01,290.4775061202376,282.5811847007438,"{""geodesic"":false,""type"":""Point"",""coordinates"":[-121.71305225570342,36.3350116963022]}"
12_00000000000000000061_0,101.62620323994989,1102.0,0.5467303198713901,BS162,0.0,2019-01-01,2.6268365,2018-01-01,290.4775061202376,282.5811847007438,"{""geodesic"":false,""type"":""Point"",""coordinates"":[-121.71601669614101,36.34013209342169]}"
12_00000000000000000062_0,25.497974854912073,1175.0,0.49416057810509545,BS163,0.0,2019-01-01,2.6268365,2018-01-01,290.4775061202376,282.5811847007438,"{""geodesic"":false,""type"":""Point"",""coordinates"":[-121.71952012574909,36.3455219851264]}"
12_00000000000000000063_0,26.25372898585481,327.0,0.8229271996892725,BS165,0.0,2019-01-01,3.0591784,2018-01-01,289.8891082345623,283.6858982870024,"{""geodesic"":false,""type"":""Point"",""coordinates"":[-121.79201416917752,36.32584888040418]}"
12_00000000000000000064_0,54.40567137422647,373.0,0.7644636609394059,BS166,0.0,2019-01-01,3.0591784,2018-01-01,289.8891082345623,283.6858982870024,"{""geodesic"":false,""type"":""Point"",""coordinates"":[-121.79228366376276,36.32935231001225]}"
12_00000000000000000065_0,58.57149447264404,437.0,0.719711056067355,BS167,0.0,2019-01-01,3.0591784,2018-01-01,289.8891082345623,283.6858982870024,"{""geodesic"":false,""type"":""Point"",""coordinates"":[-121.79066669625135,36.320997977869936]}"
12_00000000000000000066_0,81.42087088304184,346.0,0.7477634343893594,BS168,0.0,2019-01-01,3.0591784,2018-01-01,289.8891082345623,283.6858982870024,"{""geodesic"":false,""type"":""Point"",""coordinates"":[-121.78446832079092,36.32477090206324]}"
12_00000000000000000067_0,27.665836266807116,1111.0,0.398325693034862,BS172,0.0,2019-01-01,2.2238631,2018-01-01,291.1225695048293,281.01555815396244,"{""geodesic"":false,""type"":""Point"",""coordinates"":[-121.7429661546646,36.361961154825785]}"
12_00000000000000000068_0,34.21241973609915,522.0,0.600573567151743,BS175,0.0,2019-01-01,3.1363428,2018-01-01,289.8891082345623,283.6858982870024,"{""geodesic"":false,""type"":""Point"",""coordinates"":[-121.80117698507554,36.314799602409515]}"
12_00000000000000000069_0,29.91192605711822,533.0,0.6593133397451503,BS176,0.0,2019-01-01,3.0591784,2018-01-01,289.8891082345623,283.6858982870024,"{""geodesic"":false,""type"":""Point"",""coordinates"":[-121.79147518000705,36.30967920529003]}"
12_0000000000000000006a_0,73.49765957692304,577.0,0.7429331370033047,BS177,0.0,2019-01-01,3.0591784,2018-01-01,289.8891082345623,283.6858982870024,"{""geodesic"":false,""type"":""Point"",""coordinates"":[-121.79012770708087,36.30698425943768]}"
12_0000000000000000006b_0,51.66794256540261,231.0,0.8438396684887324,BS186,0.0,2019-01-01,3.6464832,2018-01-01,289.8891082345623,283.6858982870024,"{""geodesic"":false,""type"":""Point"",""coordinates"":[-121.82731795984343,36.268985522919415]}"
12_0000000000000000006c_0,31.96730029539765,123.0,0.8008212519381868,BS187,0.0,2019-01-01,3.6464832,2018-01-01,289.8891082345623,283.6858982870024,"{""geodesic"":false,""type"":""Point"",""coordinates"":[-121.82731795984343,36.28111277925503]}"
12_0000000000000000006d_0,32.0365269569197,275.0,0.8376837678112281,BS188,0.0,2019-01-01,3.6464832,2018-01-01,289.8891082345623,283.6858982870024,"{""geodesic"":false,""type"":""Point"",""coordinates"":[-121.82300604647965,36.26413462038517]}"
12_0000000000000000006e_0,58.959344108165546,109.0,0.7887313427502647,BS190,0.0,2019-01-01,3.6464832,2018-01-01,289.8891082345623,283.6858982870024,"{""geodesic"":false,""type"":""Point"",""coordinates"":[-121.83297734613338,36.285963681789276]}"
12_0000000000000000006f_0,58.02689516861604,422.0,0.777387067433173,BS193,0.0,2019-01-01,3.6464832,2018-01-01,289.8891082345623,283.6858982870024,"{""geodesic"":false,""type"":""Point"",""coordinates"":[-121.82839593818437,36.2988994218806]}"
12_00000000000000000070_0,76.94461512805624,437.0,0.7135237838273515,BS194,0.0,2019-01-01,3.6464832,2018-01-01,289.8891082345623,283.6858982870024,"{""geodesic"":false,""type"":""Point"",""coordinates"":[-121.82408402482059,36.29674346519871]}"
12_00000000000000000071_0,68.10226360779052,590.0,0.4854472659083509,BS195,0.0,2019-01-01,3.6464832,2018-01-01,289.8891082345623,283.6858982870024,"{""geodesic"":false,""type"":""Point"",""coordinates"":[-121.81249575765546,36.2951264976873]}"
12_00000000000000000072_0,88.64503045895013,661.0,0.5574908308929815,BS196,0.0,2019-01-01,3.6464832,2018-01-01,289.8891082345623,283.6858982870024,"{""geodesic"":false,""type"":""Point"",""coordinates"":[-121.80926182263262,36.29135357349399]}"
12_00000000000000000073_0,58.6794191491691,790.0,0.49293954419303804,BS201,0.0,2019-01-01,2.5886543,2018-01-01,290.0851728883508,282.80720553463453,"{""geodesic"":false,""type"":""Point"",""coordinates"":[-121.82650947608772,36.353606822683474]}"
12_00000000000000000074_0,25.662704172341066,787.0,0.4678347414160331,BS202,0.0,2019-01-01,2.5886543,2018-01-01,290.0851728883508,282.80720553463453,"{""geodesic"":false,""type"":""Point"",""coordinates"":[-121.83567229198573,36.35333732809824]}"
12_00000000000000000075_0,45.4726277976507,795.0,0.7745237877162062,BS203,0.0,2019-01-01,2.5886543,2018-01-01,290.0851728883508,282.80720553463453,"{""geodesic"":false,""type"":""Point"",""coordinates"":[-121.83675027032668,36.35791873604725]}"
12_00000000000000000076_0,41.666453494947284,794.0,0.7980380895605875,BS204,0.0,2019-01-01,2.5886543,2018-01-01,290.0851728883508,282.80720553463453,"{""geodesic"":false,""type"":""Point"",""coordinates"":[-121.84240965661662,36.358188230632486]}"
12_00000000000000000077_0,22.988088664549313,98.0,0.8385417968447394,BS205,0.0,2019-01-01,3.6464832,2018-01-01,289.8891082345623,283.6858982870024,"{""geodesic"":false,""type"":""Point"",""coordinates"":[-121.81195676848498,36.27006350126036]}"
12_00000000000000000078_0,57.69212102854963,335.0,0.7719081011802852,BS207,0.0,2019-01-01,3.6464832,2018-01-01,289.8891082345623,283.6858982870024,"{""geodesic"":false,""type"":""Point"",""coordinates"":[-121.80252445800173,36.25712776116904]}"
12_00000000000000000080_0,70.77268301713853,375.0,0.6851739097006434,BS223,0.0,2019-01-01,3.1032252,2018-01-01,290.4775061202376,282.5811847007438,"{""geodesic"":false,""type"":""Point"",""coordinates"":[-121.74916453012503,36.250390396538144]}"
12_00000000000000000081_0,73.54251699008934,457.0,0.7274629739745816,BS224,0.0,2019-01-01,3.1032252,2018-01-01,290.4775061202376,282.5811847007438,"{""geodesic"":false,""type"":""Point"",""coordinates"":[-121.73973221964177,36.25389382614621]}"
12_00000000000000000082_0,72.69755155050379,497.0,0.7688747792423617,BS226,0.0,2019-01-01,3.3058763,2018-01-01,290.7442766581496,284.1161884046581,"{""geodesic"":false,""type"":""Point"",""coordinates"":[-121.73595929544847,36.24958191278244]}"
12_00000000000000000083_0,76.11289634856578,517.0,0.6795348793872737,BS228,0.0,2019-01-01,3.3058763,2018-01-01,290.7442766581496,284.1161884046581,"{""geodesic"":false,""type"":""Point"",""coordinates"":[-121.72733546872092,36.24580898858913]}"
12_00000000000000000084_0,84.13545229260306,742.0,0.6575104786191486,BS229,0.0,2019-01-01,3.3058763,2018-01-01,290.7442766581496,284.1161884046581,"{""geodesic"":false,""type"":""Point"",""coordinates"":[-121.7286829416471,36.23637667810588]}"
12_00000000000000000085_0,36.254741003860865,563.0,0.7313688911337111,BS230,0.0,2019-01-01,3.3058763,2018-01-01,290.7442766581496,284.1161884046581,"{""geodesic"":false,""type"":""Point"",""coordinates"":[-121.72059810409003,36.24149707522536]}"
12_00000000000000000086_0,106.36993449592056,723.0,0.5661323413161498,BS232,0.0,2019-01-01,3.3058763,2018-01-01,290.7442766581496,284.1161884046581,"{""geodesic"":false,""type"":""Point"",""coordinates"":[-121.74620008968743,36.23961061312871]}"
12_00000000000000000087_0,87.23007261188049,709.0,0.7225886543280514,BS233,0.0,2019-01-01,3.3058763,2018-01-01,290.7442766581496,284.1161884046581,"{""geodesic"":false,""type"":""Point"",""coordinates"":[-121.74512211134649,36.2312562809864]}"
12_0000000000000000008b_0,93.10101657396375,325.0,0.7141576367180473,BS240,0.0,2019-01-01,3.3058763,2018-01-01,290.7442766581496,284.1161884046581,"{""geodesic"":false,""type"":""Point"",""coordinates"":[-121.71844214740814,36.24796494527102]}"
12_0000000000000000008c_0,78.61970285997383,376.0,0.7368603224430758,BS241,0.0,2019-01-01,3.3058763,2018-01-01,290.7442766581496,284.1161884046581,"{""geodesic"":false,""type"":""Point"",""coordinates"":[-121.71332175028866,36.24607848317437]}"
12_0000000000000000008d_0,38.68944303855334,442.0,0.8299212289466443,BS242,0.0,2019-01-01,3.3058763,2018-01-01,290.7442766581496,284.1161884046581,"{""geodesic"":false,""type"":""Point"",""coordinates"":[-121.70173348312352,36.24715646151531]}"
12_0000000000000000008e_0,92.06087745620856,451.0,0.715248376587286,BS243,0.0,2019-01-01,2.9555123,2018-01-01,290.7442766581496,284.1161884046581,"{""geodesic"":false,""type"":""Point"",""coordinates"":[-121.6941876347369,36.248503934441494]}"
12_0000000000000000008f_0,37.10630965955563,394.0,0.7775298278260964,BS244,0.0,2019-01-01,2.7662518,2018-01-01,290.4775061202376,282.5811847007438,"{""geodesic"":false,""type"":""Point"",""coordinates"":[-121.68771976469125,36.25200736404956]}"
12_00000000000000000090_0,84.11524040429755,459.0,0.6708439685537049,BS245,0.0,2019-01-01,2.9555123,2018-01-01,290.7442766581496,284.1161884046581,"{""geodesic"":false,""type"":""Point"",""coordinates"":[-121.68125189464558,36.2493124181972]}"
12_00000000000000000091_0,25.508783329655316,528.0,0.6398200387680929,BS246,0.0,2019-01-01,2.7662518,2018-01-01,290.4775061202376,282.5811847007438,"{""geodesic"":false,""type"":""Point"",""coordinates"":[-121.67720947586704,36.250390396538144]}"
12_00000000000000000092_0,28.1843155566136,604.0,0.7498474647416401,BS247,0.0,2019-01-01,2.7662518,2018-01-01,290.4775061202376,282.5811847007438,"{""geodesic"":false,""type"":""Point"",""coordinates"":[-121.67074160582139,36.2560497828281]}"
12_00000000000000000093_0,49.12276086239018,692.0,0.6174426194212167,BS248,0.0,2019-01-01,2.9555123,2018-01-01,290.7442766581496,284.1161884046581,"{""geodesic"":false,""type"":""Point"",""coordinates"":[-121.65942283324148,36.248503934441494]}"
12_00000000000000000094_0,37.32676407319185,580.0,0.7284267886309506,BS249,0.0,2019-01-01,2.9555123,2018-01-01,290.7442766581496,284.1161884046581,"{""geodesic"":false,""type"":""Point"",""coordinates"":[-121.65349395236629,36.248503934441494]}"
12_00000000000000000095_0,18.056914374636445,827.0,0.7699030756429722,BS251,0.0,2019-01-01,3.3058763,2018-01-01,290.7442766581496,284.1161884046581,"{""geodesic"":false,""type"":""Point"",""coordinates"":[-121.73191687666993,36.23044779723069]}"
12_00000000000000000096_0,57.808743260456396,888.0,0.6646728014604867,BS253,0.0,2019-01-01,3.3058763,2018-01-01,290.7442766581496,284.1161884046581,"{""geodesic"":false,""type"":""Point"",""coordinates"":[-121.71763366365244,36.22020700299173]}"
12_00000000000000000097_0,78.57171679346739,901.0,0.7140172123848326,BS254,0.0,2019-01-01,3.3058763,2018-01-01,290.7442766581496,284.1161884046581,"{""geodesic"":false,""type"":""Point"",""coordinates"":[-121.71170478277725,36.219937508406495]}"
12_00000000000000000098_0,89.50268459955332,1127.0,0.5844397778048026,BS257,0.0,2019-01-01,2.9555123,2018-01-01,290.7442766581496,284.1161884046581,"{""geodesic"":false,""type"":""Point"",""coordinates"":[-121.67936543254893,36.20969671416753]}"
12_00000000000000000099_0,24.389445596670054,122.0,0.7631836169387568,BS259,0.0,2019-01-01,3.5120177,2018-01-01,289.8891082345623,283.6858982870024,"{""geodesic"":false,""type"":""Point"",""coordinates"":[-121.79875153380843,36.26629057706706]}"
12_0000000000000000009a_0,31.97561297303497,256.0,0.8267836576148794,BS260,0.0,2019-01-01,3.6464832,2018-01-01,289.8891082345623,283.6858982870024,"{""geodesic"":false,""type"":""Point"",""coordinates"":[-121.80521940385408,36.260900685362344]}"
12_0000000000000000009b_0,49.34333435289091,539.0,0.6556048430644912,BS262,0.0,2019-01-01,3.3058763,2018-01-01,290.7442766581496,284.1161884046581,"{""geodesic"":false,""type"":""Point"",""coordinates"":[-121.71978962033431,36.23718516186159]}"
12_0000000000000000009c_0,21.88621064420495,209.0,0.8294149725564373,BS265,0.0,2019-01-01,3.6464832,2018-01-01,289.8891082345623,283.6858982870024,"{""geodesic"":false,""type"":""Point"",""coordinates"":[-121.81707716560446,36.25012090195291]}"
12_0000000000000000009e_0,16.734352596866742,854.0,0.6178737254284595,BS271,0.0,2019-01-01,3.3058763,2018-01-01,290.7442766581496,284.1161884046581,"{""geodesic"":false,""type"":""Point"",""coordinates"":[-121.71224377194771,36.213200143775595]}"
12_0000000000000000009f_0,38.15405110289699,635.0,0.678622717586401,BS272,0.0,2019-01-01,3.3058763,2018-01-01,290.7442766581496,284.1161884046581,"{""geodesic"":false,""type"":""Point"",""coordinates"":[-121.7001165156121,36.20134238202522]}"
12_000000000000000000a0_0,16.691690459714483,765.0,0.8051893977612777,BS273,0.0,2019-01-01,2.9555123,2018-01-01,290.7442766581496,284.1161884046581,"{""geodesic"":false,""type"":""Point"",""coordinates"":[-121.69472662390739,36.205384800803756]}"
12_000000000000000000a1_0,27.95045513472223,1154.0,0.5641912858053502,BS274,0.0,2019-01-01,3.047671,2018-01-01,290.7442766581496,284.1161884046581,"{""geodesic"":false,""type"":""Point"",""coordinates"":[-121.65645839280388,36.18975411486008]}"
12_000000000000000000a2_0,78.4741417868509,385.0,0.8259726739555155,BS276,0.0,2019-01-01,3.047671,2018-01-01,290.7442766581496,284.1161884046581,"{""geodesic"":false,""type"":""Point"",""coordinates"":[-121.68610279717983,36.180321804376824]}"
12_000000000000000000a3_0,54.596674891710556,271.0,0.8372276261670059,BS277,0.0,2019-01-01,3.047671,2018-01-01,290.7442766581496,284.1161884046581,"{""geodesic"":false,""type"":""Point"",""coordinates"":[-121.66616019787239,36.16630808594456]}"
12_000000000000000000a8_0,40.37116751822113,617.0,0.8112545244085577,BS283,0.0,2019-01-01,3.047671,2018-01-01,290.7442766581496,284.1161884046581,"{""geodesic"":false,""type"":""Point"",""coordinates"":[-121.68044341088988,36.180052309791584]}"
12_000000000000000000a9_0,73.02366533223152,987.0,0.7476101056846848,BS287,0.0,2019-01-01,2.6972764,2018-01-01,291.13881723064264,283.1002424684289,"{""geodesic"":false,""type"":""Point"",""coordinates"":[-121.61010532414332,36.15013841083041]}"
12_000000000000000000aa_0,61.8463136234318,400.0,0.7541035784267083,BS292,0.0,2019-01-01,1.8551855,2018-01-01,289.55579604057414,283.9812111632465,"{""geodesic"":false,""type"":""Point"",""coordinates"":[-121.85157247251465,36.48916259905711]}"
12_000000000000000000ab_0,39.18748438652953,307.0,0.8531570617487404,BS293,0.0,2019-01-01,1.8551855,2018-01-01,289.55579604057414,283.9812111632465,"{""geodesic"":false,""type"":""Point"",""coordinates"":[-121.8534589346113,36.47919129940339]}"
12_000000000000000000ac_0,79.82772759038193,489.0,0.6329840528525131,BS294,0.0,2019-01-01,1.8551855,2018-01-01,289.55579604057414,283.9812111632465,"{""geodesic"":false,""type"":""Point"",""coordinates"":[-121.8572318588046,36.46059617302211]}"
12_000000000000000000ad_0,79.69512620476425,205.0,0.8107840857541554,BS295,0.0,2019-01-01,1.9128374,2018-01-01,292.51103206268726,284.3917297363281,"{""geodesic"":false,""type"":""Point"",""coordinates"":[-121.49098871746908,35.99464003514932]}"
12_000000000000000000ae_0,35.619303120916534,616.0,0.8032072603074738,BS296,0.0,2019-01-01,1.9361738,2018-01-01,292.51103206268726,284.3917297363281,"{""geodesic"":false,""type"":""Point"",""coordinates"":[-121.47077662357638,36.00299436729163]}"
12_000000000000000000af_0,28.813981170918684,626.0,0.791693782620949,BS297,0.0,2019-01-01,1.9361738,2018-01-01,292.51103206268726,284.3917297363281,"{""geodesic"":false,""type"":""Point"",""coordinates"":[-121.45622391597365,36.00110790519498]}"
12_000000000000000000b0_0,79.09057069936705,223.0,0.8251123764640067,BS299,0.0,2019-01-01,1.9128374,2018-01-01,292.51103206268726,284.3917297363281,"{""geodesic"":false,""type"":""Point"",""coordinates"":[-121.47454954776968,35.99140610012648]}"
12_000000000000000000b1_0,53.52417322319473,530.0,0.7555352293208213,BS301,0.0,2019-01-01,1.9128374,2018-01-01,292.51103206268726,284.3917297363281,"{""geodesic"":false,""type"":""Point"",""coordinates"":[-121.46969864523544,35.98682469217748]}"
12_000000000000000000b2_0,57.853990300354184,675.0,0.79563260964518,BS303,0.0,2019-01-01,1.9128374,2018-01-01,292.51103206268726,284.3917297363281,"{""geodesic"":false,""type"":""Point"",""coordinates"":[-121.46592572104214,35.981704295057995]}"
12_000000000000000000b3_0,41.34938132918443,861.0,0.8191548615515665,BS304,0.0,2019-01-01,1.9128374,2018-01-01,292.51103206268726,284.3917297363281,"{""geodesic"":false,""type"":""Point"",""coordinates"":[-121.454337453877,35.97604490876804]}"
12_000000000000000000b4_0,28.020156764494107,918.0,0.7538930470966829,BS306,0.0,2019-01-01,1.8611248,2018-01-01,293.4778026842091,283.8967961559557,"{""geodesic"":false,""type"":""Point"",""coordinates"":[-121.43412535998431,35.98224328422847]}"
12_000000000000000000b5_0,32.66993359465161,639.0,0.8030693034562073,BS309,0.0,2019-01-01,1.9128374,2018-01-01,292.51103206268726,284.3917297363281,"{""geodesic"":false,""type"":""Point"",""coordinates"":[-121.45110351885417,35.98682469217748]}"
12_000000000000000000b6_0,39.61130698534285,528.0,0.7682015392336852,BS310,0.0,2019-01-01,1.9128374,2018-01-01,292.51103206268726,284.3917297363281,"{""geodesic"":false,""type"":""Point"",""coordinates"":[-121.47401055859922,35.98143480047276]}"
12_000000000000000000b7_0,24.93028771753632,600.0,0.754738081065564,BS312,0.0,2019-01-01,1.9128374,2018-01-01,292.51103206268726,284.3917297363281,"{""geodesic"":false,""type"":""Point"",""coordinates"":[-121.45784088348506,35.95960573906866]}"
12_000000000000000000b8_0,28.006535572168442,603.0,0.7698425299929262,BS313,0.0,2019-01-01,1.8611248,2018-01-01,293.4778026842091,283.8967961559557,"{""geodesic"":false,""type"":""Point"",""coordinates"":[-121.43547283291049,35.952868374437756]}"
12_000000000000000000b9_0,67.88304119455974,819.0,0.7970671870414763,BS315,0.0,2019-01-01,1.7700093,2018-01-01,293.35821779852046,285.14558799430114,"{""geodesic"":false,""type"":""Point"",""coordinates"":[-121.42819647910912,35.94316656936927]}"
12_000000000000000000ba_0,72.03034088020257,591.0,0.7641176757678093,BS316,0.0,2019-01-01,1.7700093,2018-01-01,293.35821779852046,285.14558799430114,"{""geodesic"":false,""type"":""Point"",""coordinates"":[-121.43978474627426,35.940471623516906]}"
12_000000000000000000bb_0,47.88624234018277,544.0,0.8398410757511205,BS317,0.0,2019-01-01,1.7700093,2018-01-01,293.35821779852046,285.14558799430114,"{""geodesic"":false,""type"":""Point"",""coordinates"":[-121.4446356488085,35.94181909644309]}"
12_000000000000000000bc_0,59.29775801596988,1007.0,0.8136755419180492,BS320,0.0,2019-01-01,1.8611248,2018-01-01,293.4778026842091,283.8967961559557,"{""geodesic"":false,""type"":""Point"",""coordinates"":[-121.42280658740441,35.9501734285854]}"
12_000000000000000000bd_0,19.69748473063817,928.0,0.7825398898306276,BS321,0.0,2019-01-01,1.7700093,2018-01-01,293.35821779852046,285.14558799430114,"{""geodesic"":false,""type"":""Point"",""coordinates"":[-121.42523203867152,35.938046172249784]}"
12_000000000000000000be_0,24.999576975043336,954.0,0.7760319192048905,BS322,0.0,2019-01-01,1.7700093,2018-01-01,293.35821779852046,285.14558799430114,"{""geodesic"":false,""type"":""Point"",""coordinates"":[-121.42900496286482,35.93346476430078]}"
12_000000000000000000bf_0,38.28793958621773,816.0,0.6501282966872647,BS323,0.0,2019-01-01,1.7700093,2018-01-01,293.35821779852046,285.14558799430114,"{""geodesic"":false,""type"":""Point"",""coordinates"":[-121.43116091954671,35.923762959232285]}"
12_000000000000000000c0_0,32.02185396530274,766.0,0.7143534345206407,BS324,0.0,2019-01-01,1.7700093,2018-01-01,293.35821779852046,285.14558799430114,"{""geodesic"":false,""type"":""Point"",""coordinates"":[-121.43223889788766,35.9186425621128]}"
12_000000000000000000c1_0,29.85575052791218,730.0,0.8305265736683833,BS326,0.0,2019-01-01,1.7700093,2018-01-01,293.35821779852046,285.14558799430114,"{""geodesic"":false,""type"":""Point"",""coordinates"":[-121.43062193037625,35.913522164993324]}"
12_000000000000000000c2_0,70.43999226415035,449.0,0.651705224400381,BS328,0.0,2019-01-01,1.8090535,2018-01-01,293.35821779852046,285.14558799430114,"{""geodesic"":false,""type"":""Point"",""coordinates"":[-121.43439485456955,35.89034563066304]}"
12_000000000000000000c3_0,30.691860402757797,602.0,0.7509146472495322,BS330,0.0,2019-01-01,1.8090535,2018-01-01,293.35821779852046,285.14558799430114,"{""geodesic"":false,""type"":""Point"",""coordinates"":[-121.4287354682796,35.88145230935026]}"
12_000000000000000000c4_0,36.44104862445654,758.0,0.7906499594510141,BS331,0.0,2019-01-01,1.8090535,2018-01-01,293.35821779852046,285.14558799430114,"{""geodesic"":false,""type"":""Point"",""coordinates"":[-121.41876416862587,35.88414725520261]}"
12_000000000000000000c5_0,57.56509369898575,835.0,0.8472485567935937,BS333,0.0,2019-01-01,1.8090535,2018-01-01,293.35821779852046,285.14558799430114,"{""geodesic"":false,""type"":""Point"",""coordinates"":[-121.40178600975601,35.88818967398115]}"
12_000000000000000000c6_0,63.11114924335784,972.0,0.8565377688834559,BS334,0.0,2019-01-01,1.731123,2018-01-01,293.35821779852046,285.14558799430114,"{""geodesic"":false,""type"":""Point"",""coordinates"":[-121.3875027967385,35.890884619833514]}"
12_000000000000000000c7_0,46.738495580715856,935.0,0.8583954399708342,BS335,0.0,2019-01-01,1.731123,2018-01-01,293.35821779852046,285.14558799430114,"{""geodesic"":false,""type"":""Point"",""coordinates"":[-121.3791484645962,35.89223209275969]}"
12_000000000000000000c8_0,45.43529960658793,606.0,0.791259750715436,BS338,0.0,2019-01-01,1.731123,2018-01-01,293.35821779852046,285.14558799430114,"{""geodesic"":false,""type"":""Point"",""coordinates"":[-121.3942401613694,35.87094202052606]}"
12_000000000000000000c9_0,26.370367293035077,503.0,0.7861619628229946,BS355,0.0,2019-01-01,3.0591784,2018-01-01,289.8891082345623,283.6858982870024,"{""geodesic"":false,""type"":""Point"",""coordinates"":[-121.78824124498422,36.33393371796126]}"
12_000000000000000000ca_0,28.890842373291317,807.0,0.6772810999777583,BS358,0.0,2019-01-01,3.0591784,2018-01-01,289.8891082345623,283.6858982870024,"{""geodesic"":false,""type"":""Point"",""coordinates"":[-121.78608528830233,36.3455219851264]}"
12_000000000000000000cb_0,50.50296802266606,736.0,0.7443492738204798,BS359,0.0,2019-01-01,2.4529068,2018-01-01,290.0851728883508,282.80720553463453,"{""geodesic"":false,""type"":""Point"",""coordinates"":[-121.79039720166611,36.35037288766065]}"
12_000000000000000000cc_0,53.388915382556156,936.0,0.5502022745117691,BS360,0.0,2019-01-01,2.4529068,2018-01-01,290.0851728883508,282.80720553463453,"{""geodesic"":false,""type"":""Point"",""coordinates"":[-121.79120568542182,36.355762779365364]}"
12_000000000000000000cd_0,72.11583707930299,1015.0,0.4835408716732872,BS365,0.0,2019-01-01,2.9555123,2018-01-01,290.7442766581496,284.1161884046581,"{""geodesic"":false,""type"":""Point"",""coordinates"":[-121.68610279717983,36.22290194884409]}"
12_000000000000000000ce_0,17.21035120540448,665.0,0.7143629770537525,BS372,0.0,2019-01-01,3.3058763,2018-01-01,290.7442766581496,284.1161884046581,"{""geodesic"":false,""type"":""Point"",""coordinates"":[-121.73568980086323,36.22290194884409]}"
12_000000000000000000cf_0,28.435444171900368,783.0,0.6779101698645541,BS373,0.0,2019-01-01,3.3058763,2018-01-01,290.7442766581496,284.1161884046581,"{""geodesic"":false,""type"":""Point"",""coordinates"":[-121.7362287900337,36.228022345963566]}"
12_000000000000000000d1_0,56.47708483427745,371.0,0.8242738411385977,BS378,0.0,2019-01-01,3.3058763,2018-01-01,290.7442766581496,284.1161884046581,"{""geodesic"":false,""type"":""Point"",""coordinates"":[-121.74566110051695,36.219668013821256]}"
12_000000000000000000d2_0,53.71235152164509,746.0,0.47602249735077073,BS379,0.0,2019-01-01,3.3058763,2018-01-01,290.7442766581496,284.1161884046581,"{""geodesic"":false,""type"":""Point"",""coordinates"":[-121.73973221964177,36.23098678640116]}"
12_000000000000000000d8_0,63.586261265743275,371.0,0.7512392740141691,BS390,0.0,2019-01-01,3.0591784,2018-01-01,289.8891082345623,283.6858982870024,"{""geodesic"":false,""type"":""Point"",""coordinates"":[-121.79470911502989,36.333394728790786]}"
12_000000000000000000dd_0,24.266556191708528,878.0,0.8173202213482632,BS399,0.0,2019-01-01,1.7700093,2018-01-01,293.35821779852046,285.14558799430114,"{""geodesic"":false,""type"":""Point"",""coordinates"":[-121.42361507116011,35.93076981844842]}"
12_000000000000000000de_0,32.45024761928338,878.0,0.7297096983916274,BS405,0.0,2019-01-01,1.9889252,2018-01-01,292.51103206268726,284.3917297363281,"{""geodesic"":false,""type"":""Point"",""coordinates"":[-121.535455324033,36.04476602800319]}"
12_000000000000000000e1_0,27.443144175891252,263.0,0.8628673641124237,BS412,0.0,2019-01-01,1.7700093,2018-01-01,293.35821779852046,285.14558799430114,"{""geodesic"":false,""type"":""Point"",""coordinates"":[-121.41849467404063,35.90408985451007]}"
12_000000000000000000e2_0,33.52289996837166,628.0,0.708693890015374,BS413,0.0,2019-01-01,1.6714332,2018-01-01,293.95890243739296,285.0087429098887,"{""geodesic"":false,""type"":""Point"",""coordinates"":[-121.33360387969134,35.806263320069455]}"
12_000000000000000000e5_0,74.15723679893739,597.0,0.769492957574032,BS420,0.0,2019-01-01,1.9361738,2018-01-01,292.51103206268726,284.3917297363281,"{""geodesic"":false,""type"":""Point"",""coordinates"":[-121.49071922288384,36.02374545035479]}"
12_000000000000000000e6_0,24.937139211742537,133.0,0.8269835474575916,BS423,0.0,2019-01-01,1.9889252,2018-01-01,292.51103206268726,284.3917297363281,"{""geodesic"":false,""type"":""Point"",""coordinates"":[-121.52144160560073,36.01566061279771]}"
12_000000000000000000e7_0,75.98701770897323,1336.0,0.7409109033404083,BS425,0.0,2019-01-01,2.0487535,2018-01-01,292.0253848977285,283.5435572794039,"{""geodesic"":false,""type"":""Point"",""coordinates"":[-121.49880406044092,36.05500682224215]}"
12_000000000000000000e8_0,38.94651606600249,268.0,0.722185102584563,BS426,0.0,2019-01-01,1.9889252,2018-01-01,292.51103206268726,284.3917297363281,"{""geodesic"":false,""type"":""Point"",""coordinates"":[-121.52817897023162,36.018894547820544]}"
12_000000000000000000e9_0,99.12852238247956,531.0,0.68603051683986,BS427,0.0,2019-01-01,2.5886543,2018-01-01,290.0851728883508,282.80720553463453,"{""geodesic"":false,""type"":""Point"",""coordinates"":[-121.83459431364479,36.37193245447951]}"
12_000000000000000000ea_0,62.38963964089111,379.0,0.7826114806166425,BS429,0.0,2019-01-01,1.8551855,2018-01-01,289.55579604057414,283.9812111632465,"{""geodesic"":false,""type"":""Point"",""coordinates"":[-121.85184196709989,36.47245393477249]}"
12_000000000000000000eb_0,79.42083666542536,524.0,0.7625841542074959,BS430,0.0,2019-01-01,1.898678,2018-01-01,290.63897161614403,283.0415523581309,"{""geodesic"":false,""type"":""Point"",""coordinates"":[-121.81087879014403,36.46625555931207]}"
12_000000000000000000ec_0,57.51927942685932,808.0,0.765619189686671,BS431,0.0,2019-01-01,1.8551855,2018-01-01,289.55579604057414,283.9812111632465,"{""geodesic"":false,""type"":""Point"",""coordinates"":[-121.86100478299791,36.45008588419791]}"
12_000000000000000000ed_0,27.58052333008621,385.0,0.7730445190696531,BS433,0.0,2019-01-01,3.1363428,2018-01-01,289.8891082345623,283.6858982870024,"{""geodesic"":false,""type"":""Point"",""coordinates"":[-121.80737536053597,36.347677941808286]}"
12_000000000000000000ee_0,126.36481598626906,875.0,0.572994467525477,BS434,0.0,2019-01-01,1.8551855,2018-01-01,289.55579604057414,283.9812111632465,"{""geodesic"":false,""type"":""Point"",""coordinates"":[-121.85103348334418,36.45089436795362]}"
12_000000000000000000ef_0,27.351586326574203,1045.0,0.46136158682254075,BS436,0.0,2019-01-01,2.6268365,2018-01-01,290.4775061202376,282.5811847007438,"{""geodesic"":false,""type"":""Point"",""coordinates"":[-121.72140658784573,36.3417490609331]}"
12_000000000000000000f0_0,37.1839321421963,367.0,0.7729608122285786,BS438,0.0,2019-01-01,3.1363428,2018-01-01,289.8891082345623,283.6858982870024,"{""geodesic"":false,""type"":""Point"",""coordinates"":[-121.80872283346216,36.34228805010357]}"
12_000000000000000000f1_0,22.872470276452784,109.0,0.8154337349911462,BS457,0.0,2019-01-01,3.047671,2018-01-01,290.7442766581496,284.1161884046581,"{""geodesic"":false,""type"":""Point"",""coordinates"":[-121.6925706672255,36.17870483686541]}"
12_000000000000000000f4_0,27.504070978990523,438.0,0.7173461395810954,BS468,0.0,2019-01-01,1.898678,2018-01-01,290.63897161614403,283.0415523581309,"{""geodesic"":false,""type"":""Point"",""coordinates"":[-121.8467215699804,36.48512018027858]}"
12_000000000000000000f5_0,81.87892390785413,579.0,0.7529817918379266,BS469,0.0,2019-01-01,1.8551855,2018-01-01,289.55579604057414,283.9812111632465,"{""geodesic"":false,""type"":""Point"",""coordinates"":[-121.85830983714554,36.45574527048787]}"
12_000000000000000000f6_0,92.17287729556382,737.0,0.7030684376463704,BS470,0.0,2019-01-01,1.8551855,2018-01-01,289.55579604057414,283.9812111632465,"{""geodesic"":false,""type"":""Point"",""coordinates"":[-121.85291994544083,36.45628425965834]}"
12_000000000000000000f7_0,77.3122063993402,290.0,0.7638223251617308,BS474,0.0,2019-01-01,1.9128374,2018-01-01,292.51103206268726,284.3917297363281,"{""geodesic"":false,""type"":""Point"",""coordinates"":[-121.46727319396832,35.990328121785545]}"
12_000000000000000000f8_0,79.8439476323788,972.0,0.719960135439489,BS478,0.0,2019-01-01,1.8611248,2018-01-01,293.4778026842091,283.8967961559557,"{""geodesic"":false,""type"":""Point"",""coordinates"":[-121.4333168762286,35.99437054056408]}"
12_000000000000000000f9_0,29.300366943587754,507.0,0.7486627789788962,BS486,0.0,2019-01-01,1.9128374,2018-01-01,292.51103206268726,284.3917297363281,"{""geodesic"":false,""type"":""Point"",""coordinates"":[-121.46835117230926,35.95367685819347]}"
12_000000000000000000fb_0,48.47687852225683,836.0,0.8422296938533869,BS499,0.0,2019-01-01,1.8090535,2018-01-01,293.35821779852046,285.14558799430114,"{""geodesic"":false,""type"":""Point"",""coordinates"":[-121.4077148906312,35.88738119022545]}"
12_000000000000000000fc_0,16.849266055780767,677.0,0.8221930581470326,BS504,0.0,2019-01-01,1.731123,2018-01-01,293.35821779852046,285.14558799430114,"{""geodesic"":false,""type"":""Point"",""coordinates"":[-121.38911976424993,35.874175955548885]}"
12_000000000000000000fe_0,88.5767047323642,706.0,0.649734225052426,BS518,0.0,2019-01-01,2.5886543,2018-01-01,290.0851728883508,282.80720553463453,"{""geodesic"":false,""type"":""Point"",""coordinates"":[-121.83109088403673,36.38432920540036]}"
12_000000000000000000ff_0,78.95314804580102,538.0,0.6960857467952454,BS519,0.0,2019-01-01,2.5886543,2018-01-01,290.0851728883508,282.80720553463453,"{""geodesic"":false,""type"":""Point"",""coordinates"":[-121.83944521617903,36.38352072164466]}"
12_00000000000000000101_0,30.963752068613108,581.0,0.8177041246487952,BS521,0.0,2019-01-01,3.047671,2018-01-01,290.7442766581496,284.1161884046581,"{""geodesic"":false,""type"":""Point"",""coordinates"":[-121.69526561307785,36.19837794158762]}"
12_00000000000000000102_0,42.61217209303581,562.0,0.751009246415013,BS600,0.0,2019-01-01,2.5886543,2018-01-01,290.0851728883508,282.80720553463453,"{""geodesic"":false,""type"":""Point"",""coordinates"":[-121.8219280681387,36.3598051981439]}"
12_00000000000000000103_0,61.94333955914942,638.0,0.7271168698456482,BS601,0.0,2019-01-01,2.5886543,2018-01-01,290.0851728883508,282.80720553463453,"{""geodesic"":false,""type"":""Point"",""coordinates"":[-121.83324684071862,36.35926620897343]}"
12_00000000000000000104_0,45.219711129501164,518.0,0.7136631639975537,BS603,0.0,2019-01-01,2.5886543,2018-01-01,290.0851728883508,282.80720553463453,"{""geodesic"":false,""type"":""Point"",""coordinates"":[-121.84079268910521,36.366273068189564]}"
12_00000000000000000105_0,48.86215289356799,565.0,0.7365179862983781,BS604,0.0,2019-01-01,2.5886543,2018-01-01,290.0851728883508,282.80720553463453,"{""geodesic"":false,""type"":""Point"",""coordinates"":[-121.84887752666229,36.367890035700974]}"
12_00000000000000000107_0,15.371361357980186,1022.0,0.7928105908648683,BS607,0.0,2019-01-01,2.4910614,2018-01-01,291.13881723064264,283.1002424684289,"{""geodesic"":false,""type"":""Point"",""coordinates"":[-121.59151019776205,36.15013841083041]}"
12_00000000000000000108_0,78.95156675700159,257.0,0.7382282038470589,BS610,0.0,2019-01-01,3.047671,2018-01-01,290.7442766581496,284.1161884046581,"{""geodesic"":false,""type"":""Point"",""coordinates"":[-121.66292626284955,36.16253516175126]}"
12_00000000000000000109_0,60.79348067879685,417.0,0.8026000920423257,BS611,0.0,2019-01-01,3.047671,2018-01-01,290.7442766581496,284.1161884046581,"{""geodesic"":false,""type"":""Point"",""coordinates"":[-121.66454323036096,36.17304545057545]}"
12_0000000000000000010a_0,22.70997855591786,455.0,0.8194915316910631,BS612,0.0,2019-01-01,3.047671,2018-01-01,290.7442766581496,284.1161884046581,"{""geodesic"":false,""type"":""Point"",""coordinates"":[-121.66993312206569,36.17277595599022]}"
12_0000000000000000010b_0,36.37271907171582,318.0,0.7683008208416698,BS613,0.0,2019-01-01,3.047671,2018-01-01,290.7442766581496,284.1161884046581,"{""geodesic"":false,""type"":""Point"",""coordinates"":[-121.6693941328952,36.165769096774085]}"
12_0000000000000000010c_0,41.609546620330235,320.0,0.8315173104613531,BS620,0.0,2019-01-01,3.047671,2018-01-01,290.7442766581496,284.1161884046581,"{""geodesic"":false,""type"":""Point"",""coordinates"":[-121.6933791509812,36.184364223155356]}"
12_0000000000000000010d_0,79.80787771894097,262.0,0.8011370243051004,BS621,0.0,2019-01-01,3.3058763,2018-01-01,290.7442766581496,284.1161884046581,"{""geodesic"":false,""type"":""Point"",""coordinates"":[-121.74862554095455,36.21805104630984]}"
12_00000000000000000113_0,29.099377241589917,151.0,0.8164541419987194,BS627,0.0,2019-01-01,3.6464832,2018-01-01,289.8891082345623,283.6858982870024,"{""geodesic"":false,""type"":""Point"",""coordinates"":[-121.80279395258697,36.27087198501607]}"
12_00000000000000000114_0,29.423226902953594,97.0,0.8285583097601552,BS628,0.0,2019-01-01,3.6464832,2018-01-01,289.8891082345623,283.6858982870024,"{""geodesic"":false,""type"":""Point"",""coordinates"":[-121.80629738219503,36.269255017504655]}"
12_00000000000000000115_0,39.06504633474586,405.0,0.7805435720231678,BS629,0.0,2019-01-01,3.047671,2018-01-01,290.7442766581496,284.1161884046581,"{""geodesic"":false,""type"":""Point"",""coordinates"":[-121.69526561307785,36.18813714734866]}"
12_00000000000000000116_0,46.71147461137733,552.0,0.7753537413737099,BS632,0.0,2019-01-01,3.1363428,2018-01-01,289.8891082345623,283.6858982870024,"{""geodesic"":false,""type"":""Point"",""coordinates"":[-121.80036850131984,36.325040396648475]}"
12_00000000000000000117_0,67.35343620005905,639.0,0.6909621091678884,BS633,0.0,2019-01-01,3.1363428,2018-01-01,289.8891082345623,283.6858982870024,"{""geodesic"":false,""type"":""Point"",""coordinates"":[-121.80063799590508,36.32261494538135]}"
13_00000000000000000000_0,57.2495272065644,381.0,0.8250225292227126,BS002,0.0,2020-01-01,2.8344977,2019-01-01,292.36906299329786,284.965003820968,"{""geodesic"":false,""type"":""Point"",""coordinates"":[-121.3875027967385,35.85611981833809]}"
13_00000000000000000001_0,53.52631914416426,405.0,0.821299009459358,BS003,0.0,2020-01-01,2.8344977,2019-01-01,292.36906299329786,284.965003820968,"{""geodesic"":false,""type"":""Point"",""coordinates"":[-121.39208420468752,35.85072992663337]}"
13_00000000000000000002_0,41.59169888380529,790.0,0.8355899811508922,BS004,0.0,2020-01-01,2.8344977,2019-01-01,292.36906299329786,284.965003820968,"{""geodesic"":false,""type"":""Point"",""coordinates"":[-121.36675171367534,35.85854526960521]}"
13_00000000000000000003_0,48.92816685345422,851.0,0.8208531423351934,BS005,0.0,2020-01-01,2.8344977,2019-01-01,292.36906299329786,284.965003820968,"{""geodesic"":false,""type"":""Point"",""coordinates"":[-121.36028384362969,35.85881476419044]}"
13_00000000000000000004_0,31.586817428119772,820.0,0.8507185170053051,BS006,0.0,2020-01-01,2.8344977,2019-01-01,292.36906299329786,284.965003820968,"{""geodesic"":false,""type"":""Point"",""coordinates"":[-121.35381597358402,35.86043173170186]}"
13_00000000000000000005_0,16.346320904151153,883.0,0.781829071291206,BS007,0.0,2020-01-01,2.6563213,2019-01-01,293.28947386023117,284.02387168570743,"{""geodesic"":false,""type"":""Point"",""coordinates"":[-121.33926326598129,35.857736785849504]}"
13_00000000000000000006_0,14.867137687008006,509.0,0.6669732856598262,BS011,0.0,2020-01-01,2.76075,2019-01-01,292.60046942723943,285.23070047456923,"{""geodesic"":false,""type"":""Point"",""coordinates"":[-121.37133312162436,35.8291703598145]}"
13_00000000000000000007_0,29.678823221316446,359.0,0.8066977218525819,BS012,0.0,2020-01-01,2.76075,2019-01-01,292.60046942723943,285.23070047456923,"{""geodesic"":false,""type"":""Point"",""coordinates"":[-121.37160261620959,35.82324147893931]}"
13_00000000000000000008_0,68.43943072748894,351.0,0.8350399421083552,BS015,0.0,2020-01-01,2.6735027,2019-01-01,292.8666853813276,284.77230638477903,"{""geodesic"":false,""type"":""Point"",""coordinates"":[-121.34303619017459,35.8253974356212]}"
13_00000000000000000009_0,59.43731689368674,453.0,0.8510288607505865,BS016,0.0,2020-01-01,2.6735027,2019-01-01,292.8666853813276,284.77230638477903,"{""geodesic"":false,""type"":""Point"",""coordinates"":[-121.33764629846988,35.82566693020643]}"
13_0000000000000000000a_0,44.594220959712594,518.0,0.8539002045284108,BS017,0.0,2020-01-01,2.6735027,2019-01-01,292.8666853813276,284.77230638477903,"{""geodesic"":false,""type"":""Point"",""coordinates"":[-121.33225640676515,35.82512794103596]}"
13_0000000000000000000b_0,29.72615557341184,611.0,0.8862414532219229,BS018,0.0,2020-01-01,2.6735027,2019-01-01,292.8666853813276,284.77230638477903,"{""geodesic"":false,""type"":""Point"",""coordinates"":[-121.32848348257185,35.82351097352455]}"
13_0000000000000000000c_0,64.40075263315755,466.0,0.8514536118373488,BS019,0.0,2020-01-01,2.6735027,2019-01-01,292.8666853813276,284.77230638477903,"{""geodesic"":false,""type"":""Point"",""coordinates"":[-121.34249720100412,35.82970934898497]}"
13_0000000000000000000d_0,31.623639959659208,400.0,0.8257639641164973,BS020,0.0,2020-01-01,2.6735027,2019-01-01,292.8666853813276,284.77230638477903,"{""geodesic"":false,""type"":""Point"",""coordinates"":[-121.3408802334927,35.83375176776351]}"
13_0000000000000000000e_0,28.415422587640727,639.0,0.8656873132621907,BS022,0.0,2020-01-01,2.6735027,2019-01-01,292.8666853813276,284.77230638477903,"{""geodesic"":false,""type"":""Point"",""coordinates"":[-121.3379157930551,35.84426205658771]}"
13_0000000000000000000f_0,22.634948676566655,233.0,0.8385690905615956,BS026,0.0,2020-01-01,2.8496218,2019-01-01,292.36906299329786,284.965003820968,"{""geodesic"":false,""type"":""Point"",""coordinates"":[-121.42550153325676,35.90166440324295]}"
13_00000000000000000010_0,45.86288945626849,186.0,0.8406289148103614,BS027,0.0,2020-01-01,2.7942188,2019-01-01,292.36906299329786,284.965003820968,"{""geodesic"":false,""type"":""Point"",""coordinates"":[-121.43089142496147,35.89789147904964]}"
13_00000000000000000011_0,14.474305178371306,317.0,0.8358409311716564,BS032,0.0,2020-01-01,2.7022376,2019-01-01,292.8666853813276,284.77230638477903,"{""geodesic"":false,""type"":""Point"",""coordinates"":[-121.3379157930551,35.797908987927144]}"
13_00000000000000000012_0,61.27513972587552,648.0,0.7447655701936071,BS034,0.0,2020-01-01,2.6735027,2019-01-01,292.8666853813276,284.77230638477903,"{""geodesic"":false,""type"":""Point"",""coordinates"":[-121.32686651506043,35.800064944609026]}"
13_00000000000000000013_0,18.160249055848848,390.0,0.8168901724512111,BS035,0.0,2020-01-01,2.7022376,2019-01-01,292.8666853813276,284.77230638477903,"{""geodesic"":false,""type"":""Point"",""coordinates"":[-121.31985965584431,35.789824150370066]}"
13_00000000000000000015_0,79.69888126952144,726.0,0.6055788647174369,BS044,0.0,2020-01-01,3.0630102,2019-01-01,291.4905219509177,284.15979965418984,"{""geodesic"":false,""type"":""Point"",""coordinates"":[-121.51712969223695,36.031560793326626]}"
13_00000000000000000016_0,28.96411193805436,517.0,0.7788846078968639,BS045,0.0,2020-01-01,3.0630102,2019-01-01,291.4905219509177,284.15979965418984,"{""geodesic"":false,""type"":""Point"",""coordinates"":[-121.50634990882752,36.02886584747427]}"
13_00000000000000000017_0,73.95677351342317,584.0,0.8145575044119575,BS046,0.0,2020-01-01,3.0630102,2019-01-01,291.4905219509177,284.15979965418984,"{""geodesic"":false,""type"":""Point"",""coordinates"":[-121.5047329413161,36.023475955769555]}"
13_00000000000000000018_0,24.68080162434469,690.0,0.741724576930796,BS047,0.0,2020-01-01,2.9889839,2019-01-01,291.4905219509177,284.15979965418984,"{""geodesic"":false,""type"":""Point"",""coordinates"":[-121.49988203878186,36.02805736371856]}"
13_00000000000000000019_0,53.85940818982367,527.0,0.8137962398871166,BS048,0.0,2020-01-01,2.9889839,2019-01-01,291.4905219509177,284.15979965418984,"{""geodesic"":false,""type"":""Point"",""coordinates"":[-121.4904497282986,36.02859635288903]}"
13_0000000000000000001a_0,54.000617041123114,721.0,0.8097128981257601,BS050,0.0,2020-01-01,2.9889839,2019-01-01,291.4905219509177,284.15979965418984,"{""geodesic"":false,""type"":""Point"",""coordinates"":[-121.47966994488917,36.03290826625281]}"
13_0000000000000000001b_0,45.52484374902989,575.0,0.823913529526,BS052,0.0,2020-01-01,3.0630102,2019-01-01,291.4905219509177,284.15979965418984,"{""geodesic"":false,""type"":""Point"",""coordinates"":[-121.50122951170803,36.01323516153059]}"
13_0000000000000000001c_0,89.75343491519486,380.0,0.841853260830474,BS053,0.0,2020-01-01,3.0630102,2019-01-01,291.4905219509177,284.15979965418984,"{""geodesic"":false,""type"":""Point"",""coordinates"":[-121.50661940341276,36.01242667777488]}"
13_0000000000000000001d_0,55.80136667792916,573.0,0.7394568704751606,BS054,0.0,2020-01-01,2.7022376,2019-01-01,292.8666853813276,284.77230638477903,"{""geodesic"":false,""type"":""Point"",""coordinates"":[-121.31339178579864,35.78685970993247]}"
13_0000000000000000001e_0,45.416732945138754,599.0,0.7149286899286957,BS057,0.0,2020-01-01,3.0630102,2019-01-01,291.4905219509177,284.15979965418984,"{""geodesic"":false,""type"":""Point"",""coordinates"":[-121.51173980053224,36.029135342059504]}"
13_0000000000000000001f_0,41.17388283092677,767.0,0.83493783208008,BS058,0.0,2020-01-01,3.2553992,2019-01-01,290.95790890210293,283.26576174383297,"{""geodesic"":false,""type"":""Point"",""coordinates"":[-121.54677409661289,36.06012721936163]}"
13_00000000000000000020_0,28.410957805451037,661.0,0.8320649959009955,BS059,0.0,2020-01-01,3.2553992,2019-01-01,290.95790890210293,283.26576174383297,"{""geodesic"":false,""type"":""Point"",""coordinates"":[-121.54650460202767,36.056623789753566]}"
13_00000000000000000021_0,23.437104870346012,646.0,0.7805093421830361,BS060,0.0,2020-01-01,3.2553992,2019-01-01,290.95790890210293,283.26576174383297,"{""geodesic"":false,""type"":""Point"",""coordinates"":[-121.5438096561753,36.05258137097503]}"
13_00000000000000000022_0,29.18774646457033,612.0,0.7439659832643181,BS062,0.0,2020-01-01,3.0630102,2019-01-01,291.4905219509177,284.15979965418984,"{""geodesic"":false,""type"":""Point"",""coordinates"":[-121.54973853705049,36.03398624459375]}"
13_00000000000000000023_0,22.315226395952017,651.0,0.774468953399264,BS063,0.0,2020-01-01,3.0630102,2019-01-01,291.4905219509177,284.15979965418984,"{""geodesic"":false,""type"":""Point"",""coordinates"":[-121.53788077530011,36.035603212105165]}"
13_00000000000000000024_0,39.34412793347657,746.0,0.7401019031923223,BS066,0.0,2020-01-01,3.0630102,2019-01-01,291.4905219509177,284.15979965418984,"{""geodesic"":false,""type"":""Point"",""coordinates"":[-121.53356886193635,36.03722017961658]}"
13_00000000000000000026_0,17.226531471416266,705.0,0.7669428340368394,BS071,0.0,2020-01-01,3.0630102,2019-01-01,291.4905219509177,284.15979965418984,"{""geodesic"":false,""type"":""Point"",""coordinates"":[-121.54515712910148,36.037759168787055]}"
13_00000000000000000029_0,47.90264730292591,581.0,0.7549748345969562,BS076,0.0,2020-01-01,3.8900182,2019-01-01,289.45323415259793,282.772880867736,"{""geodesic"":false,""type"":""Point"",""coordinates"":[-121.8219280681387,36.361961154825785]}"
13_0000000000000000002a_0,33.170911482840864,607.0,0.7875950303309881,BS077,0.0,2020-01-01,3.8900182,2019-01-01,289.45323415259793,282.772880867736,"{""geodesic"":false,""type"":""Point"",""coordinates"":[-121.81896362770111,36.35926620897343]}"
13_0000000000000000002b_0,70.25127836638765,626.0,0.6929062932871971,BS078,0.0,2020-01-01,3.8900182,2019-01-01,289.45323415259793,282.772880867736,"{""geodesic"":false,""type"":""Point"",""coordinates"":[-121.81599918726351,36.35549328478013]}"
13_0000000000000000002c_0,52.75423757058338,745.0,0.6877460249645764,BS079,0.0,2020-01-01,3.8900182,2019-01-01,289.45323415259793,282.772880867736,"{""geodesic"":false,""type"":""Point"",""coordinates"":[-121.81249575765546,36.35953570355866]}"
13_0000000000000000002d_0,50.518214886002106,867.0,0.7167345354668657,BS080,0.0,2020-01-01,3.8900182,2019-01-01,289.45323415259793,282.772880867736,"{""geodesic"":false,""type"":""Point"",""coordinates"":[-121.80441092009838,36.36061368189961]}"
13_0000000000000000002e_0,36.40304530517935,316.0,0.8344543360502846,BS081,0.0,2020-01-01,3.8900182,2019-01-01,289.45323415259793,282.772880867736,"{""geodesic"":false,""type"":""Point"",""coordinates"":[-121.84429611871329,36.37193245447951]}"
13_00000000000000000034_0,25.29109295679272,1009.0,0.6614516513916505,BS088,0.0,2020-01-01,3.58401,2019-01-01,289.45323415259793,282.772880867736,"{""geodesic"":false,""type"":""Point"",""coordinates"":[-121.7963260825413,36.3598051981439]}"
13_00000000000000000035_0,46.836116552747534,1058.0,0.6729376139665767,BS089,0.0,2020-01-01,3.58401,2019-01-01,289.45323415259793,282.772880867736,"{""geodesic"":false,""type"":""Point"",""coordinates"":[-121.7963260825413,36.3665425627748]}"
13_00000000000000000036_0,64.61257650171275,952.0,0.60588999940645,BS090,0.0,2020-01-01,3.58401,2019-01-01,289.45323415259793,282.772880867736,"{""geodesic"":false,""type"":""Point"",""coordinates"":[-121.79659557712654,36.37085447613857]}"
13_00000000000000000037_0,44.913281326328956,929.0,0.7955746236624094,BS092,0.0,2020-01-01,3.8900182,2019-01-01,289.45323415259793,282.772880867736,"{""geodesic"":false,""type"":""Point"",""coordinates"":[-121.80414142551314,36.37489689491711]}"
13_00000000000000000038_0,78.45282846337909,785.0,0.5995126570933741,BS094,0.0,2020-01-01,2.722022,2019-01-01,289.3073003481512,284.0934511785638,"{""geodesic"":false,""type"":""Point"",""coordinates"":[-121.87259305016305,36.45817072175499]}"
13_0000000000000000003a_0,85.20576861467892,521.0,0.705771911489073,BS102,0.0,2020-01-01,3.8900182,2019-01-01,289.45323415259793,282.772880867736,"{""geodesic"":false,""type"":""Point"",""coordinates"":[-121.84240965661662,36.38055628120706]}"
13_0000000000000000003b_0,45.096258753994604,504.0,0.760332465240023,BS103,0.0,2020-01-01,3.8900182,2019-01-01,289.45323415259793,282.772880867736,"{""geodesic"":false,""type"":""Point"",""coordinates"":[-121.84483510788375,36.378939313695646]}"
13_0000000000000000003d_0,95.50810422392222,889.0,0.6196560760352232,BS112,0.0,2020-01-01,3.3588097,2019-01-01,289.45323415259793,282.772880867736,"{""geodesic"":false,""type"":""Point"",""coordinates"":[-121.8429486457871,36.41774653396961]}"
13_00000000000000000040_0,103.61282681657708,932.0,0.5413515308510414,BS121,0.0,2020-01-01,3.3588097,2019-01-01,289.45323415259793,282.772880867736,"{""geodesic"":false,""type"":""Point"",""coordinates"":[-121.83944521617903,36.42178895274815]}"
13_00000000000000000041_0,48.867044223451806,766.0,0.7851351213166167,BS122,0.0,2020-01-01,3.3588097,2019-01-01,289.45323415259793,282.772880867736,"{""geodesic"":false,""type"":""Point"",""coordinates"":[-121.84429611871329,36.423944909430034]}"
13_00000000000000000042_0,56.18661320493215,338.0,0.8227734117029112,BS123,0.0,2020-01-01,2.722022,2019-01-01,289.3073003481512,284.0934511785638,"{""geodesic"":false,""type"":""Point"",""coordinates"":[-121.89415261698191,36.48107776150004]}"
13_00000000000000000043_0,41.15986121953824,376.0,0.8385500453154011,BS124,0.0,2020-01-01,2.722022,2019-01-01,289.3073003481512,284.0934511785638,"{""geodesic"":false,""type"":""Point"",""coordinates"":[-121.89011019820337,36.47838281564768]}"
13_00000000000000000044_0,31.000739241184345,408.0,0.862134358931524,BS125,0.0,2020-01-01,2.722022,2019-01-01,289.3073003481512,284.0934511785638,"{""geodesic"":false,""type"":""Point"",""coordinates"":[-121.88633727401007,36.4808082669148]}"
13_00000000000000000045_0,40.999751641068514,311.0,0.8445142551636128,BS126,0.0,2020-01-01,2.722022,2019-01-01,289.3073003481512,284.0934511785638,"{""geodesic"":false,""type"":""Point"",""coordinates"":[-121.88013889854965,36.484311696522866]}"
13_00000000000000000046_0,31.135820587108284,393.0,0.8506444956383089,BS128,0.0,2020-01-01,2.722022,2019-01-01,289.3073003481512,284.0934511785638,"{""geodesic"":false,""type"":""Point"",""coordinates"":[-121.87367102850399,36.477843826477205]}"
13_00000000000000000047_0,36.33266945141413,351.0,0.8291345718401881,BS129,0.0,2020-01-01,2.722022,2019-01-01,289.3073003481512,284.0934511785638,"{""geodesic"":false,""type"":""Point"",""coordinates"":[-121.88741525235102,36.49077956656853]}"
13_00000000000000000048_0,20.346712760526948,242.0,0.8410996034643283,BS130,0.0,2020-01-01,2.722022,2019-01-01,289.3073003481512,284.0934511785638,"{""geodesic"":false,""type"":""Point"",""coordinates"":[-121.88391182274296,36.49563046910277]}"
13_00000000000000000049_0,47.597997148269286,250.0,0.8599654691879599,BS131,0.0,2020-01-01,2.2912695,2019-01-01,289.3073003481512,284.0934511785638,"{""geodesic"":false,""type"":""Point"",""coordinates"":[-121.88121687689059,36.500750866222255]}"
13_0000000000000000004e_0,30.78268487287839,306.0,0.881087018771288,BS137,0.0,2020-01-01,4.229798,2019-01-01,289.1605736719419,284.77955368251014,"{""geodesic"":false,""type"":""Point"",""coordinates"":[-121.87555749060064,36.347947436393525]}"
13_0000000000000000004f_0,20.786677369866414,306.0,0.8401466633562328,BS138,0.0,2020-01-01,2.722022,2019-01-01,289.3073003481512,284.0934511785638,"{""geodesic"":false,""type"":""Point"",""coordinates"":[-121.86369972885026,36.49643895285848]}"
13_00000000000000000050_0,28.023495794190435,301.0,0.7931750256893652,BS139,0.0,2020-01-01,2.722022,2019-01-01,289.3073003481512,284.0934511785638,"{""geodesic"":false,""type"":""Point"",""coordinates"":[-121.86289124509456,36.49104906115377]}"
13_00000000000000000051_0,49.868487987127494,333.0,0.8414842731594436,BS140,0.0,2020-01-01,2.722022,2019-01-01,289.3073003481512,284.0934511785638,"{""geodesic"":false,""type"":""Point"",""coordinates"":[-121.86720315845832,36.482425234426216]}"
13_00000000000000000052_0,61.49357341631508,297.0,0.8226367793867548,BS141,0.0,2020-01-01,2.722022,2019-01-01,289.3073003481512,284.0934511785638,"{""geodesic"":false,""type"":""Point"",""coordinates"":[-121.86100478299791,36.48296422359669]}"
13_00000000000000000053_0,23.054344270127196,503.0,0.7896610857890558,BS144,0.0,2020-01-01,2.8666897,2019-01-01,290.13511373441514,283.1354743853007,"{""geodesic"":false,""type"":""Point"",""coordinates"":[-121.81761615477494,36.46841151599395]}"
13_00000000000000000054_0,76.13827560328137,722.0,0.6640626331490375,BS146,0.0,2020-01-01,2.722022,2019-01-01,289.3073003481512,284.0934511785638,"{""geodesic"":false,""type"":""Point"",""coordinates"":[-121.87313203933351,36.46302162428923]}"
13_00000000000000000055_0,72.67638991950113,435.0,0.7825349537522742,BS147,0.0,2020-01-01,2.722022,2019-01-01,289.3073003481512,284.0934511785638,"{""geodesic"":false,""type"":""Point"",""coordinates"":[-121.88687626318055,36.47083696726107]}"
13_00000000000000000056_0,93.70315317039554,880.0,0.6173875217565745,BS148,0.0,2020-01-01,2.722022,2019-01-01,289.3073003481512,284.0934511785638,"{""geodesic"":false,""type"":""Point"",""coordinates"":[-121.87124557723686,36.453050324635505]}"
13_00000000000000000057_0,108.7050520447192,767.0,0.47898450083081956,BS149,0.0,2020-01-01,2.722022,2019-01-01,289.3073003481512,284.0934511785638,"{""geodesic"":false,""type"":""Point"",""coordinates"":[-121.87690496352683,36.45251133546503]}"
13_00000000000000000059_0,61.611164896563665,513.0,0.8101301159154147,BS151,0.0,2020-01-01,2.722022,2019-01-01,289.3073003481512,284.0934511785638,"{""geodesic"":false,""type"":""Point"",""coordinates"":[-121.85130297792941,36.46248263511876]}"
13_0000000000000000005a_0,66.79351447628177,436.0,0.8083687517542014,BS152,0.0,2020-01-01,2.722022,2019-01-01,289.3073003481512,284.0934511785638,"{""geodesic"":false,""type"":""Point"",""coordinates"":[-121.85184196709989,36.46706404306777]}"
13_0000000000000000005b_0,43.631978138271684,440.0,0.7735635717315339,BS156,0.0,2020-01-01,4.493106,2019-01-01,289.3296615391561,283.6324327860793,"{""geodesic"":false,""type"":""Point"",""coordinates"":[-121.80306344717219,36.30725375402291]}"
13_0000000000000000005c_0,69.926741153377,369.0,0.783283892758433,BS157,0.0,2020-01-01,4.493106,2019-01-01,289.3296615391561,283.6324327860793,"{""geodesic"":false,""type"":""Point"",""coordinates"":[-121.80737536053597,36.30375032441484]}"
13_0000000000000000005d_0,25.37190049478297,649.0,0.7157312853909349,BS158,0.0,2020-01-01,3.8900182,2019-01-01,289.45323415259793,282.772880867736,"{""geodesic"":false,""type"":""Point"",""coordinates"":[-121.8143822197521,36.35118137141635]}"
13_0000000000000000005e_0,33.03756989777028,294.0,0.8304229278860191,BS159,0.0,2020-01-01,4.493106,2019-01-01,289.3296615391561,283.6324327860793,"{""geodesic"":false,""type"":""Point"",""coordinates"":[-121.80225496341649,36.34067108259215]}"
13_0000000000000000005f_0,21.686281906822195,409.0,0.7790254798819516,BS160,0.0,2020-01-01,4.1573324,2019-01-01,289.3296615391561,283.6324327860793,"{""geodesic"":false,""type"":""Point"",""coordinates"":[-121.79821254463795,36.32935231001225]}"
13_00000000000000000060_0,22.67043358933741,1125.0,0.5978048962641664,BS161,0.0,2020-01-01,3.6215198,2019-01-01,289.65070077556453,282.44298944342626,"{""geodesic"":false,""type"":""Point"",""coordinates"":[-121.71305225570342,36.3350116963022]}"
13_00000000000000000061_0,82.26821106387015,1102.0,0.563185493394731,BS162,0.0,2020-01-01,3.6215198,2019-01-01,289.65070077556453,282.44298944342626,"{""geodesic"":false,""type"":""Point"",""coordinates"":[-121.71601669614101,36.34013209342169]}"
13_00000000000000000062_0,22.118566777518424,1175.0,0.5397796866929547,BS163,0.0,2020-01-01,3.6215198,2019-01-01,289.65070077556453,282.44298944342626,"{""geodesic"":false,""type"":""Point"",""coordinates"":[-121.71952012574909,36.3455219851264]}"
13_00000000000000000063_0,21.581203366489557,327.0,0.8442513385502963,BS165,0.0,2020-01-01,4.1573324,2019-01-01,289.3296615391561,283.6324327860793,"{""geodesic"":false,""type"":""Point"",""coordinates"":[-121.79201416917752,36.32584888040418]}"
13_00000000000000000064_0,47.56135993491784,373.0,0.7875247647791128,BS166,0.0,2020-01-01,4.1573324,2019-01-01,289.3296615391561,283.6324327860793,"{""geodesic"":false,""type"":""Point"",""coordinates"":[-121.79228366376276,36.32935231001225]}"
13_00000000000000000065_0,43.78839405572686,437.0,0.770164382820723,BS167,0.0,2020-01-01,4.1573324,2019-01-01,289.3296615391561,283.6324327860793,"{""geodesic"":false,""type"":""Point"",""coordinates"":[-121.79066669625135,36.320997977869936]}"
13_00000000000000000066_0,69.78554201561218,346.0,0.7794610801511694,BS168,0.0,2020-01-01,4.1573324,2019-01-01,289.3296615391561,283.6324327860793,"{""geodesic"":false,""type"":""Point"",""coordinates"":[-121.78446832079092,36.32477090206324]}"
13_00000000000000000067_0,27.91556290681595,1111.0,0.40289030037205364,BS172,0.0,2020-01-01,3.1918237,2019-01-01,290.15768002026704,280.9621856689453,"{""geodesic"":false,""type"":""Point"",""coordinates"":[-121.7429661546646,36.361961154825785]}"
13_00000000000000000068_0,30.724804512713284,522.0,0.6287402935838237,BS175,0.0,2020-01-01,4.493106,2019-01-01,289.3296615391561,283.6324327860793,"{""geodesic"":false,""type"":""Point"",""coordinates"":[-121.80117698507554,36.314799602409515]}"
13_00000000000000000069_0,25.100464752063754,533.0,0.6831617307199533,BS176,0.0,2020-01-01,4.1573324,2019-01-01,289.3296615391561,283.6324327860793,"{""geodesic"":false,""type"":""Point"",""coordinates"":[-121.79147518000705,36.30967920529003]}"
13_0000000000000000006a_0,60.984451601842395,577.0,0.7855173250808222,BS177,0.0,2020-01-01,4.1573324,2019-01-01,289.3296615391561,283.6324327860793,"{""geodesic"":false,""type"":""Point"",""coordinates"":[-121.79012770708087,36.30698425943768]}"
13_0000000000000000006b_0,49.04906399651991,231.0,0.8580552505528455,BS186,0.0,2020-01-01,5.0481644,2019-01-01,289.3296615391561,283.6324327860793,"{""geodesic"":false,""type"":""Point"",""coordinates"":[-121.82731795984343,36.268985522919415]}"
13_0000000000000000006c_0,29.681662040911956,123.0,0.8201457355847758,BS187,0.0,2020-01-01,5.0481644,2019-01-01,289.3296615391561,283.6324327860793,"{""geodesic"":false,""type"":""Point"",""coordinates"":[-121.82731795984343,36.28111277925503]}"
13_0000000000000000006d_0,20.811308208476756,275.0,0.8593005396627063,BS188,0.0,2020-01-01,5.0481644,2019-01-01,289.3296615391561,283.6324327860793,"{""geodesic"":false,""type"":""Point"",""coordinates"":[-121.82300604647965,36.26413462038517]}"
13_0000000000000000006e_0,53.72884062337771,109.0,0.8096099292218468,BS190,0.0,2020-01-01,5.0481644,2019-01-01,289.3296615391561,283.6324327860793,"{""geodesic"":false,""type"":""Point"",""coordinates"":[-121.83297734613338,36.285963681789276]}"
13_0000000000000000006f_0,44.03588539781483,422.0,0.8074587581752526,BS193,0.0,2020-01-01,5.0481644,2019-01-01,289.3296615391561,283.6324327860793,"{""geodesic"":false,""type"":""Point"",""coordinates"":[-121.82839593818437,36.2988994218806]}"
13_00000000000000000070_0,67.41689438159864,437.0,0.74424654013476,BS194,0.0,2020-01-01,5.0481644,2019-01-01,289.3296615391561,283.6324327860793,"{""geodesic"":false,""type"":""Point"",""coordinates"":[-121.82408402482059,36.29674346519871]}"
13_00000000000000000071_0,63.59047907193322,590.0,0.49700629231880067,BS195,0.0,2020-01-01,5.0481644,2019-01-01,289.3296615391561,283.6324327860793,"{""geodesic"":false,""type"":""Point"",""coordinates"":[-121.81249575765546,36.2951264976873]}"
13_00000000000000000072_0,79.68447057666128,661.0,0.58884660698349,BS196,0.0,2020-01-01,5.0481644,2019-01-01,289.3296615391561,283.6324327860793,"{""geodesic"":false,""type"":""Point"",""coordinates"":[-121.80926182263262,36.29135357349399]}"
13_00000000000000000073_0,39.026437997478475,790.0,0.49879161240002967,BS201,0.0,2020-01-01,3.8900182,2019-01-01,289.45323415259793,282.772880867736,"{""geodesic"":false,""type"":""Point"",""coordinates"":[-121.82650947608772,36.353606822683474]}"
13_00000000000000000074_0,23.780575991470844,787.0,0.48087890466378624,BS202,0.0,2020-01-01,3.8900182,2019-01-01,289.45323415259793,282.772880867736,"{""geodesic"":false,""type"":""Point"",""coordinates"":[-121.83567229198573,36.35333732809824]}"
13_00000000000000000075_0,44.54646027415021,795.0,0.7577156682095094,BS203,0.0,2020-01-01,3.8900182,2019-01-01,289.45323415259793,282.772880867736,"{""geodesic"":false,""type"":""Point"",""coordinates"":[-121.83675027032668,36.35791873604725]}"
13_00000000000000000076_0,35.65948329964112,794.0,0.7984611884364953,BS204,0.0,2020-01-01,3.8900182,2019-01-01,289.45323415259793,282.772880867736,"{""geodesic"":false,""type"":""Point"",""coordinates"":[-121.84240965661662,36.358188230632486]}"
13_00000000000000000077_0,18.521059761796526,98.0,0.8529169054342773,BS205,0.0,2020-01-01,5.0481644,2019-01-01,289.3296615391561,283.6324327860793,"{""geodesic"":false,""type"":""Point"",""coordinates"":[-121.81195676848498,36.27006350126036]}"
13_00000000000000000078_0,47.179120272662566,335.0,0.8005318423593067,BS207,0.0,2020-01-01,5.0481644,2019-01-01,289.3296615391561,283.6324327860793,"{""geodesic"":false,""type"":""Point"",""coordinates"":[-121.80252445800173,36.25712776116904]}"
13_00000000000000000080_0,78.10885829154944,375.0,0.6958099540713559,BS223,0.0,2020-01-01,4.2352457,2019-01-01,289.65070077556453,282.44298944342626,"{""geodesic"":false,""type"":""Point"",""coordinates"":[-121.74916453012503,36.250390396538144]}"
13_00000000000000000081_0,70.07576173202891,457.0,0.7687812218511847,BS224,0.0,2020-01-01,4.2352457,2019-01-01,289.65070077556453,282.44298944342626,"{""geodesic"":false,""type"":""Point"",""coordinates"":[-121.73973221964177,36.25389382614621]}"
13_00000000000000000082_0,67.45551945898514,497.0,0.790631853977565,BS226,0.0,2020-01-01,4.824193,2019-01-01,290.01698027310306,284.00895297951894,"{""geodesic"":false,""type"":""Point"",""coordinates"":[-121.73595929544847,36.24958191278244]}"
13_00000000000000000083_0,71.85418857881544,517.0,0.728952080028932,BS228,0.0,2020-01-01,4.824193,2019-01-01,290.01698027310306,284.00895297951894,"{""geodesic"":false,""type"":""Point"",""coordinates"":[-121.72733546872092,36.24580898858913]}"
13_00000000000000000084_0,78.28038767812994,742.0,0.6889301603584342,BS229,0.0,2020-01-01,4.824193,2019-01-01,290.01698027310306,284.00895297951894,"{""geodesic"":false,""type"":""Point"",""coordinates"":[-121.7286829416471,36.23637667810588]}"
13_00000000000000000085_0,37.85234982262943,563.0,0.7482717139297486,BS230,0.0,2020-01-01,4.824193,2019-01-01,290.01698027310306,284.00895297951894,"{""geodesic"":false,""type"":""Point"",""coordinates"":[-121.72059810409003,36.24149707522536]}"
13_00000000000000000086_0,89.66687036447043,723.0,0.5984422157081224,BS232,0.0,2020-01-01,4.824193,2019-01-01,290.01698027310306,284.00895297951894,"{""geodesic"":false,""type"":""Point"",""coordinates"":[-121.74620008968743,36.23961061312871]}"
13_00000000000000000087_0,75.39619274561258,709.0,0.7496695507804829,BS233,0.0,2020-01-01,4.824193,2019-01-01,290.01698027310306,284.00895297951894,"{""geodesic"":false,""type"":""Point"",""coordinates"":[-121.74512211134649,36.2312562809864]}"
13_0000000000000000008b_0,81.1680945521059,325.0,0.7783467033433408,BS240,0.0,2020-01-01,4.824193,2019-01-01,290.01698027310306,284.00895297951894,"{""geodesic"":false,""type"":""Point"",""coordinates"":[-121.71844214740814,36.24796494527102]}"
13_0000000000000000008c_0,71.04978779793805,376.0,0.7809305385747592,BS241,0.0,2020-01-01,4.824193,2019-01-01,290.01698027310306,284.00895297951894,"{""geodesic"":false,""type"":""Point"",""coordinates"":[-121.71332175028866,36.24607848317437]}"
13_0000000000000000008d_0,38.88480447156679,442.0,0.8492354192927071,BS242,0.0,2020-01-01,4.824193,2019-01-01,290.01698027310306,284.00895297951894,"{""geodesic"":false,""type"":""Point"",""coordinates"":[-121.70173348312352,36.24715646151531]}"
13_0000000000000000008e_0,78.21544916477109,451.0,0.7736405368405289,BS243,0.0,2020-01-01,4.260183,2019-01-01,290.01698027310306,284.00895297951894,"{""geodesic"":false,""type"":""Point"",""coordinates"":[-121.6941876347369,36.248503934441494]}"
13_0000000000000000008f_0,34.904939506382725,394.0,0.8040150128161877,BS244,0.0,2020-01-01,3.8493855,2019-01-01,289.65070077556453,282.44298944342626,"{""geodesic"":false,""type"":""Point"",""coordinates"":[-121.68771976469125,36.25200736404956]}"
13_00000000000000000090_0,79.94246015172273,459.0,0.7024365300546923,BS245,0.0,2020-01-01,4.260183,2019-01-01,290.01698027310306,284.00895297951894,"{""geodesic"":false,""type"":""Point"",""coordinates"":[-121.68125189464558,36.2493124181972]}"
13_00000000000000000091_0,22.715722665598847,528.0,0.6722059978451235,BS246,0.0,2020-01-01,3.8493855,2019-01-01,289.65070077556453,282.44298944342626,"{""geodesic"":false,""type"":""Point"",""coordinates"":[-121.67720947586704,36.250390396538144]}"
13_00000000000000000092_0,23.17199502532405,604.0,0.7824216621925043,BS247,0.0,2020-01-01,3.8493855,2019-01-01,289.65070077556453,282.44298944342626,"{""geodesic"":false,""type"":""Point"",""coordinates"":[-121.67074160582139,36.2560497828281]}"
13_00000000000000000093_0,46.39667194919732,692.0,0.6337171401411253,BS248,0.0,2020-01-01,4.260183,2019-01-01,290.01698027310306,284.00895297951894,"{""geodesic"":false,""type"":""Point"",""coordinates"":[-121.65942283324148,36.248503934441494]}"
13_00000000000000000094_0,28.84585578654102,580.0,0.7526325229596385,BS249,0.0,2020-01-01,4.260183,2019-01-01,290.01698027310306,284.00895297951894,"{""geodesic"":false,""type"":""Point"",""coordinates"":[-121.65349395236629,36.248503934441494]}"
13_00000000000000000095_0,18.20986687306096,827.0,0.7803116831256116,BS251,0.0,2020-01-01,4.824193,2019-01-01,290.01698027310306,284.00895297951894,"{""geodesic"":false,""type"":""Point"",""coordinates"":[-121.73191687666993,36.23044779723069]}"
13_00000000000000000096_0,37.137351134525176,888.0,0.7172842688637378,BS253,0.0,2020-01-01,4.824193,2019-01-01,290.01698027310306,284.00895297951894,"{""geodesic"":false,""type"":""Point"",""coordinates"":[-121.71763366365244,36.22020700299173]}"
13_00000000000000000097_0,55.16234070356278,901.0,0.7872263440432129,BS254,0.0,2020-01-01,4.824193,2019-01-01,290.01698027310306,284.00895297951894,"{""geodesic"":false,""type"":""Point"",""coordinates"":[-121.71170478277725,36.219937508406495]}"
13_00000000000000000098_0,61.140563785735445,1127.0,0.636132991378449,BS257,0.0,2020-01-01,4.260183,2019-01-01,290.01698027310306,284.00895297951894,"{""geodesic"":false,""type"":""Point"",""coordinates"":[-121.67936543254893,36.20969671416753]}"
13_00000000000000000099_0,23.144271145306178,122.0,0.7700560151227692,BS259,0.0,2020-01-01,4.8255806,2019-01-01,289.3296615391561,283.6324327860793,"{""geodesic"":false,""type"":""Point"",""coordinates"":[-121.79875153380843,36.26629057706706]}"
13_0000000000000000009a_0,26.79609739391175,256.0,0.8433071018561727,BS260,0.0,2020-01-01,5.0481644,2019-01-01,289.3296615391561,283.6324327860793,"{""geodesic"":false,""type"":""Point"",""coordinates"":[-121.80521940385408,36.260900685362344]}"
13_0000000000000000009b_0,44.31476912349542,539.0,0.6880194969520832,BS262,0.0,2020-01-01,4.824193,2019-01-01,290.01698027310306,284.00895297951894,"{""geodesic"":false,""type"":""Point"",""coordinates"":[-121.71978962033431,36.23718516186159]}"
13_0000000000000000009c_0,18.340001535683783,209.0,0.8472107704172074,BS265,0.0,2020-01-01,5.0481644,2019-01-01,289.3296615391561,283.6324327860793,"{""geodesic"":false,""type"":""Point"",""coordinates"":[-121.81707716560446,36.25012090195291]}"
13_0000000000000000009e_0,15.940430108435804,854.0,0.6241842468749574,BS271,0.0,2020-01-01,4.824193,2019-01-01,290.01698027310306,284.00895297951894,"{""geodesic"":false,""type"":""Point"",""coordinates"":[-121.71224377194771,36.213200143775595]}"
13_0000000000000000009f_0,34.36476086633533,635.0,0.694657295227603,BS272,0.0,2020-01-01,4.824193,2019-01-01,290.01698027310306,284.00895297951894,"{""geodesic"":false,""type"":""Point"",""coordinates"":[-121.7001165156121,36.20134238202522]}"
13_000000000000000000a0_0,22.322179213417282,765.0,0.8290426635966496,BS273,0.0,2020-01-01,4.260183,2019-01-01,290.01698027310306,284.00895297951894,"{""geodesic"":false,""type"":""Point"",""coordinates"":[-121.69472662390739,36.205384800803756]}"
13_000000000000000000a1_0,26.03861770661349,1154.0,0.5871833852388163,BS274,0.0,2020-01-01,4.5174727,2019-01-01,290.01698027310306,284.00895297951894,"{""geodesic"":false,""type"":""Point"",""coordinates"":[-121.65645839280388,36.18975411486008]}"
13_000000000000000000a2_0,67.46586003205425,385.0,0.8430705215098411,BS276,0.0,2020-01-01,4.5174727,2019-01-01,290.01698027310306,284.00895297951894,"{""geodesic"":false,""type"":""Point"",""coordinates"":[-121.68610279717983,36.180321804376824]}"
13_000000000000000000a3_0,45.061883497231776,271.0,0.8688808360027521,BS277,0.0,2020-01-01,4.5174727,2019-01-01,290.01698027310306,284.00895297951894,"{""geodesic"":false,""type"":""Point"",""coordinates"":[-121.66616019787239,36.16630808594456]}"
13_000000000000000000a8_0,35.96005339678197,617.0,0.8233699759947057,BS283,0.0,2020-01-01,4.5174727,2019-01-01,290.01698027310306,284.00895297951894,"{""geodesic"":false,""type"":""Point"",""coordinates"":[-121.68044341088988,36.180052309791584]}"
13_000000000000000000a9_0,66.57624254057987,987.0,0.751972342328637,BS287,0.0,2020-01-01,3.9034839,2019-01-01,290.1790838790266,282.8853552831362,"{""geodesic"":false,""type"":""Point"",""coordinates"":[-121.61010532414332,36.15013841083041]}"
13_000000000000000000aa_0,49.677521489264336,400.0,0.7938367486612432,BS292,0.0,2020-01-01,2.722022,2019-01-01,289.3073003481512,284.0934511785638,"{""geodesic"":false,""type"":""Point"",""coordinates"":[-121.85157247251465,36.48916259905711]}"
13_000000000000000000ab_0,34.62272448038753,307.0,0.8788519762618654,BS293,0.0,2020-01-01,2.722022,2019-01-01,289.3073003481512,284.0934511785638,"{""geodesic"":false,""type"":""Point"",""coordinates"":[-121.8534589346113,36.47919129940339]}"
13_000000000000000000ac_0,69.08679548317458,489.0,0.6619043690673139,BS294,0.0,2020-01-01,2.722022,2019-01-01,289.3073003481512,284.0934511785638,"{""geodesic"":false,""type"":""Point"",""coordinates"":[-121.8572318588046,36.46059617302211]}"
13_000000000000000000ad_0,62.96908762951993,205.0,0.8401387239353064,BS295,0.0,2020-01-01,2.9935439,2019-01-01,291.4905219509177,284.15979965418984,"{""geodesic"":false,""type"":""Point"",""coordinates"":[-121.49098871746908,35.99464003514932]}"
13_000000000000000000ae_0,36.099299996005925,616.0,0.7948611270360133,BS296,0.0,2020-01-01,2.9889839,2019-01-01,291.4905219509177,284.15979965418984,"{""geodesic"":false,""type"":""Point"",""coordinates"":[-121.47077662357638,36.00299436729163]}"
13_000000000000000000af_0,24.781508694969247,626.0,0.8119068094498301,BS297,0.0,2020-01-01,2.9889839,2019-01-01,291.4905219509177,284.15979965418984,"{""geodesic"":false,""type"":""Point"",""coordinates"":[-121.45622391597365,36.00110790519498]}"
13_000000000000000000b0_0,59.38225403716393,223.0,0.8701969711538855,BS299,0.0,2020-01-01,2.9935439,2019-01-01,291.4905219509177,284.15979965418984,"{""geodesic"":false,""type"":""Point"",""coordinates"":[-121.47454954776968,35.99140610012648]}"
13_000000000000000000b1_0,45.80235297795099,530.0,0.7758353753554175,BS301,0.0,2020-01-01,2.9935439,2019-01-01,291.4905219509177,284.15979965418984,"{""geodesic"":false,""type"":""Point"",""coordinates"":[-121.46969864523544,35.98682469217748]}"
13_000000000000000000b2_0,56.07050474907307,675.0,0.7994685684601112,BS303,0.0,2020-01-01,2.9935439,2019-01-01,291.4905219509177,284.15979965418984,"{""geodesic"":false,""type"":""Point"",""coordinates"":[-121.46592572104214,35.981704295057995]}"
13_000000000000000000b3_0,48.35420928581926,861.0,0.8103236720213979,BS304,0.0,2020-01-01,2.9935439,2019-01-01,291.4905219509177,284.15979965418984,"{""geodesic"":false,""type"":""Point"",""coordinates"":[-121.454337453877,35.97604490876804]}"
13_000000000000000000b4_0,25.367656293238085,918.0,0.7741235166728706,BS306,0.0,2020-01-01,2.8075523,2019-01-01,292.33419473726457,283.63986356552334,"{""geodesic"":false,""type"":""Point"",""coordinates"":[-121.43412535998431,35.98224328422847]}"
13_000000000000000000b5_0,27.59117394906161,639.0,0.8096803119249709,BS309,0.0,2020-01-01,2.9935439,2019-01-01,291.4905219509177,284.15979965418984,"{""geodesic"":false,""type"":""Point"",""coordinates"":[-121.45110351885417,35.98682469217748]}"
13_000000000000000000b6_0,34.16273797661933,528.0,0.791081880573398,BS310,0.0,2020-01-01,2.9935439,2019-01-01,291.4905219509177,284.15979965418984,"{""geodesic"":false,""type"":""Point"",""coordinates"":[-121.47401055859922,35.98143480047276]}"
13_000000000000000000b7_0,22.096097326936956,600.0,0.7773429294131821,BS312,0.0,2020-01-01,2.9935439,2019-01-01,291.4905219509177,284.15979965418984,"{""geodesic"":false,""type"":""Point"",""coordinates"":[-121.45784088348506,35.95960573906866]}"
13_000000000000000000b8_0,23.945514304638575,603.0,0.7918882768070092,BS313,0.0,2020-01-01,2.8075523,2019-01-01,292.33419473726457,283.63986356552334,"{""geodesic"":false,""type"":""Point"",""coordinates"":[-121.43547283291049,35.952868374437756]}"
13_000000000000000000b9_0,52.549452545658596,819.0,0.8072573139001189,BS315,0.0,2020-01-01,2.8496218,2019-01-01,292.36906299329786,284.965003820968,"{""geodesic"":false,""type"":""Point"",""coordinates"":[-121.42819647910912,35.94316656936927]}"
13_000000000000000000ba_0,63.62353772185482,591.0,0.7846021386291645,BS316,0.0,2020-01-01,2.8496218,2019-01-01,292.36906299329786,284.965003820968,"{""geodesic"":false,""type"":""Point"",""coordinates"":[-121.43978474627426,35.940471623516906]}"
13_000000000000000000bb_0,43.235397677074886,544.0,0.8428645730012032,BS317,0.0,2020-01-01,2.8496218,2019-01-01,292.36906299329786,284.965003820968,"{""geodesic"":false,""type"":""Point"",""coordinates"":[-121.4446356488085,35.94181909644309]}"
13_000000000000000000bc_0,48.54982136150222,1007.0,0.7960517912495347,BS320,0.0,2020-01-01,2.8075523,2019-01-01,292.33419473726457,283.63986356552334,"{""geodesic"":false,""type"":""Point"",""coordinates"":[-121.42280658740441,35.9501734285854]}"
13_000000000000000000bd_0,18.635978666588233,928.0,0.7932184568089191,BS321,0.0,2020-01-01,2.8496218,2019-01-01,292.36906299329786,284.965003820968,"{""geodesic"":false,""type"":""Point"",""coordinates"":[-121.42523203867152,35.938046172249784]}"
13_000000000000000000be_0,20.18500476992959,954.0,0.7667028936753492,BS322,0.0,2020-01-01,2.8496218,2019-01-01,292.36906299329786,284.965003820968,"{""geodesic"":false,""type"":""Point"",""coordinates"":[-121.42900496286482,35.93346476430078]}"
13_000000000000000000bf_0,30.898503436634044,816.0,0.6364102542605664,BS323,0.0,2020-01-01,2.8496218,2019-01-01,292.36906299329786,284.965003820968,"{""geodesic"":false,""type"":""Point"",""coordinates"":[-121.43116091954671,35.923762959232285]}"
13_000000000000000000c0_0,31.486828341173275,766.0,0.7363720319018227,BS324,0.0,2020-01-01,2.8496218,2019-01-01,292.36906299329786,284.965003820968,"{""geodesic"":false,""type"":""Point"",""coordinates"":[-121.43223889788766,35.9186425621128]}"
13_000000000000000000c1_0,27.588789588247476,730.0,0.8404208699898635,BS326,0.0,2020-01-01,2.8496218,2019-01-01,292.36906299329786,284.965003820968,"{""geodesic"":false,""type"":""Point"",""coordinates"":[-121.43062193037625,35.913522164993324]}"
13_000000000000000000c2_0,85.71265408632839,449.0,0.6153392526584012,BS328,0.0,2020-01-01,2.7942188,2019-01-01,292.36906299329786,284.965003820968,"{""geodesic"":false,""type"":""Point"",""coordinates"":[-121.43439485456955,35.89034563066304]}"
13_000000000000000000c3_0,23.770178872822292,602.0,0.7799678415453931,BS330,0.0,2020-01-01,2.7942188,2019-01-01,292.36906299329786,284.965003820968,"{""geodesic"":false,""type"":""Point"",""coordinates"":[-121.4287354682796,35.88145230935026]}"
13_000000000000000000c4_0,33.42721809893285,758.0,0.7813369520551816,BS331,0.0,2020-01-01,2.7942188,2019-01-01,292.36906299329786,284.965003820968,"{""geodesic"":false,""type"":""Point"",""coordinates"":[-121.41876416862587,35.88414725520261]}"
13_000000000000000000c5_0,56.263344604587516,835.0,0.8309602255527293,BS333,0.0,2020-01-01,2.7942188,2019-01-01,292.36906299329786,284.965003820968,"{""geodesic"":false,""type"":""Point"",""coordinates"":[-121.40178600975601,35.88818967398115]}"
13_000000000000000000c6_0,54.88422611644543,972.0,0.8413436129689406,BS334,0.0,2020-01-01,2.8344977,2019-01-01,292.36906299329786,284.965003820968,"{""geodesic"":false,""type"":""Point"",""coordinates"":[-121.3875027967385,35.890884619833514]}"
13_000000000000000000c7_0,44.06472410830791,935.0,0.8526174622142372,BS335,0.0,2020-01-01,2.8344977,2019-01-01,292.36906299329786,284.965003820968,"{""geodesic"":false,""type"":""Point"",""coordinates"":[-121.3791484645962,35.89223209275969]}"
13_000000000000000000c8_0,40.45452450595577,606.0,0.8045604791764337,BS338,0.0,2020-01-01,2.8344977,2019-01-01,292.36906299329786,284.965003820968,"{""geodesic"":false,""type"":""Point"",""coordinates"":[-121.3942401613694,35.87094202052606]}"
13_000000000000000000c9_0,24.375278180017578,503.0,0.821155344918742,BS355,0.0,2020-01-01,4.1573324,2019-01-01,289.3296615391561,283.6324327860793,"{""geodesic"":false,""type"":""Point"",""coordinates"":[-121.78824124498422,36.33393371796126]}"
13_000000000000000000ca_0,20.64223497179519,807.0,0.7196775134120289,BS358,0.0,2020-01-01,4.1573324,2019-01-01,289.3296615391561,283.6324327860793,"{""geodesic"":false,""type"":""Point"",""coordinates"":[-121.78608528830233,36.3455219851264]}"
13_000000000000000000cb_0,40.745574442991355,736.0,0.7902065436376199,BS359,0.0,2020-01-01,3.58401,2019-01-01,289.45323415259793,282.772880867736,"{""geodesic"":false,""type"":""Point"",""coordinates"":[-121.79039720166611,36.35037288766065]}"
13_000000000000000000cc_0,46.20499941254893,936.0,0.572827443135002,BS360,0.0,2020-01-01,3.58401,2019-01-01,289.45323415259793,282.772880867736,"{""geodesic"":false,""type"":""Point"",""coordinates"":[-121.79120568542182,36.355762779365364]}"
13_000000000000000000cd_0,62.55328179893585,1015.0,0.5074416413088707,BS365,0.0,2020-01-01,4.260183,2019-01-01,290.01698027310306,284.00895297951894,"{""geodesic"":false,""type"":""Point"",""coordinates"":[-121.68610279717983,36.22290194884409]}"
13_000000000000000000ce_0,16.156383628545708,665.0,0.7268905997065215,BS372,0.0,2020-01-01,4.824193,2019-01-01,290.01698027310306,284.00895297951894,"{""geodesic"":false,""type"":""Point"",""coordinates"":[-121.73568980086323,36.22290194884409]}"
13_000000000000000000cf_0,26.998332055529286,783.0,0.7052553213211393,BS373,0.0,2020-01-01,4.824193,2019-01-01,290.01698027310306,284.00895297951894,"{""geodesic"":false,""type"":""Point"",""coordinates"":[-121.7362287900337,36.228022345963566]}"
13_000000000000000000d1_0,54.72884204231155,371.0,0.8216477269163055,BS378,0.0,2020-01-01,4.824193,2019-01-01,290.01698027310306,284.00895297951894,"{""geodesic"":false,""type"":""Point"",""coordinates"":[-121.74566110051695,36.219668013821256]}"
13_000000000000000000d2_0,43.82798520873209,746.0,0.5050959053261758,BS379,0.0,2020-01-01,4.824193,2019-01-01,290.01698027310306,284.00895297951894,"{""geodesic"":false,""type"":""Point"",""coordinates"":[-121.73973221964177,36.23098678640116]}"
13_000000000000000000d8_0,77.70850969473105,371.0,0.7206572631936097,BS390,0.0,2020-01-01,4.1573324,2019-01-01,289.3296615391561,283.6324327860793,"{""geodesic"":false,""type"":""Point"",""coordinates"":[-121.79470911502989,36.333394728790786]}"
13_000000000000000000dd_0,22.47203003839258,878.0,0.8262141847491973,BS399,0.0,2020-01-01,2.8496218,2019-01-01,292.36906299329786,284.965003820968,"{""geodesic"":false,""type"":""Point"",""coordinates"":[-121.42361507116011,35.93076981844842]}"
13_000000000000000000de_0,31.17199251501629,878.0,0.7250721031677002,BS405,0.0,2020-01-01,3.0630102,2019-01-01,291.4905219509177,284.15979965418984,"{""geodesic"":false,""type"":""Point"",""coordinates"":[-121.535455324033,36.04476602800319]}"
13_000000000000000000e1_0,21.567897773104466,263.0,0.8705060673495488,BS412,0.0,2020-01-01,2.8496218,2019-01-01,292.36906299329786,284.965003820968,"{""geodesic"":false,""type"":""Point"",""coordinates"":[-121.41849467404063,35.90408985451007]}"
13_000000000000000000e2_0,31.566318318318245,628.0,0.7173937967570321,BS413,0.0,2020-01-01,2.6735027,2019-01-01,292.8666853813276,284.77230638477903,"{""geodesic"":false,""type"":""Point"",""coordinates"":[-121.33360387969134,35.806263320069455]}"
13_000000000000000000e5_0,60.42687841175954,597.0,0.819557437463988,BS420,0.0,2020-01-01,2.9889839,2019-01-01,291.4905219509177,284.15979965418984,"{""geodesic"":false,""type"":""Point"",""coordinates"":[-121.49071922288384,36.02374545035479]}"
13_000000000000000000e6_0,21.376021281538264,133.0,0.8554046924275215,BS423,0.0,2020-01-01,3.0630102,2019-01-01,291.4905219509177,284.15979965418984,"{""geodesic"":false,""type"":""Point"",""coordinates"":[-121.52144160560073,36.01566061279771]}"
13_000000000000000000e7_0,54.815015206146725,1336.0,0.7429372223786549,BS425,0.0,2020-01-01,2.9401371,2019-01-01,290.95790890210293,283.26576174383297,"{""geodesic"":false,""type"":""Point"",""coordinates"":[-121.49880406044092,36.05500682224215]}"
13_000000000000000000e8_0,37.559994128816314,268.0,0.7284943132036145,BS426,0.0,2020-01-01,3.0630102,2019-01-01,291.4905219509177,284.15979965418984,"{""geodesic"":false,""type"":""Point"",""coordinates"":[-121.52817897023162,36.018894547820544]}"
13_000000000000000000e9_0,86.0026476894809,531.0,0.7453925688229118,BS427,0.0,2020-01-01,3.8900182,2019-01-01,289.45323415259793,282.772880867736,"{""geodesic"":false,""type"":""Point"",""coordinates"":[-121.83459431364479,36.37193245447951]}"
13_000000000000000000ea_0,55.19334393019146,379.0,0.7941517166717849,BS429,0.0,2020-01-01,2.722022,2019-01-01,289.3073003481512,284.0934511785638,"{""geodesic"":false,""type"":""Point"",""coordinates"":[-121.85184196709989,36.47245393477249]}"
13_000000000000000000eb_0,67.07946811329809,524.0,0.8111212018522472,BS430,0.0,2020-01-01,2.8666897,2019-01-01,290.13511373441514,283.1354743853007,"{""geodesic"":false,""type"":""Point"",""coordinates"":[-121.81087879014403,36.46625555931207]}"
13_000000000000000000ec_0,56.75379089877633,808.0,0.7428192375434878,BS431,0.0,2020-01-01,2.722022,2019-01-01,289.3073003481512,284.0934511785638,"{""geodesic"":false,""type"":""Point"",""coordinates"":[-121.86100478299791,36.45008588419791]}"
13_000000000000000000ed_0,23.27423657477185,385.0,0.7944763516349649,BS433,0.0,2020-01-01,4.493106,2019-01-01,289.3296615391561,283.6324327860793,"{""geodesic"":false,""type"":""Point"",""coordinates"":[-121.80737536053597,36.347677941808286]}"
13_000000000000000000ee_0,84.45344527228852,875.0,0.6418484016391598,BS434,0.0,2020-01-01,2.722022,2019-01-01,289.3073003481512,284.0934511785638,"{""geodesic"":false,""type"":""Point"",""coordinates"":[-121.85103348334418,36.45089436795362]}"
13_000000000000000000ef_0,23.09382603509834,1045.0,0.5001726785565366,BS436,0.0,2020-01-01,3.6215198,2019-01-01,289.65070077556453,282.44298944342626,"{""geodesic"":false,""type"":""Point"",""coordinates"":[-121.72140658784573,36.3417490609331]}"
13_000000000000000000f0_0,30.826420942389394,367.0,0.7971845169550871,BS438,0.0,2020-01-01,4.493106,2019-01-01,289.3296615391561,283.6324327860793,"{""geodesic"":false,""type"":""Point"",""coordinates"":[-121.80872283346216,36.34228805010357]}"
13_000000000000000000f1_0,18.77270134003874,109.0,0.8368584927296958,BS457,0.0,2020-01-01,4.5174727,2019-01-01,290.01698027310306,284.00895297951894,"{""geodesic"":false,""type"":""Point"",""coordinates"":[-121.6925706672255,36.17870483686541]}"
13_000000000000000000f4_0,20.551940124877017,438.0,0.7753792202518593,BS468,0.0,2020-01-01,2.8666897,2019-01-01,290.13511373441514,283.1354743853007,"{""geodesic"":false,""type"":""Point"",""coordinates"":[-121.8467215699804,36.48512018027858]}"
13_000000000000000000f5_0,59.24394140655963,579.0,0.8002269646011381,BS469,0.0,2020-01-01,2.722022,2019-01-01,289.3073003481512,284.0934511785638,"{""geodesic"":false,""type"":""Point"",""coordinates"":[-121.85830983714554,36.45574527048787]}"
13_000000000000000000f6_0,82.02309265352733,737.0,0.6711056541600595,BS470,0.0,2020-01-01,2.722022,2019-01-01,289.3073003481512,284.0934511785638,"{""geodesic"":false,""type"":""Point"",""coordinates"":[-121.85291994544083,36.45628425965834]}"
13_000000000000000000f7_0,65.35677786486153,290.0,0.8329391026457584,BS474,0.0,2020-01-01,2.9935439,2019-01-01,291.4905219509177,284.15979965418984,"{""geodesic"":false,""type"":""Point"",""coordinates"":[-121.46727319396832,35.990328121785545]}"
13_000000000000000000f8_0,57.874157270434885,972.0,0.7428009866103568,BS478,0.0,2020-01-01,2.8075523,2019-01-01,292.33419473726457,283.63986356552334,"{""geodesic"":false,""type"":""Point"",""coordinates"":[-121.4333168762286,35.99437054056408]}"
13_000000000000000000f9_0,26.445982330365105,507.0,0.7581706441602671,BS486,0.0,2020-01-01,2.9935439,2019-01-01,291.4905219509177,284.15979965418984,"{""geodesic"":false,""type"":""Point"",""coordinates"":[-121.46835117230926,35.95367685819347]}"
13_000000000000000000fb_0,46.842136270028696,836.0,0.8258872309428826,BS499,0.0,2020-01-01,2.7942188,2019-01-01,292.36906299329786,284.965003820968,"{""geodesic"":false,""type"":""Point"",""coordinates"":[-121.4077148906312,35.88738119022545]}"
13_000000000000000000fc_0,15.797481440305111,677.0,0.8359219214052134,BS504,0.0,2020-01-01,2.8344977,2019-01-01,292.36906299329786,284.965003820968,"{""geodesic"":false,""type"":""Point"",""coordinates"":[-121.38911976424993,35.874175955548885]}"
13_000000000000000000fe_0,75.70221993090276,706.0,0.672275765569406,BS518,0.0,2020-01-01,3.8900182,2019-01-01,289.45323415259793,282.772880867736,"{""geodesic"":false,""type"":""Point"",""coordinates"":[-121.83109088403673,36.38432920540036]}"
13_000000000000000000ff_0,45.20619448240909,538.0,0.7792943639288613,BS519,0.0,2020-01-01,3.8900182,2019-01-01,289.45323415259793,282.772880867736,"{""geodesic"":false,""type"":""Point"",""coordinates"":[-121.83944521617903,36.38352072164466]}"
13_00000000000000000101_0,25.74909563634812,581.0,0.8329594656756958,BS521,0.0,2020-01-01,4.5174727,2019-01-01,290.01698027310306,284.00895297951894,"{""geodesic"":false,""type"":""Point"",""coordinates"":[-121.69526561307785,36.19837794158762]}"
13_00000000000000000102_0,32.025148055914094,562.0,0.7852479831752052,BS600,0.0,2020-01-01,3.8900182,2019-01-01,289.45323415259793,282.772880867736,"{""geodesic"":false,""type"":""Point"",""coordinates"":[-121.8219280681387,36.3598051981439]}"
13_00000000000000000103_0,45.00761081400942,638.0,0.7910599470089651,BS601,0.0,2020-01-01,3.8900182,2019-01-01,289.45323415259793,282.772880867736,"{""geodesic"":false,""type"":""Point"",""coordinates"":[-121.83324684071862,36.35926620897343]}"
13_00000000000000000104_0,32.651861168179025,518.0,0.766244952470634,BS603,0.0,2020-01-01,3.8900182,2019-01-01,289.45323415259793,282.772880867736,"{""geodesic"":false,""type"":""Point"",""coordinates"":[-121.84079268910521,36.366273068189564]}"
13_00000000000000000105_0,32.38432057738398,565.0,0.784389677636361,BS604,0.0,2020-01-01,3.8900182,2019-01-01,289.45323415259793,282.772880867736,"{""geodesic"":false,""type"":""Point"",""coordinates"":[-121.84887752666229,36.367890035700974]}"
13_00000000000000000107_0,15.37850304752796,1022.0,0.8157915160302077,BS607,0.0,2020-01-01,3.5192668,2019-01-01,290.1790838790266,282.8853552831362,"{""geodesic"":false,""type"":""Point"",""coordinates"":[-121.59151019776205,36.15013841083041]}"
13_00000000000000000108_0,73.9327660007046,257.0,0.7854766639897496,BS610,0.0,2020-01-01,4.5174727,2019-01-01,290.01698027310306,284.00895297951894,"{""geodesic"":false,""type"":""Point"",""coordinates"":[-121.66292626284955,36.16253516175126]}"
13_00000000000000000109_0,49.33632856533092,417.0,0.8304069183964429,BS611,0.0,2020-01-01,4.5174727,2019-01-01,290.01698027310306,284.00895297951894,"{""geodesic"":false,""type"":""Point"",""coordinates"":[-121.66454323036096,36.17304545057545]}"
13_0000000000000000010a_0,18.167357718039906,455.0,0.8496987482824253,BS612,0.0,2020-01-01,4.5174727,2019-01-01,290.01698027310306,284.00895297951894,"{""geodesic"":false,""type"":""Point"",""coordinates"":[-121.66993312206569,36.17277595599022]}"
13_0000000000000000010b_0,30.70358827097094,318.0,0.8217053077411425,BS613,0.0,2020-01-01,4.5174727,2019-01-01,290.01698027310306,284.00895297951894,"{""geodesic"":false,""type"":""Point"",""coordinates"":[-121.6693941328952,36.165769096774085]}"
13_0000000000000000010c_0,35.03062954001923,320.0,0.8574163620552931,BS620,0.0,2020-01-01,4.5174727,2019-01-01,290.01698027310306,284.00895297951894,"{""geodesic"":false,""type"":""Point"",""coordinates"":[-121.6933791509812,36.184364223155356]}"
13_0000000000000000010d_0,80.28646515479035,262.0,0.8210399215907244,BS621,0.0,2020-01-01,4.824193,2019-01-01,290.01698027310306,284.00895297951894,"{""geodesic"":false,""type"":""Point"",""coordinates"":[-121.74862554095455,36.21805104630984]}"
13_00000000000000000113_0,23.27015458817924,151.0,0.8412316898847275,BS627,0.0,2020-01-01,5.0481644,2019-01-01,289.3296615391561,283.6324327860793,"{""geodesic"":false,""type"":""Point"",""coordinates"":[-121.80279395258697,36.27087198501607]}"
13_00000000000000000114_0,26.274512007672172,97.0,0.8398307171182114,BS628,0.0,2020-01-01,5.0481644,2019-01-01,289.3296615391561,283.6324327860793,"{""geodesic"":false,""type"":""Point"",""coordinates"":[-121.80629738219503,36.269255017504655]}"
13_00000000000000000115_0,31.521323185942126,405.0,0.8137158475055386,BS629,0.0,2020-01-01,4.5174727,2019-01-01,290.01698027310306,284.00895297951894,"{""geodesic"":false,""type"":""Point"",""coordinates"":[-121.69526561307785,36.18813714734866]}"
13_00000000000000000116_0,33.35739362236947,552.0,0.8185748527836707,BS632,0.0,2020-01-01,4.493106,2019-01-01,289.3296615391561,283.6324327860793,"{""geodesic"":false,""type"":""Point"",""coordinates"":[-121.80036850131984,36.325040396648475]}"
13_00000000000000000117_0,50.83368553795231,639.0,0.7102729495417496,BS633,0.0,2020-01-01,4.493106,2019-01-01,289.3296615391561,283.6324327860793,"{""geodesic"":false,""type"":""Point"",""coordinates"":[-121.80063799590508,36.32261494538135]}"
14_00000000000000000000_0,67.58520233912982,381.0,0.8269883935153127,BS002,0.0,2021-01-01,0.95926553,2020-01-01,293.6190928057895,285.40967130400446,"{""geodesic"":false,""type"":""Point"",""coordinates"":[-121.3875027967385,35.85611981833809]}"
14_00000000000000000001_0,68.24696677995586,405.0,0.7806032520815042,BS003,0.0,2021-01-01,0.95926553,2020-01-01,293.6190928057895,285.40967130400446,"{""geodesic"":false,""type"":""Point"",""coordinates"":[-121.39208420468752,35.85072992663337]}"
14_00000000000000000002_0,48.78739385786684,790.0,0.84158575878082,BS004,0.0,2021-01-01,0.95926553,2020-01-01,293.6190928057895,285.40967130400446,"{""geodesic"":false,""type"":""Point"",""coordinates"":[-121.36675171367534,35.85854526960521]}"
14_00000000000000000003_0,55.67916979278263,851.0,0.8303077928747902,BS005,0.0,2021-01-01,0.95926553,2020-01-01,293.6190928057895,285.40967130400446,"{""geodesic"":false,""type"":""Point"",""coordinates"":[-121.36028384362969,35.85881476419044]}"
14_00000000000000000004_0,43.390176143344256,820.0,0.8506570155411981,BS006,0.0,2021-01-01,0.95926553,2020-01-01,293.6190928057895,285.40967130400446,"{""geodesic"":false,""type"":""Point"",""coordinates"":[-121.35381597358402,35.86043173170186]}"
14_00000000000000000005_0,22.99157653074194,883.0,0.7681121153222221,BS007,0.0,2021-01-01,0.9432423,2020-01-01,294.60919531316705,284.490252385374,"{""geodesic"":false,""type"":""Point"",""coordinates"":[-121.33926326598129,35.857736785849504]}"
14_00000000000000000006_0,16.673631848735127,509.0,0.6470574335663739,BS011,0.0,2021-01-01,0.9752224,2020-01-01,293.7827338130096,285.70606740315753,"{""geodesic"":false,""type"":""Point"",""coordinates"":[-121.37133312162436,35.8291703598145]}"
14_00000000000000000007_0,42.05461653958458,359.0,0.7570316510693078,BS012,0.0,2021-01-01,0.9752224,2020-01-01,293.7827338130096,285.70606740315753,"{""geodesic"":false,""type"":""Point"",""coordinates"":[-121.37160261620959,35.82324147893931]}"
14_00000000000000000008_0,72.28615280169744,351.0,0.8160479186864201,BS015,0.0,2021-01-01,0.98516023,2020-01-01,294.1063356243196,285.2721624322276,"{""geodesic"":false,""type"":""Point"",""coordinates"":[-121.34303619017459,35.8253974356212]}"
14_00000000000000000009_0,64.21273125888193,453.0,0.8451553658117485,BS016,0.0,2021-01-01,0.98516023,2020-01-01,294.1063356243196,285.2721624322276,"{""geodesic"":false,""type"":""Point"",""coordinates"":[-121.33764629846988,35.82566693020643]}"
14_0000000000000000000a_0,48.11361659926988,518.0,0.8596710672711856,BS017,0.0,2021-01-01,0.98516023,2020-01-01,294.1063356243196,285.2721624322276,"{""geodesic"":false,""type"":""Point"",""coordinates"":[-121.33225640676515,35.82512794103596]}"
14_0000000000000000000b_0,33.492949225127546,611.0,0.8835988588518647,BS018,0.0,2021-01-01,0.98516023,2020-01-01,294.1063356243196,285.2721624322276,"{""geodesic"":false,""type"":""Point"",""coordinates"":[-121.32848348257185,35.82351097352455]}"
14_0000000000000000000c_0,66.89153563913446,466.0,0.834163743607761,BS019,0.0,2021-01-01,0.98516023,2020-01-01,294.1063356243196,285.2721624322276,"{""geodesic"":false,""type"":""Point"",""coordinates"":[-121.34249720100412,35.82970934898497]}"
14_0000000000000000000d_0,40.01608371394183,400.0,0.8055058201159501,BS020,0.0,2021-01-01,0.98516023,2020-01-01,294.1063356243196,285.2721624322276,"{""geodesic"":false,""type"":""Point"",""coordinates"":[-121.3408802334927,35.83375176776351]}"
14_0000000000000000000e_0,37.235079189377984,639.0,0.8643990305379581,BS022,0.0,2021-01-01,0.98516023,2020-01-01,294.1063356243196,285.2721624322276,"{""geodesic"":false,""type"":""Point"",""coordinates"":[-121.3379157930551,35.84426205658771]}"
14_0000000000000000000f_0,33.08760663456149,233.0,0.8188862673253006,BS026,0.0,2021-01-01,1.0291646,2020-01-01,293.6190928057895,285.40967130400446,"{""geodesic"":false,""type"":""Point"",""coordinates"":[-121.42550153325676,35.90166440324295]}"
14_00000000000000000010_0,59.55998734365424,186.0,0.8472844715045309,BS027,0.0,2021-01-01,0.971611,2020-01-01,293.6190928057895,285.40967130400446,"{""geodesic"":false,""type"":""Point"",""coordinates"":[-121.43089142496147,35.89789147904964]}"
14_00000000000000000011_0,17.11607582672621,317.0,0.8200037030478424,BS032,0.0,2021-01-01,0.9336016,2020-01-01,294.1063356243196,285.2721624322276,"{""geodesic"":false,""type"":""Point"",""coordinates"":[-121.3379157930551,35.797908987927144]}"
14_00000000000000000012_0,73.77224801273833,648.0,0.7234029772758334,BS034,0.0,2021-01-01,0.98516023,2020-01-01,294.1063356243196,285.2721624322276,"{""geodesic"":false,""type"":""Point"",""coordinates"":[-121.32686651506043,35.800064944609026]}"
14_00000000000000000013_0,20.77749191213903,390.0,0.7962835642875968,BS035,0.0,2021-01-01,0.9336016,2020-01-01,294.1063356243196,285.2721624322276,"{""geodesic"":false,""type"":""Point"",""coordinates"":[-121.31985965584431,35.789824150370066]}"
14_00000000000000000015_0,102.90966711005059,726.0,0.59041064987484,BS044,1.0,2021-01-01,1.0537448,2020-01-01,293.000158799802,284.7104205355618,"{""geodesic"":false,""type"":""Point"",""coordinates"":[-121.51712969223695,36.031560793326626]}"
14_00000000000000000016_0,44.917688511204716,517.0,0.7389362446172112,BS045,2.0,2021-01-01,1.0537448,2020-01-01,293.000158799802,284.7104205355618,"{""geodesic"":false,""type"":""Point"",""coordinates"":[-121.50634990882752,36.02886584747427]}"
14_00000000000000000017_0,84.87704667759935,584.0,0.6918160975698296,BS046,1.0,2021-01-01,1.0537448,2020-01-01,293.000158799802,284.7104205355618,"{""geodesic"":false,""type"":""Point"",""coordinates"":[-121.5047329413161,36.023475955769555]}"
14_00000000000000000018_0,41.43364473571587,690.0,0.6796048990639535,BS047,2.0,2021-01-01,1.0438654,2020-01-01,293.000158799802,284.7104205355618,"{""geodesic"":false,""type"":""Point"",""coordinates"":[-121.49988203878186,36.02805736371856]}"
14_00000000000000000019_0,74.73489533463807,527.0,0.7973585674732987,BS048,1.0,2021-01-01,1.0438654,2020-01-01,293.000158799802,284.7104205355618,"{""geodesic"":false,""type"":""Point"",""coordinates"":[-121.4904497282986,36.02859635288903]}"
14_0000000000000000001a_0,60.581323509855316,721.0,0.7691364204584951,BS050,2.0,2021-01-01,1.0438654,2020-01-01,293.000158799802,284.7104205355618,"{""geodesic"":false,""type"":""Point"",""coordinates"":[-121.47966994488917,36.03290826625281]}"
14_0000000000000000001b_0,65.87106514675746,575.0,0.7574527655445845,BS052,1.0,2021-01-01,1.0537448,2020-01-01,293.000158799802,284.7104205355618,"{""geodesic"":false,""type"":""Point"",""coordinates"":[-121.50122951170803,36.01323516153059]}"
14_0000000000000000001c_0,87.06170553195479,380.0,0.74740325361741,BS053,2.0,2021-01-01,1.0537448,2020-01-01,293.000158799802,284.7104205355618,"{""geodesic"":false,""type"":""Point"",""coordinates"":[-121.50661940341276,36.01242667777488]}"
14_0000000000000000001d_0,67.51660543604743,573.0,0.7202860385693532,BS054,0.0,2021-01-01,0.9336016,2020-01-01,294.1063356243196,285.2721624322276,"{""geodesic"":false,""type"":""Point"",""coordinates"":[-121.31339178579864,35.78685970993247]}"
14_0000000000000000001e_0,73.65137416970575,599.0,0.6709579374209057,BS057,1.0,2021-01-01,1.0537448,2020-01-01,293.000158799802,284.7104205355618,"{""geodesic"":false,""type"":""Point"",""coordinates"":[-121.51173980053224,36.029135342059504]}"
14_0000000000000000001f_0,98.90179975151638,767.0,0.6728330410391989,BS058,4.0,2021-01-01,1.2364554,2020-01-01,292.4229296491446,283.932375131409,"{""geodesic"":false,""type"":""Point"",""coordinates"":[-121.54677409661289,36.06012721936163]}"
14_00000000000000000020_0,98.07592686020001,661.0,0.6621258475321423,BS059,4.0,2021-01-01,1.2364554,2020-01-01,292.4229296491446,283.932375131409,"{""geodesic"":false,""type"":""Point"",""coordinates"":[-121.54650460202767,36.056623789753566]}"
14_00000000000000000021_0,44.246402370139634,646.0,0.6750364066355474,BS060,2.0,2021-01-01,1.2364554,2020-01-01,292.4229296491446,283.932375131409,"{""geodesic"":false,""type"":""Point"",""coordinates"":[-121.5438096561753,36.05258137097503]}"
14_00000000000000000022_0,35.40830947023388,612.0,0.6486259080564604,BS062,2.0,2021-01-01,1.0537448,2020-01-01,293.000158799802,284.7104205355618,"{""geodesic"":false,""type"":""Point"",""coordinates"":[-121.54973853705049,36.03398624459375]}"
14_00000000000000000023_0,28.807941992210445,651.0,0.7191695301869789,BS063,0.0,2021-01-01,1.0537448,2020-01-01,293.000158799802,284.7104205355618,"{""geodesic"":false,""type"":""Point"",""coordinates"":[-121.53788077530011,36.035603212105165]}"
14_00000000000000000024_0,94.29254386586571,746.0,0.5920511344441111,BS066,3.0,2021-01-01,1.0537448,2020-01-01,293.000158799802,284.7104205355618,"{""geodesic"":false,""type"":""Point"",""coordinates"":[-121.53356886193635,36.03722017961658]}"
14_00000000000000000026_0,28.919536835269923,705.0,0.66911163912784,BS071,3.0,2021-01-01,1.0537448,2020-01-01,293.000158799802,284.7104205355618,"{""geodesic"":false,""type"":""Point"",""coordinates"":[-121.54515712910148,36.037759168787055]}"
14_00000000000000000029_0,44.27175160934723,581.0,0.779326093235066,BS076,0.0,2021-01-01,1.2897137,2020-01-01,290.56086726787964,283.1988266491499,"{""geodesic"":false,""type"":""Point"",""coordinates"":[-121.8219280681387,36.361961154825785]}"
14_0000000000000000002a_0,27.476468403555046,607.0,0.8044782564180929,BS077,0.0,2021-01-01,1.2897137,2020-01-01,290.56086726787964,283.1988266491499,"{""geodesic"":false,""type"":""Point"",""coordinates"":[-121.81896362770111,36.35926620897343]}"
14_0000000000000000002b_0,63.12201883260864,626.0,0.731599304810303,BS078,0.0,2021-01-01,1.2897137,2020-01-01,290.56086726787964,283.1988266491499,"{""geodesic"":false,""type"":""Point"",""coordinates"":[-121.81599918726351,36.35549328478013]}"
14_0000000000000000002c_0,36.9609428616275,745.0,0.7241863362845713,BS079,0.0,2021-01-01,1.2897137,2020-01-01,290.56086726787964,283.1988266491499,"{""geodesic"":false,""type"":""Point"",""coordinates"":[-121.81249575765546,36.35953570355866]}"
14_0000000000000000002d_0,55.60774447529182,867.0,0.7398432443236174,BS080,0.0,2021-01-01,1.2897137,2020-01-01,290.56086726787964,283.1988266491499,"{""geodesic"":false,""type"":""Point"",""coordinates"":[-121.80441092009838,36.36061368189961]}"
14_0000000000000000002e_0,33.49604272984922,316.0,0.8491562456707249,BS081,0.0,2021-01-01,1.2897137,2020-01-01,290.56086726787964,283.1988266491499,"{""geodesic"":false,""type"":""Point"",""coordinates"":[-121.84429611871329,36.37193245447951]}"
14_00000000000000000034_0,21.18611091487249,1009.0,0.6822109883011371,BS088,0.0,2021-01-01,1.1459038,2020-01-01,290.56086726787964,283.1988266491499,"{""geodesic"":false,""type"":""Point"",""coordinates"":[-121.7963260825413,36.3598051981439]}"
14_00000000000000000035_0,42.885672423440155,1058.0,0.6758416143438878,BS089,0.0,2021-01-01,1.1459038,2020-01-01,290.56086726787964,283.1988266491499,"{""geodesic"":false,""type"":""Point"",""coordinates"":[-121.7963260825413,36.3665425627748]}"
14_00000000000000000036_0,50.34736672605559,952.0,0.6148872518664115,BS090,0.0,2021-01-01,1.1459038,2020-01-01,290.56086726787964,283.1988266491499,"{""geodesic"":false,""type"":""Point"",""coordinates"":[-121.79659557712654,36.37085447613857]}"
14_00000000000000000037_0,52.82279844691084,929.0,0.7955894509384596,BS092,0.0,2021-01-01,1.2897137,2020-01-01,290.56086726787964,283.1988266491499,"{""geodesic"":false,""type"":""Point"",""coordinates"":[-121.80414142551314,36.37489689491711]}"
14_00000000000000000038_0,81.0329953065012,785.0,0.6257608813413683,BS094,0.0,2021-01-01,0.8083872,2020-01-01,289.89047637272404,284.1590157597443,"{""geodesic"":false,""type"":""Point"",""coordinates"":[-121.87259305016305,36.45817072175499]}"
14_0000000000000000003a_0,82.49580586822927,521.0,0.7399784092170726,BS102,0.0,2021-01-01,1.2897137,2020-01-01,290.56086726787964,283.1988266491499,"{""geodesic"":false,""type"":""Point"",""coordinates"":[-121.84240965661662,36.38055628120706]}"
14_0000000000000000003b_0,40.34998727136361,504.0,0.7750537459301813,BS103,0.0,2021-01-01,1.2897137,2020-01-01,290.56086726787964,283.1988266491499,"{""geodesic"":false,""type"":""Point"",""coordinates"":[-121.84483510788375,36.378939313695646]}"
14_0000000000000000003d_0,104.06674258001296,889.0,0.6193809554284563,BS112,0.0,2021-01-01,1.1999085,2020-01-01,290.56086726787964,283.1988266491499,"{""geodesic"":false,""type"":""Point"",""coordinates"":[-121.8429486457871,36.41774653396961]}"
14_00000000000000000040_0,101.18739618928777,932.0,0.5658584187502922,BS121,0.0,2021-01-01,1.1999085,2020-01-01,290.56086726787964,283.1988266491499,"{""geodesic"":false,""type"":""Point"",""coordinates"":[-121.83944521617903,36.42178895274815]}"
14_00000000000000000041_0,54.01445007521706,766.0,0.8056828225013187,BS122,0.0,2021-01-01,1.1999085,2020-01-01,290.56086726787964,283.1988266491499,"{""geodesic"":false,""type"":""Point"",""coordinates"":[-121.84429611871329,36.423944909430034]}"
14_00000000000000000042_0,66.58497092815512,338.0,0.8376773710126058,BS123,0.0,2021-01-01,0.8083872,2020-01-01,289.89047637272404,284.1590157597443,"{""geodesic"":false,""type"":""Point"",""coordinates"":[-121.89415261698191,36.48107776150004]}"
14_00000000000000000043_0,41.31321286898303,376.0,0.8555234746034426,BS124,0.0,2021-01-01,0.8083872,2020-01-01,289.89047637272404,284.1590157597443,"{""geodesic"":false,""type"":""Point"",""coordinates"":[-121.89011019820337,36.47838281564768]}"
14_00000000000000000044_0,31.344457596470495,408.0,0.8785650653389793,BS125,0.0,2021-01-01,0.8083872,2020-01-01,289.89047637272404,284.1590157597443,"{""geodesic"":false,""type"":""Point"",""coordinates"":[-121.88633727401007,36.4808082669148]}"
14_00000000000000000045_0,55.22098049074294,311.0,0.8132460915105839,BS126,0.0,2021-01-01,0.8083872,2020-01-01,289.89047637272404,284.1590157597443,"{""geodesic"":false,""type"":""Point"",""coordinates"":[-121.88013889854965,36.484311696522866]}"
14_00000000000000000046_0,28.6348320399876,393.0,0.8736120211560673,BS128,0.0,2021-01-01,0.8083872,2020-01-01,289.89047637272404,284.1590157597443,"{""geodesic"":false,""type"":""Point"",""coordinates"":[-121.87367102850399,36.477843826477205]}"
14_00000000000000000047_0,39.145176940131925,351.0,0.8423836010677704,BS129,0.0,2021-01-01,0.8083872,2020-01-01,289.89047637272404,284.1590157597443,"{""geodesic"":false,""type"":""Point"",""coordinates"":[-121.88741525235102,36.49077956656853]}"
14_00000000000000000048_0,25.739902601495043,242.0,0.838395009515246,BS130,0.0,2021-01-01,0.8083872,2020-01-01,289.89047637272404,284.1590157597443,"{""geodesic"":false,""type"":""Point"",""coordinates"":[-121.88391182274296,36.49563046910277]}"
14_00000000000000000049_0,62.80459645982542,250.0,0.8828007247373318,BS131,0.0,2021-01-01,0.6363439,2020-01-01,289.89047637272404,284.1590157597443,"{""geodesic"":false,""type"":""Point"",""coordinates"":[-121.88121687689059,36.500750866222255]}"
14_0000000000000000004e_0,35.38579977330962,306.0,0.8831685332061806,BS137,0.0,2021-01-01,1.4911249,2020-01-01,290.118181155679,284.7510127917013,"{""geodesic"":false,""type"":""Point"",""coordinates"":[-121.87555749060064,36.347947436393525]}"
14_0000000000000000004f_0,29.09442519653742,306.0,0.8121569054543347,BS138,0.0,2021-01-01,0.8083872,2020-01-01,289.89047637272404,284.1590157597443,"{""geodesic"":false,""type"":""Point"",""coordinates"":[-121.86369972885026,36.49643895285848]}"
14_00000000000000000050_0,38.84161967700863,301.0,0.7550263192614404,BS139,0.0,2021-01-01,0.8083872,2020-01-01,289.89047637272404,284.1590157597443,"{""geodesic"":false,""type"":""Point"",""coordinates"":[-121.86289124509456,36.49104906115377]}"
14_00000000000000000051_0,48.26661547658886,333.0,0.8654190929078958,BS140,0.0,2021-01-01,0.8083872,2020-01-01,289.89047637272404,284.1590157597443,"{""geodesic"":false,""type"":""Point"",""coordinates"":[-121.86720315845832,36.482425234426216]}"
14_00000000000000000052_0,67.15536892765049,297.0,0.8055103464989665,BS141,0.0,2021-01-01,0.8083872,2020-01-01,289.89047637272404,284.1590157597443,"{""geodesic"":false,""type"":""Point"",""coordinates"":[-121.86100478299791,36.48296422359669]}"
14_00000000000000000053_0,26.177561488977812,503.0,0.7499650463144486,BS144,0.0,2021-01-01,0.89458686,2020-01-01,290.93081164750896,283.42454320355193,"{""geodesic"":false,""type"":""Point"",""coordinates"":[-121.81761615477494,36.46841151599395]}"
14_00000000000000000054_0,75.17832592296287,722.0,0.676512039688065,BS146,0.0,2021-01-01,0.8083872,2020-01-01,289.89047637272404,284.1590157597443,"{""geodesic"":false,""type"":""Point"",""coordinates"":[-121.87313203933351,36.46302162428923]}"
14_00000000000000000055_0,79.94192177571688,435.0,0.8112995568598022,BS147,0.0,2021-01-01,0.8083872,2020-01-01,289.89047637272404,284.1590157597443,"{""geodesic"":false,""type"":""Point"",""coordinates"":[-121.88687626318055,36.47083696726107]}"
14_00000000000000000056_0,94.09325143322623,880.0,0.6439208475902983,BS148,0.0,2021-01-01,0.8083872,2020-01-01,289.89047637272404,284.1590157597443,"{""geodesic"":false,""type"":""Point"",""coordinates"":[-121.87124557723686,36.453050324635505]}"
14_00000000000000000057_0,105.4049844082084,767.0,0.5050886858236543,BS149,0.0,2021-01-01,0.8083872,2020-01-01,289.89047637272404,284.1590157597443,"{""geodesic"":false,""type"":""Point"",""coordinates"":[-121.87690496352683,36.45251133546503]}"
14_00000000000000000059_0,67.64488009738038,513.0,0.8409757261771658,BS151,0.0,2021-01-01,0.8083872,2020-01-01,289.89047637272404,284.1590157597443,"{""geodesic"":false,""type"":""Point"",""coordinates"":[-121.85130297792941,36.46248263511876]}"
14_0000000000000000005a_0,68.10317683806706,436.0,0.8288502626738254,BS152,0.0,2021-01-01,0.8083872,2020-01-01,289.89047637272404,284.1590157597443,"{""geodesic"":false,""type"":""Point"",""coordinates"":[-121.85184196709989,36.46706404306777]}"
14_0000000000000000005b_0,36.79508050097403,440.0,0.8035883019252518,BS156,0.0,2021-01-01,1.638751,2020-01-01,290.74056977652464,283.8456481349924,"{""geodesic"":false,""type"":""Point"",""coordinates"":[-121.80306344717219,36.30725375402291]}"
14_0000000000000000005c_0,64.66072080794778,369.0,0.8108372607300111,BS157,0.0,2021-01-01,1.638751,2020-01-01,290.74056977652464,283.8456481349924,"{""geodesic"":false,""type"":""Point"",""coordinates"":[-121.80737536053597,36.30375032441484]}"
14_0000000000000000005d_0,24.11961363857029,649.0,0.7096394181762258,BS158,0.0,2021-01-01,1.2897137,2020-01-01,290.56086726787964,283.1988266491499,"{""geodesic"":false,""type"":""Point"",""coordinates"":[-121.8143822197521,36.35118137141635]}"
14_0000000000000000005e_0,33.9534292309796,294.0,0.8370044408275295,BS159,0.0,2021-01-01,1.638751,2020-01-01,290.74056977652464,283.8456481349924,"{""geodesic"":false,""type"":""Point"",""coordinates"":[-121.80225496341649,36.34067108259215]}"
14_0000000000000000005f_0,21.42602695147997,409.0,0.7923696741962337,BS160,0.0,2021-01-01,1.5398954,2020-01-01,290.74056977652464,283.8456481349924,"{""geodesic"":false,""type"":""Point"",""coordinates"":[-121.79821254463795,36.32935231001225]}"
14_00000000000000000060_0,21.831990720516018,1125.0,0.5962874146653011,BS161,0.0,2021-01-01,1.3613975,2020-01-01,291.2209941676406,282.9874694073786,"{""geodesic"":false,""type"":""Point"",""coordinates"":[-121.71305225570342,36.3350116963022]}"
14_00000000000000000061_0,76.18725701915658,1102.0,0.6113570662966569,BS162,0.0,2021-01-01,1.3613975,2020-01-01,291.2209941676406,282.9874694073786,"{""geodesic"":false,""type"":""Point"",""coordinates"":[-121.71601669614101,36.34013209342169]}"
14_00000000000000000062_0,17.277784259161336,1175.0,0.5762491587943795,BS163,0.0,2021-01-01,1.3613975,2020-01-01,291.2209941676406,282.9874694073786,"{""geodesic"":false,""type"":""Point"",""coordinates"":[-121.71952012574909,36.3455219851264]}"
14_00000000000000000063_0,19.630539988587927,327.0,0.8583527263064975,BS165,0.0,2021-01-01,1.5398954,2020-01-01,290.74056977652464,283.8456481349924,"{""geodesic"":false,""type"":""Point"",""coordinates"":[-121.79201416917752,36.32584888040418]}"
14_00000000000000000064_0,54.450490087976505,373.0,0.7724645562603962,BS166,0.0,2021-01-01,1.5398954,2020-01-01,290.74056977652464,283.8456481349924,"{""geodesic"":false,""type"":""Point"",""coordinates"":[-121.79228366376276,36.32935231001225]}"
14_00000000000000000065_0,44.911141936484235,437.0,0.7881174671557081,BS167,0.0,2021-01-01,1.5398954,2020-01-01,290.74056977652464,283.8456481349924,"{""geodesic"":false,""type"":""Point"",""coordinates"":[-121.79066669625135,36.320997977869936]}"
14_00000000000000000066_0,74.02061475612292,346.0,0.8189148790441454,BS168,0.0,2021-01-01,1.5398954,2020-01-01,290.74056977652464,283.8456481349924,"{""geodesic"":false,""type"":""Point"",""coordinates"":[-121.78446832079092,36.32477090206324]}"
14_00000000000000000067_0,25.575845751894963,1111.0,0.4126552855138671,BS172,0.0,2021-01-01,1.1031749,2020-01-01,291.57183320926185,281.74616441570345,"{""geodesic"":false,""type"":""Point"",""coordinates"":[-121.7429661546646,36.361961154825785]}"
14_00000000000000000068_0,24.922662336674957,522.0,0.645083981910432,BS175,0.0,2021-01-01,1.638751,2020-01-01,290.74056977652464,283.8456481349924,"{""geodesic"":false,""type"":""Point"",""coordinates"":[-121.80117698507554,36.314799602409515]}"
14_00000000000000000069_0,23.32040613850437,533.0,0.7063955985673256,BS176,0.0,2021-01-01,1.5398954,2020-01-01,290.74056977652464,283.8456481349924,"{""geodesic"":false,""type"":""Point"",""coordinates"":[-121.79147518000705,36.30967920529003]}"
14_0000000000000000006a_0,57.62507088725429,577.0,0.8079489803417031,BS177,0.0,2021-01-01,1.5398954,2020-01-01,290.74056977652464,283.8456481349924,"{""geodesic"":false,""type"":""Point"",""coordinates"":[-121.79012770708087,36.30698425943768]}"
14_0000000000000000006b_0,48.92989670798736,231.0,0.8741393789708557,BS186,0.0,2021-01-01,1.936412,2020-01-01,290.74056977652464,283.8456481349924,"{""geodesic"":false,""type"":""Point"",""coordinates"":[-121.82731795984343,36.268985522919415]}"
14_0000000000000000006c_0,35.26445725224443,123.0,0.8221693607167762,BS187,0.0,2021-01-01,1.936412,2020-01-01,290.74056977652464,283.8456481349924,"{""geodesic"":false,""type"":""Point"",""coordinates"":[-121.82731795984343,36.28111277925503]}"
14_0000000000000000006d_0,28.1934640021435,275.0,0.8484569427164197,BS188,0.0,2021-01-01,1.936412,2020-01-01,290.74056977652464,283.8456481349924,"{""geodesic"":false,""type"":""Point"",""coordinates"":[-121.82300604647965,36.26413462038517]}"
14_0000000000000000006e_0,62.08076586155978,109.0,0.7920723230513609,BS190,0.0,2021-01-01,1.936412,2020-01-01,290.74056977652464,283.8456481349924,"{""geodesic"":false,""type"":""Point"",""coordinates"":[-121.83297734613338,36.285963681789276]}"
14_0000000000000000006f_0,48.498413197917635,422.0,0.8262882331488925,BS193,0.0,2021-01-01,1.936412,2020-01-01,290.74056977652464,283.8456481349924,"{""geodesic"":false,""type"":""Point"",""coordinates"":[-121.82839593818437,36.2988994218806]}"
14_00000000000000000070_0,69.89184283137094,437.0,0.7753815441132451,BS194,0.0,2021-01-01,1.936412,2020-01-01,290.74056977652464,283.8456481349924,"{""geodesic"":false,""type"":""Point"",""coordinates"":[-121.82408402482059,36.29674346519871]}"
14_00000000000000000071_0,76.09278174414418,590.0,0.5081795691588765,BS195,0.0,2021-01-01,1.936412,2020-01-01,290.74056977652464,283.8456481349924,"{""geodesic"":false,""type"":""Point"",""coordinates"":[-121.81249575765546,36.2951264976873]}"
14_00000000000000000072_0,90.10298206984179,661.0,0.5886793426651421,BS196,0.0,2021-01-01,1.936412,2020-01-01,290.74056977652464,283.8456481349924,"{""geodesic"":false,""type"":""Point"",""coordinates"":[-121.80926182263262,36.29135357349399]}"
14_00000000000000000073_0,32.270442749142184,790.0,0.5022125216427433,BS201,0.0,2021-01-01,1.2897137,2020-01-01,290.56086726787964,283.1988266491499,"{""geodesic"":false,""type"":""Point"",""coordinates"":[-121.82650947608772,36.353606822683474]}"
14_00000000000000000074_0,19.706330222451893,787.0,0.510110059009933,BS202,0.0,2021-01-01,1.2897137,2020-01-01,290.56086726787964,283.1988266491499,"{""geodesic"":false,""type"":""Point"",""coordinates"":[-121.83567229198573,36.35333732809824]}"
14_00000000000000000075_0,49.6771089459168,795.0,0.7615422464789919,BS203,0.0,2021-01-01,1.2897137,2020-01-01,290.56086726787964,283.1988266491499,"{""geodesic"":false,""type"":""Point"",""coordinates"":[-121.83675027032668,36.35791873604725]}"
14_00000000000000000076_0,42.078937422417134,794.0,0.7994093514343096,BS204,0.0,2021-01-01,1.2897137,2020-01-01,290.56086726787964,283.1988266491499,"{""geodesic"":false,""type"":""Point"",""coordinates"":[-121.84240965661662,36.358188230632486]}"
14_00000000000000000077_0,20.21977974931189,98.0,0.8496688321352867,BS205,0.0,2021-01-01,1.936412,2020-01-01,290.74056977652464,283.8456481349924,"{""geodesic"":false,""type"":""Point"",""coordinates"":[-121.81195676848498,36.27006350126036]}"
14_00000000000000000078_0,48.2938565432792,335.0,0.8145327158130194,BS207,0.0,2021-01-01,1.936412,2020-01-01,290.74056977652464,283.8456481349924,"{""geodesic"":false,""type"":""Point"",""coordinates"":[-121.80252445800173,36.25712776116904]}"
14_00000000000000000080_0,74.98514237115855,375.0,0.7103272480333408,BS223,0.0,2021-01-01,1.5863782,2020-01-01,291.2209941676406,282.9874694073786,"{""geodesic"":false,""type"":""Point"",""coordinates"":[-121.74916453012503,36.250390396538144]}"
14_00000000000000000081_0,69.3774370679205,457.0,0.7876638075844871,BS224,0.0,2021-01-01,1.5863782,2020-01-01,291.2209941676406,282.9874694073786,"{""geodesic"":false,""type"":""Point"",""coordinates"":[-121.73973221964177,36.25389382614621]}"
14_00000000000000000082_0,63.434375133526764,497.0,0.8134676375649749,BS226,0.0,2021-01-01,1.766235,2020-01-01,291.3709996124434,284.46897913198,"{""geodesic"":false,""type"":""Point"",""coordinates"":[-121.73595929544847,36.24958191278244]}"
14_00000000000000000083_0,66.43197494791117,517.0,0.7419321084802393,BS228,0.0,2021-01-01,1.766235,2020-01-01,291.3709996124434,284.46897913198,"{""geodesic"":false,""type"":""Point"",""coordinates"":[-121.72733546872092,36.24580898858913]}"
14_00000000000000000084_0,74.79464075921345,742.0,0.7295281559299167,BS229,0.0,2021-01-01,1.766235,2020-01-01,291.3709996124434,284.46897913198,"{""geodesic"":false,""type"":""Point"",""coordinates"":[-121.7286829416471,36.23637667810588]}"
14_00000000000000000085_0,36.46115221783787,563.0,0.736017087507606,BS230,0.0,2021-01-01,1.766235,2020-01-01,291.3709996124434,284.46897913198,"{""geodesic"":false,""type"":""Point"",""coordinates"":[-121.72059810409003,36.24149707522536]}"
14_00000000000000000086_0,80.98327005515918,723.0,0.6335315564079961,BS232,0.0,2021-01-01,1.766235,2020-01-01,291.3709996124434,284.46897913198,"{""geodesic"":false,""type"":""Point"",""coordinates"":[-121.74620008968743,36.23961061312871]}"
14_00000000000000000087_0,75.81469685366271,709.0,0.7375671366120692,BS233,0.0,2021-01-01,1.766235,2020-01-01,291.3709996124434,284.46897913198,"{""geodesic"":false,""type"":""Point"",""coordinates"":[-121.74512211134649,36.2312562809864]}"
14_0000000000000000008b_0,76.3134476886341,325.0,0.792003473684925,BS240,0.0,2021-01-01,1.766235,2020-01-01,291.3709996124434,284.46897913198,"{""geodesic"":false,""type"":""Point"",""coordinates"":[-121.71844214740814,36.24796494527102]}"
14_0000000000000000008c_0,68.56348706449224,376.0,0.7980522725221966,BS241,0.0,2021-01-01,1.766235,2020-01-01,291.3709996124434,284.46897913198,"{""geodesic"":false,""type"":""Point"",""coordinates"":[-121.71332175028866,36.24607848317437]}"
14_0000000000000000008d_0,35.54612434683929,442.0,0.8611845817431069,BS242,0.0,2021-01-01,1.766235,2020-01-01,291.3709996124434,284.46897913198,"{""geodesic"":false,""type"":""Point"",""coordinates"":[-121.70173348312352,36.24715646151531]}"
14_0000000000000000008e_0,70.20259423299022,451.0,0.8075507371229679,BS243,0.0,2021-01-01,1.5035138,2020-01-01,291.3709996124434,284.46897913198,"{""geodesic"":false,""type"":""Point"",""coordinates"":[-121.6941876347369,36.248503934441494]}"
14_0000000000000000008f_0,28.92388194894073,394.0,0.8166229704214648,BS244,0.0,2021-01-01,1.4405168,2020-01-01,291.2209941676406,282.9874694073786,"{""geodesic"":false,""type"":""Point"",""coordinates"":[-121.68771976469125,36.25200736404956]}"
14_00000000000000000090_0,82.50928440973928,459.0,0.6916898709449759,BS245,0.0,2021-01-01,1.5035138,2020-01-01,291.3709996124434,284.46897913198,"{""geodesic"":false,""type"":""Point"",""coordinates"":[-121.68125189464558,36.2493124181972]}"
14_00000000000000000091_0,21.548114825220665,528.0,0.6707082515244495,BS246,0.0,2021-01-01,1.4405168,2020-01-01,291.2209941676406,282.9874694073786,"{""geodesic"":false,""type"":""Point"",""coordinates"":[-121.67720947586704,36.250390396538144]}"
14_00000000000000000092_0,19.293633958824135,604.0,0.8018283188818192,BS247,0.0,2021-01-01,1.4405168,2020-01-01,291.2209941676406,282.9874694073786,"{""geodesic"":false,""type"":""Point"",""coordinates"":[-121.67074160582139,36.2560497828281]}"
14_00000000000000000093_0,41.70023510823276,692.0,0.6454533368900018,BS248,0.0,2021-01-01,1.5035138,2020-01-01,291.3709996124434,284.46897913198,"{""geodesic"":false,""type"":""Point"",""coordinates"":[-121.65942283324148,36.248503934441494]}"
14_00000000000000000094_0,23.41125147789327,580.0,0.7930762253995195,BS249,0.0,2021-01-01,1.5035138,2020-01-01,291.3709996124434,284.46897913198,"{""geodesic"":false,""type"":""Point"",""coordinates"":[-121.65349395236629,36.248503934441494]}"
14_00000000000000000095_0,17.8863512534152,827.0,0.774323879202582,BS251,0.0,2021-01-01,1.766235,2020-01-01,291.3709996124434,284.46897913198,"{""geodesic"":false,""type"":""Point"",""coordinates"":[-121.73191687666993,36.23044779723069]}"
14_00000000000000000096_0,31.091614491342344,888.0,0.7568534980957109,BS253,0.0,2021-01-01,1.766235,2020-01-01,291.3709996124434,284.46897913198,"{""geodesic"":false,""type"":""Point"",""coordinates"":[-121.71763366365244,36.22020700299173]}"
14_00000000000000000097_0,50.22357703514418,901.0,0.8142325494349141,BS254,0.0,2021-01-01,1.766235,2020-01-01,291.3709996124434,284.46897913198,"{""geodesic"":false,""type"":""Point"",""coordinates"":[-121.71170478277725,36.219937508406495]}"
14_00000000000000000098_0,69.86373638664655,1127.0,0.6327716001788836,BS257,0.0,2021-01-01,1.5035138,2020-01-01,291.3709996124434,284.46897913198,"{""geodesic"":false,""type"":""Point"",""coordinates"":[-121.67936543254893,36.20969671416753]}"
14_00000000000000000099_0,26.93727113163187,122.0,0.7402917204644459,BS259,0.0,2021-01-01,1.8379285,2020-01-01,290.74056977652464,283.8456481349924,"{""geodesic"":false,""type"":""Point"",""coordinates"":[-121.79875153380843,36.26629057706706]}"
14_0000000000000000009a_0,28.01837938722987,256.0,0.8497098392108278,BS260,0.0,2021-01-01,1.936412,2020-01-01,290.74056977652464,283.8456481349924,"{""geodesic"":false,""type"":""Point"",""coordinates"":[-121.80521940385408,36.260900685362344]}"
14_0000000000000000009b_0,35.463362056314544,539.0,0.7099599164171558,BS262,0.0,2021-01-01,1.766235,2020-01-01,291.3709996124434,284.46897913198,"{""geodesic"":false,""type"":""Point"",""coordinates"":[-121.71978962033431,36.23718516186159]}"
14_0000000000000000009c_0,19.230810704112784,209.0,0.8444118854901853,BS265,0.0,2021-01-01,1.936412,2020-01-01,290.74056977652464,283.8456481349924,"{""geodesic"":false,""type"":""Point"",""coordinates"":[-121.81707716560446,36.25012090195291]}"
14_0000000000000000009e_0,15.66606454393217,854.0,0.6333913310902085,BS271,0.0,2021-01-01,1.766235,2020-01-01,291.3709996124434,284.46897913198,"{""geodesic"":false,""type"":""Point"",""coordinates"":[-121.71224377194771,36.213200143775595]}"
14_0000000000000000009f_0,31.658576699174887,635.0,0.7048100654679224,BS272,0.0,2021-01-01,1.766235,2020-01-01,291.3709996124434,284.46897913198,"{""geodesic"":false,""type"":""Point"",""coordinates"":[-121.7001165156121,36.20134238202522]}"
14_000000000000000000a0_0,19.098066109945133,765.0,0.8180051768482879,BS273,0.0,2021-01-01,1.5035138,2020-01-01,291.3709996124434,284.46897913198,"{""geodesic"":false,""type"":""Point"",""coordinates"":[-121.69472662390739,36.205384800803756]}"
14_000000000000000000a1_0,63.16104439954044,1154.0,0.4557332458503108,BS274,3.0,2021-01-01,1.6369318,2020-01-01,291.3709996124434,284.46897913198,"{""geodesic"":false,""type"":""Point"",""coordinates"":[-121.65645839280388,36.18975411486008]}"
14_000000000000000000a2_0,71.2740102264803,385.0,0.853113036116047,BS276,0.0,2021-01-01,1.6369318,2020-01-01,291.3709996124434,284.46897913198,"{""geodesic"":false,""type"":""Point"",""coordinates"":[-121.68610279717983,36.180321804376824]}"
14_000000000000000000a3_0,60.1246757171896,271.0,0.8398655405612948,BS277,2.0,2021-01-01,1.6369318,2020-01-01,291.3709996124434,284.46897913198,"{""geodesic"":false,""type"":""Point"",""coordinates"":[-121.66616019787239,36.16630808594456]}"
14_000000000000000000a8_0,38.28328210825627,617.0,0.8275841162700902,BS283,0.0,2021-01-01,1.6369318,2020-01-01,291.3709996124434,284.46897913198,"{""geodesic"":false,""type"":""Point"",""coordinates"":[-121.68044341088988,36.180052309791584]}"
14_000000000000000000a9_0,101.45794281796641,987.0,0.6645676306506635,BS287,3.0,2021-01-01,1.4082046,2020-01-01,291.7450177969177,283.47350686495423,"{""geodesic"":false,""type"":""Point"",""coordinates"":[-121.61010532414332,36.15013841083041]}"
14_000000000000000000aa_0,63.40708391959172,400.0,0.7630513580270722,BS292,0.0,2021-01-01,0.8083872,2020-01-01,289.89047637272404,284.1590157597443,"{""geodesic"":false,""type"":""Point"",""coordinates"":[-121.85157247251465,36.48916259905711]}"
14_000000000000000000ab_0,41.01282364048431,307.0,0.8645188204458664,BS293,0.0,2021-01-01,0.8083872,2020-01-01,289.89047637272404,284.1590157597443,"{""geodesic"":false,""type"":""Point"",""coordinates"":[-121.8534589346113,36.47919129940339]}"
14_000000000000000000ac_0,62.93425126851298,489.0,0.7122522383981401,BS294,0.0,2021-01-01,0.8083872,2020-01-01,289.89047637272404,284.1590157597443,"{""geodesic"":false,""type"":""Point"",""coordinates"":[-121.8572318588046,36.46059617302211]}"
14_000000000000000000ad_0,83.57611879654081,205.0,0.7840889146050654,BS295,2.0,2021-01-01,1.0225368,2020-01-01,293.000158799802,284.7104205355618,"{""geodesic"":false,""type"":""Point"",""coordinates"":[-121.49098871746908,35.99464003514932]}"
14_000000000000000000ae_0,52.35290601479569,616.0,0.732423045131419,BS296,1.0,2021-01-01,1.0438654,2020-01-01,293.000158799802,284.7104205355618,"{""geodesic"":false,""type"":""Point"",""coordinates"":[-121.47077662357638,36.00299436729163]}"
14_000000000000000000af_0,95.66477071395254,626.0,0.6509873533260137,BS297,4.0,2021-01-01,1.0438654,2020-01-01,293.000158799802,284.7104205355618,"{""geodesic"":false,""type"":""Point"",""coordinates"":[-121.45622391597365,36.00110790519498]}"
14_000000000000000000b0_0,78.29268715669319,223.0,0.7568722507688372,BS299,2.0,2021-01-01,1.0225368,2020-01-01,293.000158799802,284.7104205355618,"{""geodesic"":false,""type"":""Point"",""coordinates"":[-121.47454954776968,35.99140610012648]}"
14_000000000000000000b1_0,78.09320440791397,530.0,0.6904871647291531,BS301,3.0,2021-01-01,1.0225368,2020-01-01,293.000158799802,284.7104205355618,"{""geodesic"":false,""type"":""Point"",""coordinates"":[-121.46969864523544,35.98682469217748]}"
14_000000000000000000b2_0,80.43346181380902,675.0,0.7252988267940789,BS303,2.0,2021-01-01,1.0225368,2020-01-01,293.000158799802,284.7104205355618,"{""geodesic"":false,""type"":""Point"",""coordinates"":[-121.46592572104214,35.981704295057995]}"
14_000000000000000000b3_0,67.76151007040527,861.0,0.7345461506795431,BS304,2.0,2021-01-01,1.0225368,2020-01-01,293.000158799802,284.7104205355618,"{""geodesic"":false,""type"":""Point"",""coordinates"":[-121.454337453877,35.97604490876804]}"
14_000000000000000000b4_0,89.54315179566923,918.0,0.5640885082345387,BS306,4.0,2021-01-01,0.9778469,2020-01-01,293.74684038839706,284.2812772240144,"{""geodesic"":false,""type"":""Point"",""coordinates"":[-121.43412535998431,35.98224328422847]}"
14_000000000000000000b5_0,53.53951987913317,639.0,0.6673395882537746,BS309,3.0,2021-01-01,1.0225368,2020-01-01,293.000158799802,284.7104205355618,"{""geodesic"":false,""type"":""Point"",""coordinates"":[-121.45110351885417,35.98682469217748]}"
14_000000000000000000b6_0,64.98702833141854,528.0,0.6972343328821797,BS310,2.0,2021-01-01,1.0225368,2020-01-01,293.000158799802,284.7104205355618,"{""geodesic"":false,""type"":""Point"",""coordinates"":[-121.47401055859922,35.98143480047276]}"
14_000000000000000000b7_0,31.378511116687417,600.0,0.7449712569526724,BS312,0.0,2021-01-01,1.0225368,2020-01-01,293.000158799802,284.7104205355618,"{""geodesic"":false,""type"":""Point"",""coordinates"":[-121.45784088348506,35.95960573906866]}"
14_000000000000000000b8_0,31.455501679099772,603.0,0.7742820148673445,BS313,0.0,2021-01-01,0.9778469,2020-01-01,293.74684038839706,284.2812772240144,"{""geodesic"":false,""type"":""Point"",""coordinates"":[-121.43547283291049,35.952868374437756]}"
14_000000000000000000b9_0,66.21271320436443,819.0,0.7841581043946394,BS315,0.0,2021-01-01,1.0291646,2020-01-01,293.6190928057895,285.40967130400446,"{""geodesic"":false,""type"":""Point"",""coordinates"":[-121.42819647910912,35.94316656936927]}"
14_000000000000000000ba_0,73.65507264858006,591.0,0.7590295630830807,BS316,0.0,2021-01-01,1.0291646,2020-01-01,293.6190928057895,285.40967130400446,"{""geodesic"":false,""type"":""Point"",""coordinates"":[-121.43978474627426,35.940471623516906]}"
14_000000000000000000bb_0,56.00674510729341,544.0,0.8109223314513982,BS317,0.0,2021-01-01,1.0291646,2020-01-01,293.6190928057895,285.40967130400446,"{""geodesic"":false,""type"":""Point"",""coordinates"":[-121.4446356488085,35.94181909644309]}"
14_000000000000000000bc_0,66.52608250055313,1007.0,0.8103204258104728,BS320,0.0,2021-01-01,0.9778469,2020-01-01,293.74684038839706,284.2812772240144,"{""geodesic"":false,""type"":""Point"",""coordinates"":[-121.42280658740441,35.9501734285854]}"
14_000000000000000000bd_0,21.70969704291331,928.0,0.7724420222297901,BS321,0.0,2021-01-01,1.0291646,2020-01-01,293.6190928057895,285.40967130400446,"{""geodesic"":false,""type"":""Point"",""coordinates"":[-121.42523203867152,35.938046172249784]}"
14_000000000000000000be_0,24.151217142590063,954.0,0.7802977542223388,BS322,0.0,2021-01-01,1.0291646,2020-01-01,293.6190928057895,285.40967130400446,"{""geodesic"":false,""type"":""Point"",""coordinates"":[-121.42900496286482,35.93346476430078]}"
14_000000000000000000bf_0,35.43450752360977,816.0,0.6668665853778567,BS323,0.0,2021-01-01,1.0291646,2020-01-01,293.6190928057895,285.40967130400446,"{""geodesic"":false,""type"":""Point"",""coordinates"":[-121.43116091954671,35.923762959232285]}"
14_000000000000000000c0_0,39.91878690030755,766.0,0.7004706590749041,BS324,0.0,2021-01-01,1.0291646,2020-01-01,293.6190928057895,285.40967130400446,"{""geodesic"":false,""type"":""Point"",""coordinates"":[-121.43223889788766,35.9186425621128]}"
14_000000000000000000c1_0,37.145239401693395,730.0,0.7900436923051094,BS326,0.0,2021-01-01,1.0291646,2020-01-01,293.6190928057895,285.40967130400446,"{""geodesic"":false,""type"":""Point"",""coordinates"":[-121.43062193037625,35.913522164993324]}"
14_000000000000000000c2_0,101.16836822325416,449.0,0.6182759063898587,BS328,0.0,2021-01-01,0.971611,2020-01-01,293.6190928057895,285.40967130400446,"{""geodesic"":false,""type"":""Point"",""coordinates"":[-121.43439485456955,35.89034563066304]}"
14_000000000000000000c3_0,31.362650446578126,602.0,0.7542841155572177,BS330,0.0,2021-01-01,0.971611,2020-01-01,293.6190928057895,285.40967130400446,"{""geodesic"":false,""type"":""Point"",""coordinates"":[-121.4287354682796,35.88145230935026]}"
14_000000000000000000c4_0,35.958943992520666,758.0,0.7975786358271608,BS331,0.0,2021-01-01,0.971611,2020-01-01,293.6190928057895,285.40967130400446,"{""geodesic"":false,""type"":""Point"",""coordinates"":[-121.41876416862587,35.88414725520261]}"
14_000000000000000000c5_0,62.81893368138588,835.0,0.8462250304905535,BS333,0.0,2021-01-01,0.971611,2020-01-01,293.6190928057895,285.40967130400446,"{""geodesic"":false,""type"":""Point"",""coordinates"":[-121.40178600975601,35.88818967398115]}"
14_000000000000000000c6_0,69.19287421811346,972.0,0.8480200936664807,BS334,0.0,2021-01-01,0.95926553,2020-01-01,293.6190928057895,285.40967130400446,"{""geodesic"":false,""type"":""Point"",""coordinates"":[-121.3875027967385,35.890884619833514]}"
14_000000000000000000c7_0,51.92055871881807,935.0,0.8519438701359601,BS335,0.0,2021-01-01,0.95926553,2020-01-01,293.6190928057895,285.40967130400446,"{""geodesic"":false,""type"":""Point"",""coordinates"":[-121.3791484645962,35.89223209275969]}"
14_000000000000000000c8_0,42.03554147980421,606.0,0.795772536061691,BS338,0.0,2021-01-01,0.95926553,2020-01-01,293.6190928057895,285.40967130400446,"{""geodesic"":false,""type"":""Point"",""coordinates"":[-121.3942401613694,35.87094202052606]}"
14_000000000000000000c9_0,21.9731185523098,503.0,0.8288261711463806,BS355,0.0,2021-01-01,1.5398954,2020-01-01,290.74056977652464,283.8456481349924,"{""geodesic"":false,""type"":""Point"",""coordinates"":[-121.78824124498422,36.33393371796126]}"
14_000000000000000000ca_0,15.71578860609959,807.0,0.7514097618005482,BS358,0.0,2021-01-01,1.5398954,2020-01-01,290.74056977652464,283.8456481349924,"{""geodesic"":false,""type"":""Point"",""coordinates"":[-121.78608528830233,36.3455219851264]}"
14_000000000000000000cb_0,35.43198502399895,736.0,0.7953533927060246,BS359,0.0,2021-01-01,1.1459038,2020-01-01,290.56086726787964,283.1988266491499,"{""geodesic"":false,""type"":""Point"",""coordinates"":[-121.79039720166611,36.35037288766065]}"
14_000000000000000000cc_0,37.982745537384126,936.0,0.6163356564495909,BS360,0.0,2021-01-01,1.1459038,2020-01-01,290.56086726787964,283.1988266491499,"{""geodesic"":false,""type"":""Point"",""coordinates"":[-121.79120568542182,36.355762779365364]}"
14_000000000000000000cd_0,54.06499158515114,1015.0,0.5378391966540714,BS365,0.0,2021-01-01,1.5035138,2020-01-01,291.3709996124434,284.46897913198,"{""geodesic"":false,""type"":""Point"",""coordinates"":[-121.68610279717983,36.22290194884409]}"
14_000000000000000000ce_0,16.67733387693055,665.0,0.7182528105530515,BS372,0.0,2021-01-01,1.766235,2020-01-01,291.3709996124434,284.46897913198,"{""geodesic"":false,""type"":""Point"",""coordinates"":[-121.73568980086323,36.22290194884409]}"
14_000000000000000000cf_0,25.01696528027794,783.0,0.7123947631838133,BS373,0.0,2021-01-01,1.766235,2020-01-01,291.3709996124434,284.46897913198,"{""geodesic"":false,""type"":""Point"",""coordinates"":[-121.7362287900337,36.228022345963566]}"
14_000000000000000000d1_0,64.46169129137,371.0,0.7947292989466117,BS378,0.0,2021-01-01,1.766235,2020-01-01,291.3709996124434,284.46897913198,"{""geodesic"":false,""type"":""Point"",""coordinates"":[-121.74566110051695,36.219668013821256]}"
14_000000000000000000d2_0,44.01928221948898,746.0,0.5207290820057908,BS379,0.0,2021-01-01,1.766235,2020-01-01,291.3709996124434,284.46897913198,"{""geodesic"":false,""type"":""Point"",""coordinates"":[-121.73973221964177,36.23098678640116]}"
14_000000000000000000d8_0,84.77980933092739,371.0,0.7326878579415733,BS390,0.0,2021-01-01,1.5398954,2020-01-01,290.74056977652464,283.8456481349924,"{""geodesic"":false,""type"":""Point"",""coordinates"":[-121.79470911502989,36.333394728790786]}"
14_000000000000000000dd_0,26.207308772715464,878.0,0.8152780744051137,BS399,0.0,2021-01-01,1.0291646,2020-01-01,293.6190928057895,285.40967130400446,"{""geodesic"":false,""type"":""Point"",""coordinates"":[-121.42361507116011,35.93076981844842]}"
14_000000000000000000de_0,71.70693023913027,878.0,0.6348156914689703,BS405,4.0,2021-01-01,1.0537448,2020-01-01,293.000158799802,284.7104205355618,"{""geodesic"":false,""type"":""Point"",""coordinates"":[-121.535455324033,36.04476602800319]}"
14_000000000000000000e1_0,29.510976186992945,263.0,0.8525480318369728,BS412,0.0,2021-01-01,1.0291646,2020-01-01,293.6190928057895,285.40967130400446,"{""geodesic"":false,""type"":""Point"",""coordinates"":[-121.41849467404063,35.90408985451007]}"
14_000000000000000000e2_0,33.22408498001085,628.0,0.707726667443931,BS413,0.0,2021-01-01,0.98516023,2020-01-01,294.1063356243196,285.2721624322276,"{""geodesic"":false,""type"":""Point"",""coordinates"":[-121.33360387969134,35.806263320069455]}"
14_000000000000000000e5_0,78.35631475487477,597.0,0.6928548115070233,BS420,3.0,2021-01-01,1.0438654,2020-01-01,293.000158799802,284.7104205355618,"{""geodesic"":false,""type"":""Point"",""coordinates"":[-121.49071922288384,36.02374545035479]}"
14_000000000000000000e6_0,29.552750817404025,133.0,0.8168355476412604,BS423,1.0,2021-01-01,1.0537448,2020-01-01,293.000158799802,284.7104205355618,"{""geodesic"":false,""type"":""Point"",""coordinates"":[-121.52144160560073,36.01566061279771]}"
14_000000000000000000e7_0,79.2559395714006,1336.0,0.7154201177259033,BS425,2.0,2021-01-01,1.1467998,2020-01-01,292.4229296491446,283.932375131409,"{""geodesic"":false,""type"":""Point"",""coordinates"":[-121.49880406044092,36.05500682224215]}"
14_000000000000000000e8_0,59.4309321530887,268.0,0.7011725764396759,BS426,2.0,2021-01-01,1.0537448,2020-01-01,293.000158799802,284.7104205355618,"{""geodesic"":false,""type"":""Point"",""coordinates"":[-121.52817897023162,36.018894547820544]}"
14_000000000000000000e9_0,90.09326573712276,531.0,0.7499565268514186,BS427,0.0,2021-01-01,1.2897137,2020-01-01,290.56086726787964,283.1988266491499,"{""geodesic"":false,""type"":""Point"",""coordinates"":[-121.83459431364479,36.37193245447951]}"
14_000000000000000000ea_0,58.13964062564164,379.0,0.8042704265980477,BS429,0.0,2021-01-01,0.8083872,2020-01-01,289.89047637272404,284.1590157597443,"{""geodesic"":false,""type"":""Point"",""coordinates"":[-121.85184196709989,36.47245393477249]}"
14_000000000000000000eb_0,75.99803764994404,524.0,0.7988667450816505,BS430,0.0,2021-01-01,0.89458686,2020-01-01,290.93081164750896,283.42454320355193,"{""geodesic"":false,""type"":""Point"",""coordinates"":[-121.81087879014403,36.46625555931207]}"
14_000000000000000000ec_0,57.29182331894668,808.0,0.7675784759252355,BS431,0.0,2021-01-01,0.8083872,2020-01-01,289.89047637272404,284.1590157597443,"{""geodesic"":false,""type"":""Point"",""coordinates"":[-121.86100478299791,36.45008588419791]}"
14_000000000000000000ed_0,22.61685056628753,385.0,0.8112761648477295,BS433,0.0,2021-01-01,1.638751,2020-01-01,290.74056977652464,283.8456481349924,"{""geodesic"":false,""type"":""Point"",""coordinates"":[-121.80737536053597,36.347677941808286]}"
14_000000000000000000ee_0,68.80913098111468,875.0,0.6800176714866922,BS434,0.0,2021-01-01,0.8083872,2020-01-01,289.89047637272404,284.1590157597443,"{""geodesic"":false,""type"":""Point"",""coordinates"":[-121.85103348334418,36.45089436795362]}"
14_000000000000000000ef_0,19.166502686747304,1045.0,0.523870059643963,BS436,0.0,2021-01-01,1.3613975,2020-01-01,291.2209941676406,282.9874694073786,"{""geodesic"":false,""type"":""Point"",""coordinates"":[-121.72140658784573,36.3417490609331]}"
14_000000000000000000f0_0,31.983912771701327,367.0,0.7997493159202638,BS438,0.0,2021-01-01,1.638751,2020-01-01,290.74056977652464,283.8456481349924,"{""geodesic"":false,""type"":""Point"",""coordinates"":[-121.80872283346216,36.34228805010357]}"
14_000000000000000000f1_0,21.337947220260283,109.0,0.8239073269280667,BS457,0.0,2021-01-01,1.6369318,2020-01-01,291.3709996124434,284.46897913198,"{""geodesic"":false,""type"":""Point"",""coordinates"":[-121.6925706672255,36.17870483686541]}"
14_000000000000000000f4_0,24.61738811442018,438.0,0.7479736945386272,BS468,0.0,2021-01-01,0.89458686,2020-01-01,290.93081164750896,283.42454320355193,"{""geodesic"":false,""type"":""Point"",""coordinates"":[-121.8467215699804,36.48512018027858]}"
14_000000000000000000f5_0,50.22364704791527,579.0,0.834091875296424,BS469,0.0,2021-01-01,0.8083872,2020-01-01,289.89047637272404,284.1590157597443,"{""geodesic"":false,""type"":""Point"",""coordinates"":[-121.85830983714554,36.45574527048787]}"
14_000000000000000000f6_0,87.06079648615732,737.0,0.696970562267516,BS470,0.0,2021-01-01,0.8083872,2020-01-01,289.89047637272404,284.1590157597443,"{""geodesic"":false,""type"":""Point"",""coordinates"":[-121.85291994544083,36.45628425965834]}"
14_000000000000000000f7_0,80.06970524312173,290.0,0.6892495860577067,BS474,2.0,2021-01-01,1.0225368,2020-01-01,293.000158799802,284.7104205355618,"{""geodesic"":false,""type"":""Point"",""coordinates"":[-121.46727319396832,35.990328121785545]}"
14_000000000000000000f8_0,113.63255850375505,972.0,0.5811577383549479,BS478,4.0,2021-01-01,0.9778469,2020-01-01,293.74684038839706,284.2812772240144,"{""geodesic"":false,""type"":""Point"",""coordinates"":[-121.4333168762286,35.99437054056408]}"
14_000000000000000000f9_0,40.07389664119177,507.0,0.708772071599066,BS486,1.0,2021-01-01,1.0225368,2020-01-01,293.000158799802,284.7104205355618,"{""geodesic"":false,""type"":""Point"",""coordinates"":[-121.46835117230926,35.95367685819347]}"
14_000000000000000000fb_0,50.57672383410961,836.0,0.8353991795685729,BS499,0.0,2021-01-01,0.971611,2020-01-01,293.6190928057895,285.40967130400446,"{""geodesic"":false,""type"":""Point"",""coordinates"":[-121.4077148906312,35.88738119022545]}"
14_000000000000000000fc_0,20.13897414923804,677.0,0.8346381075563158,BS504,0.0,2021-01-01,0.95926553,2020-01-01,293.6190928057895,285.40967130400446,"{""geodesic"":false,""type"":""Point"",""coordinates"":[-121.38911976424993,35.874175955548885]}"
14_000000000000000000fe_0,77.60561316526899,706.0,0.6664826592846396,BS518,0.0,2021-01-01,1.2897137,2020-01-01,290.56086726787964,283.1988266491499,"{""geodesic"":false,""type"":""Point"",""coordinates"":[-121.83109088403673,36.38432920540036]}"
14_000000000000000000ff_0,49.51619607680226,538.0,0.7832681102080042,BS519,0.0,2021-01-01,1.2897137,2020-01-01,290.56086726787964,283.1988266491499,"{""geodesic"":false,""type"":""Point"",""coordinates"":[-121.83944521617903,36.38352072164466]}"
14_00000000000000000101_0,23.098673849331405,581.0,0.848687974136304,BS521,0.0,2021-01-01,1.6369318,2020-01-01,291.3709996124434,284.46897913198,"{""geodesic"":false,""type"":""Point"",""coordinates"":[-121.69526561307785,36.19837794158762]}"
14_00000000000000000102_0,31.36874234473058,562.0,0.7991009216424292,BS600,0.0,2021-01-01,1.2897137,2020-01-01,290.56086726787964,283.1988266491499,"{""geodesic"":false,""type"":""Point"",""coordinates"":[-121.8219280681387,36.3598051981439]}"
14_00000000000000000103_0,45.19620287804923,638.0,0.8187214473453094,BS601,0.0,2021-01-01,1.2897137,2020-01-01,290.56086726787964,283.1988266491499,"{""geodesic"":false,""type"":""Point"",""coordinates"":[-121.83324684071862,36.35926620897343]}"
14_00000000000000000104_0,34.80014359650367,518.0,0.7870228604653006,BS603,0.0,2021-01-01,1.2897137,2020-01-01,290.56086726787964,283.1988266491499,"{""geodesic"":false,""type"":""Point"",""coordinates"":[-121.84079268910521,36.366273068189564]}"
14_00000000000000000105_0,29.893943968879473,565.0,0.8230876918464659,BS604,0.0,2021-01-01,1.2897137,2020-01-01,290.56086726787964,283.1988266491499,"{""geodesic"":false,""type"":""Point"",""coordinates"":[-121.84887752666229,36.367890035700974]}"
14_00000000000000000107_0,15.741312137265629,1022.0,0.8141997840951672,BS607,0.0,2021-01-01,1.2948564,2020-01-01,291.7450177969177,283.47350686495423,"{""geodesic"":false,""type"":""Point"",""coordinates"":[-121.59151019776205,36.15013841083041]}"
14_00000000000000000108_0,75.19431951488212,257.0,0.7409099388205203,BS610,2.0,2021-01-01,1.6369318,2020-01-01,291.3709996124434,284.46897913198,"{""geodesic"":false,""type"":""Point"",""coordinates"":[-121.66292626284955,36.16253516175126]}"
14_00000000000000000109_0,69.63173012381522,417.0,0.7909715379928208,BS611,3.0,2021-01-01,1.6369318,2020-01-01,291.3709996124434,284.46897913198,"{""geodesic"":false,""type"":""Point"",""coordinates"":[-121.66454323036096,36.17304545057545]}"
14_0000000000000000010a_0,63.2677906240506,455.0,0.703674647314063,BS612,3.0,2021-01-01,1.6369318,2020-01-01,291.3709996124434,284.46897913198,"{""geodesic"":false,""type"":""Point"",""coordinates"":[-121.66993312206569,36.17277595599022]}"
14_0000000000000000010b_0,44.15479899831623,318.0,0.7733325563068156,BS613,3.0,2021-01-01,1.6369318,2020-01-01,291.3709996124434,284.46897913198,"{""geodesic"":false,""type"":""Point"",""coordinates"":[-121.6693941328952,36.165769096774085]}"
14_0000000000000000010c_0,36.86874767129235,320.0,0.8626992812460156,BS620,0.0,2021-01-01,1.6369318,2020-01-01,291.3709996124434,284.46897913198,"{""geodesic"":false,""type"":""Point"",""coordinates"":[-121.6933791509812,36.184364223155356]}"
14_0000000000000000010d_0,82.15461827826412,262.0,0.8218476107167957,BS621,0.0,2021-01-01,1.766235,2020-01-01,291.3709996124434,284.46897913198,"{""geodesic"":false,""type"":""Point"",""coordinates"":[-121.74862554095455,36.21805104630984]}"
14_00000000000000000113_0,25.226860810082552,151.0,0.8410138865512409,BS627,0.0,2021-01-01,1.936412,2020-01-01,290.74056977652464,283.8456481349924,"{""geodesic"":false,""type"":""Point"",""coordinates"":[-121.80279395258697,36.27087198501607]}"
14_00000000000000000114_0,28.207166852008093,97.0,0.8336199132208004,BS628,0.0,2021-01-01,1.936412,2020-01-01,290.74056977652464,283.8456481349924,"{""geodesic"":false,""type"":""Point"",""coordinates"":[-121.80629738219503,36.269255017504655]}"
14_00000000000000000115_0,29.186862471403888,405.0,0.828174186297258,BS629,0.0,2021-01-01,1.6369318,2020-01-01,291.3709996124434,284.46897913198,"{""geodesic"":false,""type"":""Point"",""coordinates"":[-121.69526561307785,36.18813714734866]}"
14_00000000000000000116_0,31.994115675686725,552.0,0.8448839947609894,BS632,0.0,2021-01-01,1.638751,2020-01-01,290.74056977652464,283.8456481349924,"{""geodesic"":false,""type"":""Point"",""coordinates"":[-121.80036850131984,36.325040396648475]}"
14_00000000000000000117_0,48.81923347373356,639.0,0.7168558295342544,BS633,0.0,2021-01-01,1.638751,2020-01-01,290.74056977652464,283.8456481349924,"{""geodesic"":false,""type"":""Point"",""coordinates"":[-121.80063799590508,36.32261494538135]}"
15_00000000000000000000_0,72.84959537523099,381.0,0.7965121295350145,BS002,0.0,2022-01-01,1.8657229,2021-01-01,292.8718606191139,284.6861861973593,"{""geodesic"":false,""type"":""Point"",""coordinates"":[-121.3875027967385,35.85611981833809]}"
15_00000000000000000001_0,70.1052204638949,405.0,0.7664129918885942,BS003,0.0,2022-01-01,1.8657229,2021-01-01,292.8718606191139,284.6861861973593,"{""geodesic"":false,""type"":""Point"",""coordinates"":[-121.39208420468752,35.85072992663337]}"
15_00000000000000000002_0,47.204638260285634,790.0,0.835109866594492,BS004,0.0,2022-01-01,1.8657229,2021-01-01,292.8718606191139,284.6861861973593,"{""geodesic"":false,""type"":""Point"",""coordinates"":[-121.36675171367534,35.85854526960521]}"
15_00000000000000000003_0,56.82271742802261,851.0,0.8226940215369517,BS005,0.0,2022-01-01,1.8657229,2021-01-01,292.8718606191139,284.6861861973593,"{""geodesic"":false,""type"":""Point"",""coordinates"":[-121.36028384362969,35.85881476419044]}"
15_00000000000000000004_0,47.93157705067866,820.0,0.8387309317166728,BS006,0.0,2022-01-01,1.8657229,2021-01-01,292.8718606191139,284.6861861973593,"{""geodesic"":false,""type"":""Point"",""coordinates"":[-121.35381597358402,35.86043173170186]}"
15_00000000000000000005_0,17.538932250622832,883.0,0.7610777373225233,BS007,0.0,2022-01-01,1.6350641,2021-01-01,293.9112114057149,283.8743029450717,"{""geodesic"":false,""type"":""Point"",""coordinates"":[-121.33926326598129,35.857736785849504]}"
15_00000000000000000006_0,17.21459986811865,509.0,0.649148635535338,BS011,0.0,2022-01-01,1.9028976,2021-01-01,292.93347498227473,284.9626259999732,"{""geodesic"":false,""type"":""Point"",""coordinates"":[-121.37133312162436,35.8291703598145]}"
15_00000000000000000007_0,41.80463409379484,359.0,0.7569526264194589,BS012,0.0,2022-01-01,1.9028976,2021-01-01,292.93347498227473,284.9626259999732,"{""geodesic"":false,""type"":""Point"",""coordinates"":[-121.37160261620959,35.82324147893931]}"
15_00000000000000000008_0,68.44279168414417,351.0,0.8349816069500936,BS015,0.0,2022-01-01,1.8928807,2021-01-01,293.2983852438731,284.56206163380244,"{""geodesic"":false,""type"":""Point"",""coordinates"":[-121.34303619017459,35.8253974356212]}"
15_00000000000000000009_0,66.98300688271168,453.0,0.854195703605991,BS016,0.0,2022-01-01,1.8928807,2021-01-01,293.2983852438731,284.56206163380244,"{""geodesic"":false,""type"":""Point"",""coordinates"":[-121.33764629846988,35.82566693020643]}"
15_0000000000000000000a_0,52.68914489184872,518.0,0.8590714605069952,BS017,0.0,2022-01-01,1.8928807,2021-01-01,293.2983852438731,284.56206163380244,"{""geodesic"":false,""type"":""Point"",""coordinates"":[-121.33225640676515,35.82512794103596]}"
15_0000000000000000000b_0,38.22208851459583,611.0,0.8797795956841127,BS018,0.0,2022-01-01,1.8928807,2021-01-01,293.2983852438731,284.56206163380244,"{""geodesic"":false,""type"":""Point"",""coordinates"":[-121.32848348257185,35.82351097352455]}"
15_0000000000000000000c_0,66.4777884612928,466.0,0.8515201469802322,BS019,0.0,2022-01-01,1.8928807,2021-01-01,293.2983852438731,284.56206163380244,"{""geodesic"":false,""type"":""Point"",""coordinates"":[-121.34249720100412,35.82970934898497]}"
15_0000000000000000000d_0,43.5587273848798,400.0,0.7964349832676959,BS020,0.0,2022-01-01,1.8928807,2021-01-01,293.2983852438731,284.56206163380244,"{""geodesic"":false,""type"":""Point"",""coordinates"":[-121.3408802334927,35.83375176776351]}"
15_0000000000000000000e_0,36.671738245927436,639.0,0.8525087909505088,BS022,0.0,2022-01-01,1.8928807,2021-01-01,293.2983852438731,284.56206163380244,"{""geodesic"":false,""type"":""Point"",""coordinates"":[-121.3379157930551,35.84426205658771]}"
15_0000000000000000000f_0,26.554404846809977,233.0,0.8274754570269454,BS026,0.0,2022-01-01,1.8547885,2021-01-01,292.8718606191139,284.6861861973593,"{""geodesic"":false,""type"":""Point"",""coordinates"":[-121.42550153325676,35.90166440324295]}"
15_00000000000000000010_0,62.13217764766028,186.0,0.8221034360885772,BS027,0.0,2022-01-01,1.7911674,2021-01-01,292.8718606191139,284.6861861973593,"{""geodesic"":false,""type"":""Point"",""coordinates"":[-121.43089142496147,35.89789147904964]}"
15_00000000000000000011_0,18.513985840008363,317.0,0.8070412785025219,BS032,0.0,2022-01-01,1.883086,2021-01-01,293.2983852438731,284.56206163380244,"{""geodesic"":false,""type"":""Point"",""coordinates"":[-121.3379157930551,35.797908987927144]}"
15_00000000000000000012_0,71.64153477050827,648.0,0.7242177965893525,BS034,0.0,2022-01-01,1.8928807,2021-01-01,293.2983852438731,284.56206163380244,"{""geodesic"":false,""type"":""Point"",""coordinates"":[-121.32686651506043,35.800064944609026]}"
15_00000000000000000013_0,21.718530810741147,390.0,0.7837513190678037,BS035,0.0,2022-01-01,1.883086,2021-01-01,293.2983852438731,284.56206163380244,"{""geodesic"":false,""type"":""Point"",""coordinates"":[-121.31985965584431,35.789824150370066]}"
15_00000000000000000015_0,76.56562539456598,726.0,0.5923035230958209,BS044,0.0,2022-01-01,1.746612,2021-01-01,292.4130163741438,284.1416422804741,"{""geodesic"":false,""type"":""Point"",""coordinates"":[-121.51712969223695,36.031560793326626]}"
15_00000000000000000016_0,45.365484864323996,517.0,0.6806309460194965,BS045,0.0,2022-01-01,1.746612,2021-01-01,292.4130163741438,284.1416422804741,"{""geodesic"":false,""type"":""Point"",""coordinates"":[-121.50634990882752,36.02886584747427]}"
15_00000000000000000017_0,87.8835627571109,584.0,0.7295388318548773,BS046,0.0,2022-01-01,1.746612,2021-01-01,292.4130163741438,284.1416422804741,"{""geodesic"":false,""type"":""Point"",""coordinates"":[-121.5047329413161,36.023475955769555]}"
15_00000000000000000018_0,27.73520674482422,690.0,0.67264646850666,BS047,0.0,2022-01-01,1.773318,2021-01-01,292.4130163741438,284.1416422804741,"{""geodesic"":false,""type"":""Point"",""coordinates"":[-121.49988203878186,36.02805736371856]}"
15_00000000000000000019_0,63.1931283735571,527.0,0.7736037417607601,BS048,0.0,2022-01-01,1.773318,2021-01-01,292.4130163741438,284.1416422804741,"{""geodesic"":false,""type"":""Point"",""coordinates"":[-121.4904497282986,36.02859635288903]}"
15_0000000000000000001a_0,65.24065111411927,721.0,0.7027548232274462,BS050,0.0,2022-01-01,1.773318,2021-01-01,292.4130163741438,284.1416422804741,"{""geodesic"":false,""type"":""Point"",""coordinates"":[-121.47966994488917,36.03290826625281]}"
15_0000000000000000001b_0,57.96709671089317,575.0,0.7782549303331927,BS052,0.0,2022-01-01,1.746612,2021-01-01,292.4130163741438,284.1416422804741,"{""geodesic"":false,""type"":""Point"",""coordinates"":[-121.50122951170803,36.01323516153059]}"
15_0000000000000000001c_0,98.7524708396782,380.0,0.7269049786331901,BS053,0.0,2022-01-01,1.746612,2021-01-01,292.4130163741438,284.1416422804741,"{""geodesic"":false,""type"":""Point"",""coordinates"":[-121.50661940341276,36.01242667777488]}"
15_0000000000000000001d_0,72.4833011893918,573.0,0.7073503640889728,BS054,0.0,2022-01-01,1.883086,2021-01-01,293.2983852438731,284.56206163380244,"{""geodesic"":false,""type"":""Point"",""coordinates"":[-121.31339178579864,35.78685970993247]}"
15_0000000000000000001e_0,55.46401027935244,599.0,0.6389174691986789,BS057,0.0,2022-01-01,1.746612,2021-01-01,292.4130163741438,284.1416422804741,"{""geodesic"":false,""type"":""Point"",""coordinates"":[-121.51173980053224,36.029135342059504]}"
15_0000000000000000001f_0,141.72786923200678,767.0,0.46902858555738086,BS058,0.0,2022-01-01,1.909255,2021-01-01,291.8266546798079,283.3392869505164,"{""geodesic"":false,""type"":""Point"",""coordinates"":[-121.54677409661289,36.06012721936163]}"
15_00000000000000000020_0,115.02196476984409,661.0,0.489169773525262,BS059,0.0,2022-01-01,1.909255,2021-01-01,291.8266546798079,283.3392869505164,"{""geodesic"":false,""type"":""Point"",""coordinates"":[-121.54650460202767,36.056623789753566]}"
15_00000000000000000021_0,57.570512200781245,646.0,0.5503001633736981,BS060,0.0,2022-01-01,1.909255,2021-01-01,291.8266546798079,283.3392869505164,"{""geodesic"":false,""type"":""Point"",""coordinates"":[-121.5438096561753,36.05258137097503]}"
15_00000000000000000022_0,28.63083263170181,612.0,0.6047850954802364,BS062,0.0,2022-01-01,1.746612,2021-01-01,292.4130163741438,284.1416422804741,"{""geodesic"":false,""type"":""Point"",""coordinates"":[-121.54973853705049,36.03398624459375]}"
15_00000000000000000023_0,24.336239159496674,651.0,0.7214060553142709,BS063,0.0,2022-01-01,1.746612,2021-01-01,292.4130163741438,284.1416422804741,"{""geodesic"":false,""type"":""Point"",""coordinates"":[-121.53788077530011,36.035603212105165]}"
15_00000000000000000024_0,123.38816636310393,746.0,0.36720126104026946,BS066,0.0,2022-01-01,1.746612,2021-01-01,292.4130163741438,284.1416422804741,"{""geodesic"":false,""type"":""Point"",""coordinates"":[-121.53356886193635,36.03722017961658]}"
15_00000000000000000026_0,43.16907427980462,705.0,0.5476376540957782,BS071,0.0,2022-01-01,1.746612,2021-01-01,292.4130163741438,284.1416422804741,"{""geodesic"":false,""type"":""Point"",""coordinates"":[-121.54515712910148,36.037759168787055]}"
15_00000000000000000029_0,53.76642170761868,581.0,0.7505054283320894,BS076,0.0,2022-01-01,2.0918326,2021-01-01,289.7884794470382,282.60869199151864,"{""geodesic"":false,""type"":""Point"",""coordinates"":[-121.8219280681387,36.361961154825785]}"
15_0000000000000000002a_0,25.424209310616764,607.0,0.8014444171651909,BS077,0.0,2022-01-01,2.0918326,2021-01-01,289.7884794470382,282.60869199151864,"{""geodesic"":false,""type"":""Point"",""coordinates"":[-121.81896362770111,36.35926620897343]}"
15_0000000000000000002b_0,58.40575735036484,626.0,0.770419760399038,BS078,0.0,2022-01-01,2.0918326,2021-01-01,289.7884794470382,282.60869199151864,"{""geodesic"":false,""type"":""Point"",""coordinates"":[-121.81599918726351,36.35549328478013]}"
15_0000000000000000002c_0,29.337864710132592,745.0,0.7545038432350694,BS079,0.0,2022-01-01,2.0918326,2021-01-01,289.7884794470382,282.60869199151864,"{""geodesic"":false,""type"":""Point"",""coordinates"":[-121.81249575765546,36.35953570355866]}"
15_0000000000000000002d_0,48.14404572643685,867.0,0.7635009808705048,BS080,0.0,2022-01-01,2.0918326,2021-01-01,289.7884794470382,282.60869199151864,"{""geodesic"":false,""type"":""Point"",""coordinates"":[-121.80441092009838,36.36061368189961]}"
15_0000000000000000002e_0,38.13470707819917,316.0,0.8262400191405953,BS081,0.0,2022-01-01,2.0918326,2021-01-01,289.7884794470382,282.60869199151864,"{""geodesic"":false,""type"":""Point"",""coordinates"":[-121.84429611871329,36.37193245447951]}"
15_00000000000000000034_0,19.121128413280797,1009.0,0.7055729756299364,BS088,0.0,2022-01-01,1.9898491,2021-01-01,289.7884794470382,282.60869199151864,"{""geodesic"":false,""type"":""Point"",""coordinates"":[-121.7963260825413,36.3598051981439]}"
15_00000000000000000035_0,39.46050546000458,1058.0,0.676652710586605,BS089,0.0,2022-01-01,1.9898491,2021-01-01,289.7884794470382,282.60869199151864,"{""geodesic"":false,""type"":""Point"",""coordinates"":[-121.7963260825413,36.3665425627748]}"
15_00000000000000000036_0,41.698150030045426,952.0,0.6262703698150988,BS090,0.0,2022-01-01,1.9898491,2021-01-01,289.7884794470382,282.60869199151864,"{""geodesic"":false,""type"":""Point"",""coordinates"":[-121.79659557712654,36.37085447613857]}"
15_00000000000000000037_0,52.7975241521674,929.0,0.7971144933201905,BS092,0.0,2022-01-01,2.0918326,2021-01-01,289.7884794470382,282.60869199151864,"{""geodesic"":false,""type"":""Point"",""coordinates"":[-121.80414142551314,36.37489689491711]}"
15_00000000000000000038_0,74.06224447022697,785.0,0.6545911024362179,BS094,0.0,2022-01-01,1.4023914,2021-01-01,289.16914555797837,283.54929567101885,"{""geodesic"":false,""type"":""Point"",""coordinates"":[-121.87259305016305,36.45817072175499]}"
15_0000000000000000003a_0,85.08241185152312,521.0,0.7137807160371206,BS102,0.0,2022-01-01,2.0918326,2021-01-01,289.7884794470382,282.60869199151864,"{""geodesic"":false,""type"":""Point"",""coordinates"":[-121.84240965661662,36.38055628120706]}"
15_0000000000000000003b_0,36.363409524526396,504.0,0.7899258744522322,BS103,0.0,2022-01-01,2.0918326,2021-01-01,289.7884794470382,282.60869199151864,"{""geodesic"":false,""type"":""Point"",""coordinates"":[-121.84483510788375,36.378939313695646]}"
15_0000000000000000003d_0,98.22195873523417,889.0,0.6265724442978103,BS112,0.0,2022-01-01,1.8700328,2021-01-01,289.7884794470382,282.60869199151864,"{""geodesic"":false,""type"":""Point"",""coordinates"":[-121.8429486457871,36.41774653396961]}"
15_00000000000000000040_0,90.32253882419757,932.0,0.5701539866613177,BS121,0.0,2022-01-01,1.8700328,2021-01-01,289.7884794470382,282.60869199151864,"{""geodesic"":false,""type"":""Point"",""coordinates"":[-121.83944521617903,36.42178895274815]}"
15_00000000000000000041_0,48.956535777092455,766.0,0.8161482332926341,BS122,0.0,2022-01-01,1.8700328,2021-01-01,289.7884794470382,282.60869199151864,"{""geodesic"":false,""type"":""Point"",""coordinates"":[-121.84429611871329,36.423944909430034]}"
15_00000000000000000042_0,74.46673974873165,338.0,0.7924488467332022,BS123,0.0,2022-01-01,1.4023914,2021-01-01,289.16914555797837,283.54929567101885,"{""geodesic"":false,""type"":""Point"",""coordinates"":[-121.89415261698191,36.48107776150004]}"
15_00000000000000000043_0,57.27275733030553,376.0,0.8063594966290702,BS124,0.0,2022-01-01,1.4023914,2021-01-01,289.16914555797837,283.54929567101885,"{""geodesic"":false,""type"":""Point"",""coordinates"":[-121.89011019820337,36.47838281564768]}"
15_00000000000000000044_0,48.228098645206195,408.0,0.8261238302947644,BS125,0.0,2022-01-01,1.4023914,2021-01-01,289.16914555797837,283.54929567101885,"{""geodesic"":false,""type"":""Point"",""coordinates"":[-121.88633727401007,36.4808082669148]}"
15_00000000000000000045_0,56.687240291051516,311.0,0.8017236609929838,BS126,0.0,2022-01-01,1.4023914,2021-01-01,289.16914555797837,283.54929567101885,"{""geodesic"":false,""type"":""Point"",""coordinates"":[-121.88013889854965,36.484311696522866]}"
15_00000000000000000046_0,44.73595354840813,393.0,0.8059896535894722,BS128,0.0,2022-01-01,1.4023914,2021-01-01,289.16914555797837,283.54929567101885,"{""geodesic"":false,""type"":""Point"",""coordinates"":[-121.87367102850399,36.477843826477205]}"
15_00000000000000000047_0,61.36895668838239,351.0,0.7776268870035682,BS129,0.0,2022-01-01,1.4023914,2021-01-01,289.16914555797837,283.54929567101885,"{""geodesic"":false,""type"":""Point"",""coordinates"":[-121.88741525235102,36.49077956656853]}"
15_00000000000000000048_0,32.08955645253562,242.0,0.8022107488471795,BS130,0.0,2022-01-01,1.4023914,2021-01-01,289.16914555797837,283.54929567101885,"{""geodesic"":false,""type"":""Point"",""coordinates"":[-121.88391182274296,36.49563046910277]}"
15_00000000000000000049_0,68.52919549173127,250.0,0.8348982883743451,BS131,0.0,2022-01-01,1.1891592,2021-01-01,289.16914555797837,283.54929567101885,"{""geodesic"":false,""type"":""Point"",""coordinates"":[-121.88121687689059,36.500750866222255]}"
15_0000000000000000004e_0,50.73510060246227,306.0,0.8169969067898273,BS137,0.0,2022-01-01,2.3224368,2021-01-01,289.3137089559477,284.0688742441674,"{""geodesic"":false,""type"":""Point"",""coordinates"":[-121.87555749060064,36.347947436393525]}"
15_0000000000000000004f_0,30.461016080762317,306.0,0.7960777581498526,BS138,0.0,2022-01-01,1.4023914,2021-01-01,289.16914555797837,283.54929567101885,"{""geodesic"":false,""type"":""Point"",""coordinates"":[-121.86369972885026,36.49643895285848]}"
15_00000000000000000050_0,34.331394510813716,301.0,0.7734832414306876,BS139,0.0,2022-01-01,1.4023914,2021-01-01,289.16914555797837,283.54929567101885,"{""geodesic"":false,""type"":""Point"",""coordinates"":[-121.86289124509456,36.49104906115377]}"
15_00000000000000000051_0,62.376142043502654,333.0,0.8248595772809447,BS140,0.0,2022-01-01,1.4023914,2021-01-01,289.16914555797837,283.54929567101885,"{""geodesic"":false,""type"":""Point"",""coordinates"":[-121.86720315845832,36.482425234426216]}"
15_00000000000000000052_0,68.98261442884488,297.0,0.8055659980378866,BS141,0.0,2022-01-01,1.4023914,2021-01-01,289.16914555797837,283.54929567101885,"{""geodesic"":false,""type"":""Point"",""coordinates"":[-121.86100478299791,36.48296422359669]}"
15_00000000000000000053_0,26.1001884036489,503.0,0.7549463994089424,BS144,0.0,2022-01-01,1.5265517,2021-01-01,290.16699987960186,282.7734482020548,"{""geodesic"":false,""type"":""Point"",""coordinates"":[-121.81761615477494,36.46841151599395]}"
15_00000000000000000054_0,70.00700148545637,722.0,0.7052294704975958,BS146,0.0,2022-01-01,1.4023914,2021-01-01,289.16914555797837,283.54929567101885,"{""geodesic"":false,""type"":""Point"",""coordinates"":[-121.87313203933351,36.46302162428923]}"
15_00000000000000000055_0,86.97655685547598,435.0,0.783404984671253,BS147,0.0,2022-01-01,1.4023914,2021-01-01,289.16914555797837,283.54929567101885,"{""geodesic"":false,""type"":""Point"",""coordinates"":[-121.88687626318055,36.47083696726107]}"
15_00000000000000000056_0,82.68980312158801,880.0,0.6787547941207253,BS148,0.0,2022-01-01,1.4023914,2021-01-01,289.16914555797837,283.54929567101885,"{""geodesic"":false,""type"":""Point"",""coordinates"":[-121.87124557723686,36.453050324635505]}"
15_00000000000000000057_0,91.61802925628358,767.0,0.5327660587281817,BS149,0.0,2022-01-01,1.4023914,2021-01-01,289.16914555797837,283.54929567101885,"{""geodesic"":false,""type"":""Point"",""coordinates"":[-121.87690496352683,36.45251133546503]}"
15_00000000000000000059_0,65.60300621086786,513.0,0.8046119280710121,BS151,0.0,2022-01-01,1.4023914,2021-01-01,289.16914555797837,283.54929567101885,"{""geodesic"":false,""type"":""Point"",""coordinates"":[-121.85130297792941,36.46248263511876]}"
15_0000000000000000005a_0,78.30482897197619,436.0,0.7991350448763507,BS152,0.0,2022-01-01,1.4023914,2021-01-01,289.16914555797837,283.54929567101885,"{""geodesic"":false,""type"":""Point"",""coordinates"":[-121.85184196709989,36.46706404306777]}"
15_0000000000000000005b_0,37.18315560052852,440.0,0.7846205564484195,BS156,0.0,2022-01-01,2.5210052,2021-01-01,289.92895633227204,283.20185488348136,"{""geodesic"":false,""type"":""Point"",""coordinates"":[-121.80306344717219,36.30725375402291]}"
15_0000000000000000005c_0,69.28563237429132,369.0,0.7866144512779107,BS157,0.0,2022-01-01,2.5210052,2021-01-01,289.92895633227204,283.20185488348136,"{""geodesic"":false,""type"":""Point"",""coordinates"":[-121.80737536053597,36.30375032441484]}"
15_0000000000000000005d_0,23.484285772032223,649.0,0.720349219021196,BS158,0.0,2022-01-01,2.0918326,2021-01-01,289.7884794470382,282.60869199151864,"{""geodesic"":false,""type"":""Point"",""coordinates"":[-121.8143822197521,36.35118137141635]}"
15_0000000000000000005e_0,37.73021466550737,294.0,0.8129778977615222,BS159,0.0,2022-01-01,2.5210052,2021-01-01,289.92895633227204,283.20185488348136,"{""geodesic"":false,""type"":""Point"",""coordinates"":[-121.80225496341649,36.34067108259215]}"
15_0000000000000000005f_0,22.374527587729972,409.0,0.7798699163084329,BS160,0.0,2022-01-01,2.3086646,2021-01-01,289.92895633227204,283.20185488348136,"{""geodesic"":false,""type"":""Point"",""coordinates"":[-121.79821254463795,36.32935231001225]}"
15_00000000000000000060_0,18.275173179991736,1125.0,0.6227983688098365,BS161,0.0,2022-01-01,2.0610604,2021-01-01,290.4114603539036,282.3654351639421,"{""geodesic"":false,""type"":""Point"",""coordinates"":[-121.71305225570342,36.3350116963022]}"
15_00000000000000000061_0,64.1989887767604,1102.0,0.6363703713768171,BS162,0.0,2022-01-01,2.0610604,2021-01-01,290.4114603539036,282.3654351639421,"{""geodesic"":false,""type"":""Point"",""coordinates"":[-121.71601669614101,36.34013209342169]}"
15_00000000000000000062_0,17.79763877359532,1175.0,0.5910097298060555,BS163,0.0,2022-01-01,2.0610604,2021-01-01,290.4114603539036,282.3654351639421,"{""geodesic"":false,""type"":""Point"",""coordinates"":[-121.71952012574909,36.3455219851264]}"
15_00000000000000000063_0,22.428113996582695,327.0,0.8439112521617078,BS165,0.0,2022-01-01,2.3086646,2021-01-01,289.92895633227204,283.20185488348136,"{""geodesic"":false,""type"":""Point"",""coordinates"":[-121.79201416917752,36.32584888040418]}"
15_00000000000000000064_0,60.89872137736025,373.0,0.7543902646849028,BS166,0.0,2022-01-01,2.3086646,2021-01-01,289.92895633227204,283.20185488348136,"{""geodesic"":false,""type"":""Point"",""coordinates"":[-121.79228366376276,36.32935231001225]}"
15_00000000000000000065_0,50.149294649365494,437.0,0.7632532649984737,BS167,0.0,2022-01-01,2.3086646,2021-01-01,289.92895633227204,283.20185488348136,"{""geodesic"":false,""type"":""Point"",""coordinates"":[-121.79066669625135,36.320997977869936]}"
15_00000000000000000066_0,77.80076695467157,346.0,0.7884644072830144,BS168,0.0,2022-01-01,2.3086646,2021-01-01,289.92895633227204,283.20185488348136,"{""geodesic"":false,""type"":""Point"",""coordinates"":[-121.78446832079092,36.32477090206324]}"
15_00000000000000000067_0,20.250142826448695,1111.0,0.43893191295702044,BS172,0.0,2022-01-01,1.7848917,2021-01-01,290.81692120277717,281.15279265103277,"{""geodesic"":false,""type"":""Point"",""coordinates"":[-121.7429661546646,36.361961154825785]}"
15_00000000000000000068_0,23.089027696872083,522.0,0.67381418956312,BS175,0.0,2022-01-01,2.5210052,2021-01-01,289.92895633227204,283.20185488348136,"{""geodesic"":false,""type"":""Point"",""coordinates"":[-121.80117698507554,36.314799602409515]}"
15_00000000000000000069_0,24.542020658174845,533.0,0.7176811293775113,BS176,0.0,2022-01-01,2.3086646,2021-01-01,289.92895633227204,283.20185488348136,"{""geodesic"":false,""type"":""Point"",""coordinates"":[-121.79147518000705,36.30967920529003]}"
15_0000000000000000006a_0,61.26749100189571,577.0,0.7852918079313277,BS177,0.0,2022-01-01,2.3086646,2021-01-01,289.92895633227204,283.20185488348136,"{""geodesic"":false,""type"":""Point"",""coordinates"":[-121.79012770708087,36.30698425943768]}"
15_0000000000000000006b_0,59.09024826030182,231.0,0.8336925086374191,BS186,0.0,2022-01-01,2.7846048,2021-01-01,289.92895633227204,283.20185488348136,"{""geodesic"":false,""type"":""Point"",""coordinates"":[-121.82731795984343,36.268985522919415]}"
15_0000000000000000006c_0,32.05378572561944,123.0,0.8110142471531487,BS187,0.0,2022-01-01,2.7846048,2021-01-01,289.92895633227204,283.20185488348136,"{""geodesic"":false,""type"":""Point"",""coordinates"":[-121.82731795984343,36.28111277925503]}"
15_0000000000000000006d_0,29.29124911307189,275.0,0.8427039679843739,BS188,0.0,2022-01-01,2.7846048,2021-01-01,289.92895633227204,283.20185488348136,"{""geodesic"":false,""type"":""Point"",""coordinates"":[-121.82300604647965,36.26413462038517]}"
15_0000000000000000006e_0,58.05032569904511,109.0,0.7915020436421446,BS190,0.0,2022-01-01,2.7846048,2021-01-01,289.92895633227204,283.20185488348136,"{""geodesic"":false,""type"":""Point"",""coordinates"":[-121.83297734613338,36.285963681789276]}"
15_0000000000000000006f_0,51.62225902290419,422.0,0.8258173154659009,BS193,0.0,2022-01-01,2.7846048,2021-01-01,289.92895633227204,283.20185488348136,"{""geodesic"":false,""type"":""Point"",""coordinates"":[-121.82839593818437,36.2988994218806]}"
15_00000000000000000070_0,66.92999277447377,437.0,0.782155438652305,BS194,0.0,2022-01-01,2.7846048,2021-01-01,289.92895633227204,283.20185488348136,"{""geodesic"":false,""type"":""Point"",""coordinates"":[-121.82408402482059,36.29674346519871]}"
15_00000000000000000071_0,66.09895865040673,590.0,0.5569747269119457,BS195,0.0,2022-01-01,2.7846048,2021-01-01,289.92895633227204,283.20185488348136,"{""geodesic"":false,""type"":""Point"",""coordinates"":[-121.81249575765546,36.2951264976873]}"
15_00000000000000000072_0,75.15982854000796,661.0,0.6421126455098012,BS196,0.0,2022-01-01,2.7846048,2021-01-01,289.92895633227204,283.20185488348136,"{""geodesic"":false,""type"":""Point"",""coordinates"":[-121.80926182263262,36.29135357349399]}"
15_00000000000000000073_0,26.124463994901248,790.0,0.5279604981734368,BS201,0.0,2022-01-01,2.0918326,2021-01-01,289.7884794470382,282.60869199151864,"{""geodesic"":false,""type"":""Point"",""coordinates"":[-121.82650947608772,36.353606822683474]}"
15_00000000000000000074_0,16.152631673797632,787.0,0.545346714551597,BS202,0.0,2022-01-01,2.0918326,2021-01-01,289.7884794470382,282.60869199151864,"{""geodesic"":false,""type"":""Point"",""coordinates"":[-121.83567229198573,36.35333732809824]}"
15_00000000000000000075_0,45.64493447286992,795.0,0.7650480737340456,BS203,0.0,2022-01-01,2.0918326,2021-01-01,289.7884794470382,282.60869199151864,"{""geodesic"":false,""type"":""Point"",""coordinates"":[-121.83675027032668,36.35791873604725]}"
15_00000000000000000076_0,39.696255719139124,794.0,0.8093298822128102,BS204,0.0,2022-01-01,2.0918326,2021-01-01,289.7884794470382,282.60869199151864,"{""geodesic"":false,""type"":""Point"",""coordinates"":[-121.84240965661662,36.358188230632486]}"
15_00000000000000000077_0,22.344070469214966,98.0,0.8287763912994497,BS205,0.0,2022-01-01,2.7846048,2021-01-01,289.92895633227204,283.20185488348136,"{""geodesic"":false,""type"":""Point"",""coordinates"":[-121.81195676848498,36.27006350126036]}"
15_00000000000000000078_0,51.28925864814713,335.0,0.8077636753686699,BS207,0.0,2022-01-01,2.7846048,2021-01-01,289.92895633227204,283.20185488348136,"{""geodesic"":false,""type"":""Point"",""coordinates"":[-121.80252445800173,36.25712776116904]}"
15_00000000000000000080_0,73.22239626133968,375.0,0.7244507657151743,BS223,0.0,2022-01-01,2.4638863,2021-01-01,290.4114603539036,282.3654351639421,"{""geodesic"":false,""type"":""Point"",""coordinates"":[-121.74916453012503,36.250390396538144]}"
15_00000000000000000081_0,63.65148923987217,457.0,0.799523869412882,BS224,0.0,2022-01-01,2.4638863,2021-01-01,290.4114603539036,282.3654351639421,"{""geodesic"":false,""type"":""Point"",""coordinates"":[-121.73973221964177,36.25389382614621]}"
15_00000000000000000082_0,60.451436192413375,497.0,0.8061326795165069,BS226,0.0,2022-01-01,2.7245955,2021-01-01,290.4433130551691,283.7314545095783,"{""geodesic"":false,""type"":""Point"",""coordinates"":[-121.73595929544847,36.24958191278244]}"
15_00000000000000000083_0,67.70770539011782,517.0,0.7373306795485224,BS228,0.0,2022-01-01,2.7245955,2021-01-01,290.4433130551691,283.7314545095783,"{""geodesic"":false,""type"":""Point"",""coordinates"":[-121.72733546872092,36.24580898858913]}"
15_00000000000000000084_0,70.76954637784739,742.0,0.7368737159268784,BS229,0.0,2022-01-01,2.7245955,2021-01-01,290.4433130551691,283.7314545095783,"{""geodesic"":false,""type"":""Point"",""coordinates"":[-121.7286829416471,36.23637667810588]}"
15_00000000000000000085_0,34.86464967043112,563.0,0.7299440773138377,BS230,0.0,2022-01-01,2.7245955,2021-01-01,290.4433130551691,283.7314545095783,"{""geodesic"":false,""type"":""Point"",""coordinates"":[-121.72059810409003,36.24149707522536]}"
15_00000000000000000086_0,70.32809176035387,723.0,0.6563070950826209,BS232,0.0,2022-01-01,2.7245955,2021-01-01,290.4433130551691,283.7314545095783,"{""geodesic"":false,""type"":""Point"",""coordinates"":[-121.74620008968743,36.23961061312871]}"
15_00000000000000000087_0,73.63302483912064,709.0,0.758828482661298,BS233,0.0,2022-01-01,2.7245955,2021-01-01,290.4433130551691,283.7314545095783,"{""geodesic"":false,""type"":""Point"",""coordinates"":[-121.74512211134649,36.2312562809864]}"
15_0000000000000000008b_0,77.43017212929273,325.0,0.7899336691371265,BS240,0.0,2022-01-01,2.7245955,2021-01-01,290.4433130551691,283.7314545095783,"{""geodesic"":false,""type"":""Point"",""coordinates"":[-121.71844214740814,36.24796494527102]}"
15_0000000000000000008c_0,70.61649037743173,376.0,0.7850516267764517,BS241,0.0,2022-01-01,2.7245955,2021-01-01,290.4433130551691,283.7314545095783,"{""geodesic"":false,""type"":""Point"",""coordinates"":[-121.71332175028866,36.24607848317437]}"
15_0000000000000000008d_0,34.98993380300971,442.0,0.8441682790485396,BS242,0.0,2022-01-01,2.7245955,2021-01-01,290.4433130551691,283.7314545095783,"{""geodesic"":false,""type"":""Point"",""coordinates"":[-121.70173348312352,36.24715646151531]}"
15_0000000000000000008e_0,71.53598932735257,451.0,0.7849742933950957,BS243,0.0,2022-01-01,2.2818003,2021-01-01,290.4433130551691,283.7314545095783,"{""geodesic"":false,""type"":""Point"",""coordinates"":[-121.6941876347369,36.248503934441494]}"
15_0000000000000000008f_0,30.226828879827504,394.0,0.7958022357890631,BS244,0.0,2022-01-01,2.117882,2021-01-01,290.4114603539036,282.3654351639421,"{""geodesic"":false,""type"":""Point"",""coordinates"":[-121.68771976469125,36.25200736404956]}"
15_00000000000000000090_0,81.81469707739099,459.0,0.6862391890547362,BS245,0.0,2022-01-01,2.2818003,2021-01-01,290.4433130551691,283.7314545095783,"{""geodesic"":false,""type"":""Point"",""coordinates"":[-121.68125189464558,36.2493124181972]}"
15_00000000000000000091_0,22.153611189153438,528.0,0.6575825491295242,BS246,0.0,2022-01-01,2.117882,2021-01-01,290.4114603539036,282.3654351639421,"{""geodesic"":false,""type"":""Point"",""coordinates"":[-121.67720947586704,36.250390396538144]}"
15_00000000000000000092_0,20.671948003850318,604.0,0.7788806873691407,BS247,0.0,2022-01-01,2.117882,2021-01-01,290.4114603539036,282.3654351639421,"{""geodesic"":false,""type"":""Point"",""coordinates"":[-121.67074160582139,36.2560497828281]}"
15_00000000000000000093_0,42.26030126135019,692.0,0.6340752034092156,BS248,0.0,2022-01-01,2.2818003,2021-01-01,290.4433130551691,283.7314545095783,"{""geodesic"":false,""type"":""Point"",""coordinates"":[-121.65942283324148,36.248503934441494]}"
15_00000000000000000094_0,22.41368328498808,580.0,0.7884543391293816,BS249,0.0,2022-01-01,2.2818003,2021-01-01,290.4433130551691,283.7314545095783,"{""geodesic"":false,""type"":""Point"",""coordinates"":[-121.65349395236629,36.248503934441494]}"
15_00000000000000000095_0,18.457868759886814,827.0,0.7694361033164561,BS251,0.0,2022-01-01,2.7245955,2021-01-01,290.4433130551691,283.7314545095783,"{""geodesic"":false,""type"":""Point"",""coordinates"":[-121.73191687666993,36.23044779723069]}"
15_00000000000000000096_0,25.166674078911928,888.0,0.7823448665375531,BS253,0.0,2022-01-01,2.7245955,2021-01-01,290.4433130551691,283.7314545095783,"{""geodesic"":false,""type"":""Point"",""coordinates"":[-121.71763366365244,36.22020700299173]}"
15_00000000000000000097_0,47.901995106872015,901.0,0.8173751301077928,BS254,0.0,2022-01-01,2.7245955,2021-01-01,290.4433130551691,283.7314545095783,"{""geodesic"":false,""type"":""Point"",""coordinates"":[-121.71170478277725,36.219937508406495]}"
15_00000000000000000098_0,62.224484188882805,1127.0,0.6688206452093804,BS257,0.0,2022-01-01,2.2818003,2021-01-01,290.4433130551691,283.7314545095783,"{""geodesic"":false,""type"":""Point"",""coordinates"":[-121.67936543254893,36.20969671416753]}"
15_00000000000000000099_0,27.461360181517858,122.0,0.7353448173384359,BS259,0.0,2022-01-01,2.7205014,2021-01-01,289.92895633227204,283.20185488348136,"{""geodesic"":false,""type"":""Point"",""coordinates"":[-121.79875153380843,36.26629057706706]}"
15_0000000000000000009a_0,32.18888789823486,256.0,0.8176625994246458,BS260,0.0,2022-01-01,2.7846048,2021-01-01,289.92895633227204,283.20185488348136,"{""geodesic"":false,""type"":""Point"",""coordinates"":[-121.80521940385408,36.260900685362344]}"
15_0000000000000000009b_0,34.74484163806357,539.0,0.7010786918684783,BS262,0.0,2022-01-01,2.7245955,2021-01-01,290.4433130551691,283.7314545095783,"{""geodesic"":false,""type"":""Point"",""coordinates"":[-121.71978962033431,36.23718516186159]}"
15_0000000000000000009c_0,25.699411495463977,209.0,0.8072759972075064,BS265,0.0,2022-01-01,2.7846048,2021-01-01,289.92895633227204,283.20185488348136,"{""geodesic"":false,""type"":""Point"",""coordinates"":[-121.81707716560446,36.25012090195291]}"
15_0000000000000000009e_0,12.858580598686677,854.0,0.6505764053754781,BS271,0.0,2022-01-01,2.7245955,2021-01-01,290.4433130551691,283.7314545095783,"{""geodesic"":false,""type"":""Point"",""coordinates"":[-121.71224377194771,36.213200143775595]}"
15_0000000000000000009f_0,29.321829956577087,635.0,0.7139775865106608,BS272,0.0,2022-01-01,2.7245955,2021-01-01,290.4433130551691,283.7314545095783,"{""geodesic"":false,""type"":""Point"",""coordinates"":[-121.7001165156121,36.20134238202522]}"
15_000000000000000000a0_0,14.597659613751937,765.0,0.8112825960412214,BS273,0.0,2022-01-01,2.2818003,2021-01-01,290.4433130551691,283.7314545095783,"{""geodesic"":false,""type"":""Point"",""coordinates"":[-121.69472662390739,36.205384800803756]}"
15_000000000000000000a1_0,52.58014412935321,1154.0,0.352745408669945,BS274,0.0,2022-01-01,2.4671257,2021-01-01,290.4433130551691,283.7314545095783,"{""geodesic"":false,""type"":""Point"",""coordinates"":[-121.65645839280388,36.18975411486008]}"
15_000000000000000000a2_0,82.10620280610523,385.0,0.8171968452332504,BS276,0.0,2022-01-01,2.4671257,2021-01-01,290.4433130551691,283.7314545095783,"{""geodesic"":false,""type"":""Point"",""coordinates"":[-121.68610279717983,36.180321804376824]}"
15_000000000000000000a3_0,75.46054497354685,271.0,0.7501521143551635,BS277,0.0,2022-01-01,2.4671257,2021-01-01,290.4433130551691,283.7314545095783,"{""geodesic"":false,""type"":""Point"",""coordinates"":[-121.66616019787239,36.16630808594456]}"
15_000000000000000000a8_0,40.98355758814271,617.0,0.814145991941292,BS283,0.0,2022-01-01,2.4671257,2021-01-01,290.4433130551691,283.7314545095783,"{""geodesic"":false,""type"":""Point"",""coordinates"":[-121.68044341088988,36.180052309791584]}"
15_000000000000000000a9_0,117.45550690913872,987.0,0.5771861900610126,BS287,0.0,2022-01-01,2.2852228,2021-01-01,290.9804057500134,282.8387370488415,"{""geodesic"":false,""type"":""Point"",""coordinates"":[-121.61010532414332,36.15013841083041]}"
15_000000000000000000aa_0,60.333299530060465,400.0,0.7684750322479412,BS292,0.0,2022-01-01,1.4023914,2021-01-01,289.16914555797837,283.54929567101885,"{""geodesic"":false,""type"":""Point"",""coordinates"":[-121.85157247251465,36.48916259905711]}"
15_000000000000000000ab_0,40.077890042704006,307.0,0.857343564973914,BS293,0.0,2022-01-01,1.4023914,2021-01-01,289.16914555797837,283.54929567101885,"{""geodesic"":false,""type"":""Point"",""coordinates"":[-121.8534589346113,36.47919129940339]}"
15_000000000000000000ac_0,62.548031102709466,489.0,0.729628061492082,BS294,0.0,2022-01-01,1.4023914,2021-01-01,289.16914555797837,283.54929567101885,"{""geodesic"":false,""type"":""Point"",""coordinates"":[-121.8572318588046,36.46059617302211]}"
15_000000000000000000ad_0,97.99234279827789,205.0,0.7337964055627673,BS295,0.0,2022-01-01,1.8908376,2021-01-01,292.4130163741438,284.1416422804741,"{""geodesic"":false,""type"":""Point"",""coordinates"":[-121.49098871746908,35.99464003514932]}"
15_000000000000000000ae_0,46.39177826081724,616.0,0.7511659155338274,BS296,0.0,2022-01-01,1.773318,2021-01-01,292.4130163741438,284.1416422804741,"{""geodesic"":false,""type"":""Point"",""coordinates"":[-121.47077662357638,36.00299436729163]}"
15_000000000000000000af_0,109.15555000720975,626.0,0.48145434787920105,BS297,0.0,2022-01-01,1.773318,2021-01-01,292.4130163741438,284.1416422804741,"{""geodesic"":false,""type"":""Point"",""coordinates"":[-121.45622391597365,36.00110790519498]}"
15_000000000000000000b0_0,78.876660735444,223.0,0.8045376477502545,BS299,0.0,2022-01-01,1.8908376,2021-01-01,292.4130163741438,284.1416422804741,"{""geodesic"":false,""type"":""Point"",""coordinates"":[-121.47454954776968,35.99140610012648]}"
15_000000000000000000b1_0,82.88490500190473,530.0,0.5708981226822142,BS301,0.0,2022-01-01,1.8908376,2021-01-01,292.4130163741438,284.1416422804741,"{""geodesic"":false,""type"":""Point"",""coordinates"":[-121.46969864523544,35.98682469217748]}"
15_000000000000000000b2_0,98.50977746392408,675.0,0.6278633768127755,BS303,0.0,2022-01-01,1.8908376,2021-01-01,292.4130163741438,284.1416422804741,"{""geodesic"":false,""type"":""Point"",""coordinates"":[-121.46592572104214,35.981704295057995]}"
15_000000000000000000b3_0,84.03206978952105,861.0,0.6380841647120516,BS304,0.0,2022-01-01,1.8908376,2021-01-01,292.4130163741438,284.1416422804741,"{""geodesic"":false,""type"":""Point"",""coordinates"":[-121.454337453877,35.97604490876804]}"
15_000000000000000000b4_0,93.52203480355864,918.0,0.3950801748618262,BS306,0.0,2022-01-01,1.8094779,2021-01-01,293.2013775551156,283.7214359231191,"{""geodesic"":false,""type"":""Point"",""coordinates"":[-121.43412535998431,35.98224328422847]}"
15_000000000000000000b5_0,62.68285366235701,639.0,0.551402877999679,BS309,0.0,2022-01-01,1.8908376,2021-01-01,292.4130163741438,284.1416422804741,"{""geodesic"":false,""type"":""Point"",""coordinates"":[-121.45110351885417,35.98682469217748]}"
15_000000000000000000b6_0,66.67769382512479,528.0,0.6330398924968492,BS310,0.0,2022-01-01,1.8908376,2021-01-01,292.4130163741438,284.1416422804741,"{""geodesic"":false,""type"":""Point"",""coordinates"":[-121.47401055859922,35.98143480047276]}"
15_000000000000000000b7_0,24.22452804619047,600.0,0.7412400017647426,BS312,0.0,2022-01-01,1.8908376,2021-01-01,292.4130163741438,284.1416422804741,"{""geodesic"":false,""type"":""Point"",""coordinates"":[-121.45784088348506,35.95960573906866]}"
15_000000000000000000b8_0,31.607658162807443,603.0,0.7499042870941439,BS313,0.0,2022-01-01,1.8094779,2021-01-01,293.2013775551156,283.7214359231191,"{""geodesic"":false,""type"":""Point"",""coordinates"":[-121.43547283291049,35.952868374437756]}"
15_000000000000000000b9_0,65.7204827631518,819.0,0.7961425880119739,BS315,0.0,2022-01-01,1.8547885,2021-01-01,292.8718606191139,284.6861861973593,"{""geodesic"":false,""type"":""Point"",""coordinates"":[-121.42819647910912,35.94316656936927]}"
15_000000000000000000ba_0,71.08952694856417,591.0,0.7784705281956027,BS316,0.0,2022-01-01,1.8547885,2021-01-01,292.8718606191139,284.6861861973593,"{""geodesic"":false,""type"":""Point"",""coordinates"":[-121.43978474627426,35.940471623516906]}"
15_000000000000000000bb_0,55.80643653105926,544.0,0.8208679743861219,BS317,0.0,2022-01-01,1.8547885,2021-01-01,292.8718606191139,284.6861861973593,"{""geodesic"":false,""type"":""Point"",""coordinates"":[-121.4446356488085,35.94181909644309]}"
15_000000000000000000bc_0,65.43907111539413,1007.0,0.806240745618423,BS320,0.0,2022-01-01,1.8094779,2021-01-01,293.2013775551156,283.7214359231191,"{""geodesic"":false,""type"":""Point"",""coordinates"":[-121.42280658740441,35.9501734285854]}"
15_000000000000000000bd_0,20.686738781517686,928.0,0.7618608110155,BS321,0.0,2022-01-01,1.8547885,2021-01-01,292.8718606191139,284.6861861973593,"{""geodesic"":false,""type"":""Point"",""coordinates"":[-121.42523203867152,35.938046172249784]}"
15_000000000000000000be_0,23.962913868000587,954.0,0.7636199260904643,BS322,0.0,2022-01-01,1.8547885,2021-01-01,292.8718606191139,284.6861861973593,"{""geodesic"":false,""type"":""Point"",""coordinates"":[-121.42900496286482,35.93346476430078]}"
15_000000000000000000bf_0,30.305018798743152,816.0,0.6678220864741058,BS323,0.0,2022-01-01,1.8547885,2021-01-01,292.8718606191139,284.6861861973593,"{""geodesic"":false,""type"":""Point"",""coordinates"":[-121.43116091954671,35.923762959232285]}"
15_000000000000000000c0_0,35.74351877099841,766.0,0.7019247100832834,BS324,0.0,2022-01-01,1.8547885,2021-01-01,292.8718606191139,284.6861861973593,"{""geodesic"":false,""type"":""Point"",""coordinates"":[-121.43223889788766,35.9186425621128]}"
15_000000000000000000c1_0,37.36998337900294,730.0,0.8147289070341919,BS326,0.0,2022-01-01,1.8547885,2021-01-01,292.8718606191139,284.6861861973593,"{""geodesic"":false,""type"":""Point"",""coordinates"":[-121.43062193037625,35.913522164993324]}"
15_000000000000000000c2_0,92.01303240235609,449.0,0.6510656734237706,BS328,0.0,2022-01-01,1.7911674,2021-01-01,292.8718606191139,284.6861861973593,"{""geodesic"":false,""type"":""Point"",""coordinates"":[-121.43439485456955,35.89034563066304]}"
15_000000000000000000c3_0,28.810633131905522,602.0,0.7573234413433642,BS330,0.0,2022-01-01,1.7911674,2021-01-01,292.8718606191139,284.6861861973593,"{""geodesic"":false,""type"":""Point"",""coordinates"":[-121.4287354682796,35.88145230935026]}"
15_000000000000000000c4_0,40.13796823512935,758.0,0.7860024627207111,BS331,0.0,2022-01-01,1.7911674,2021-01-01,292.8718606191139,284.6861861973593,"{""geodesic"":false,""type"":""Point"",""coordinates"":[-121.41876416862587,35.88414725520261]}"
15_000000000000000000c5_0,60.83509057287383,835.0,0.8526697453303322,BS333,0.0,2022-01-01,1.7911674,2021-01-01,292.8718606191139,284.6861861973593,"{""geodesic"":false,""type"":""Point"",""coordinates"":[-121.40178600975601,35.88818967398115]}"
15_000000000000000000c6_0,66.46132257205973,972.0,0.8499221691561144,BS334,0.0,2022-01-01,1.8657229,2021-01-01,292.8718606191139,284.6861861973593,"{""geodesic"":false,""type"":""Point"",""coordinates"":[-121.3875027967385,35.890884619833514]}"
15_000000000000000000c7_0,51.87824252912302,935.0,0.8475328900314882,BS335,0.0,2022-01-01,1.8657229,2021-01-01,292.8718606191139,284.6861861973593,"{""geodesic"":false,""type"":""Point"",""coordinates"":[-121.3791484645962,35.89223209275969]}"
15_000000000000000000c8_0,40.02718810285129,606.0,0.8030828932811084,BS338,0.0,2022-01-01,1.8657229,2021-01-01,292.8718606191139,284.6861861973593,"{""geodesic"":false,""type"":""Point"",""coordinates"":[-121.3942401613694,35.87094202052606]}"
15_000000000000000000c9_0,25.796119405266182,503.0,0.7834601559358201,BS355,0.0,2022-01-01,2.3086646,2021-01-01,289.92895633227204,283.20185488348136,"{""geodesic"":false,""type"":""Point"",""coordinates"":[-121.78824124498422,36.33393371796126]}"
15_000000000000000000ca_0,15.628155159648964,807.0,0.7617830439481903,BS358,0.0,2022-01-01,2.3086646,2021-01-01,289.92895633227204,283.20185488348136,"{""geodesic"":false,""type"":""Point"",""coordinates"":[-121.78608528830233,36.3455219851264]}"
15_000000000000000000cb_0,39.76068228390816,736.0,0.7568961402773341,BS359,0.0,2022-01-01,1.9898491,2021-01-01,289.7884794470382,282.60869199151864,"{""geodesic"":false,""type"":""Point"",""coordinates"":[-121.79039720166611,36.35037288766065]}"
15_000000000000000000cc_0,31.919127775535156,936.0,0.6503663491634141,BS360,0.0,2022-01-01,1.9898491,2021-01-01,289.7884794470382,282.60869199151864,"{""geodesic"":false,""type"":""Point"",""coordinates"":[-121.79120568542182,36.355762779365364]}"
15_000000000000000000cd_0,41.402828503793465,1015.0,0.5974976575357135,BS365,0.0,2022-01-01,2.2818003,2021-01-01,290.4433130551691,283.7314545095783,"{""geodesic"":false,""type"":""Point"",""coordinates"":[-121.68610279717983,36.22290194884409]}"
15_000000000000000000ce_0,15.91684554820101,665.0,0.7241550900999272,BS372,0.0,2022-01-01,2.7245955,2021-01-01,290.4433130551691,283.7314545095783,"{""geodesic"":false,""type"":""Point"",""coordinates"":[-121.73568980086323,36.22290194884409]}"
15_000000000000000000cf_0,21.444568587259443,783.0,0.7302373254704367,BS373,0.0,2022-01-01,2.7245955,2021-01-01,290.4433130551691,283.7314545095783,"{""geodesic"":false,""type"":""Point"",""coordinates"":[-121.7362287900337,36.228022345963566]}"
15_000000000000000000d1_0,62.52262586199106,371.0,0.8050660466593641,BS378,0.0,2022-01-01,2.7245955,2021-01-01,290.4433130551691,283.7314545095783,"{""geodesic"":false,""type"":""Point"",""coordinates"":[-121.74566110051695,36.219668013821256]}"
15_000000000000000000d2_0,37.15821736762404,746.0,0.5386240970737327,BS379,0.0,2022-01-01,2.7245955,2021-01-01,290.4433130551691,283.7314545095783,"{""geodesic"":false,""type"":""Point"",""coordinates"":[-121.73973221964177,36.23098678640116]}"
15_000000000000000000d8_0,83.46364093105464,371.0,0.7316226933385425,BS390,0.0,2022-01-01,2.3086646,2021-01-01,289.92895633227204,283.20185488348136,"{""geodesic"":false,""type"":""Point"",""coordinates"":[-121.79470911502989,36.333394728790786]}"
15_000000000000000000dd_0,27.073123398429725,878.0,0.803392876325359,BS399,0.0,2022-01-01,1.8547885,2021-01-01,292.8718606191139,284.6861861973593,"{""geodesic"":false,""type"":""Point"",""coordinates"":[-121.42361507116011,35.93076981844842]}"
15_000000000000000000de_0,115.70648079422817,878.0,0.4411299858336936,BS405,0.0,2022-01-01,1.746612,2021-01-01,292.4130163741438,284.1416422804741,"{""geodesic"":false,""type"":""Point"",""coordinates"":[-121.535455324033,36.04476602800319]}"
15_000000000000000000e1_0,26.860142097243607,263.0,0.8450693243456958,BS412,0.0,2022-01-01,1.8547885,2021-01-01,292.8718606191139,284.6861861973593,"{""geodesic"":false,""type"":""Point"",""coordinates"":[-121.41849467404063,35.90408985451007]}"
15_000000000000000000e2_0,29.99614770729694,628.0,0.7103932491076256,BS413,0.0,2022-01-01,1.8928807,2021-01-01,293.2983852438731,284.56206163380244,"{""geodesic"":false,""type"":""Point"",""coordinates"":[-121.33360387969134,35.806263320069455]}"
15_000000000000000000e5_0,91.44412464108115,597.0,0.6260464638739068,BS420,0.0,2022-01-01,1.773318,2021-01-01,292.4130163741438,284.1416422804741,"{""geodesic"":false,""type"":""Point"",""coordinates"":[-121.49071922288384,36.02374545035479]}"
15_000000000000000000e6_0,34.44893890257111,133.0,0.7670608108628086,BS423,0.0,2022-01-01,1.746612,2021-01-01,292.4130163741438,284.1416422804741,"{""geodesic"":false,""type"":""Point"",""coordinates"":[-121.52144160560073,36.01566061279771]}"
15_000000000000000000e7_0,80.65061981610636,1336.0,0.6983192360716556,BS425,0.0,2022-01-01,1.8021488,2021-01-01,291.8266546798079,283.3392869505164,"{""geodesic"":false,""type"":""Point"",""coordinates"":[-121.49880406044092,36.05500682224215]}"
15_000000000000000000e8_0,65.60052564533626,268.0,0.6731630455791024,BS426,0.0,2022-01-01,1.746612,2021-01-01,292.4130163741438,284.1416422804741,"{""geodesic"":false,""type"":""Point"",""coordinates"":[-121.52817897023162,36.018894547820544]}"
15_000000000000000000e9_0,93.73400629584961,531.0,0.7296509369241901,BS427,0.0,2022-01-01,2.0918326,2021-01-01,289.7884794470382,282.60869199151864,"{""geodesic"":false,""type"":""Point"",""coordinates"":[-121.83459431364479,36.37193245447951]}"
15_000000000000000000ea_0,55.7860489655394,379.0,0.789230845523503,BS429,0.0,2022-01-01,1.4023914,2021-01-01,289.16914555797837,283.54929567101885,"{""geodesic"":false,""type"":""Point"",""coordinates"":[-121.85184196709989,36.47245393477249]}"
15_000000000000000000eb_0,78.68458260282276,524.0,0.8052021764315443,BS430,0.0,2022-01-01,1.5265517,2021-01-01,290.16699987960186,282.7734482020548,"{""geodesic"":false,""type"":""Point"",""coordinates"":[-121.81087879014403,36.46625555931207]}"
15_000000000000000000ec_0,58.62236297626447,808.0,0.7517112682745601,BS431,0.0,2022-01-01,1.4023914,2021-01-01,289.16914555797837,283.54929567101885,"{""geodesic"":false,""type"":""Point"",""coordinates"":[-121.86100478299791,36.45008588419791]}"
15_000000000000000000ed_0,26.197417798044487,385.0,0.7890938122178041,BS433,0.0,2022-01-01,2.5210052,2021-01-01,289.92895633227204,283.20185488348136,"{""geodesic"":false,""type"":""Point"",""coordinates"":[-121.80737536053597,36.347677941808286]}"
15_000000000000000000ee_0,52.01951435385309,875.0,0.7028913729260536,BS434,0.0,2022-01-01,1.4023914,2021-01-01,289.16914555797837,283.54929567101885,"{""geodesic"":false,""type"":""Point"",""coordinates"":[-121.85103348334418,36.45089436795362]}"
15_000000000000000000ef_0,17.98226545280106,1045.0,0.5374262588643398,BS436,0.0,2022-01-01,2.0610604,2021-01-01,290.4114603539036,282.3654351639421,"{""geodesic"":false,""type"":""Point"",""coordinates"":[-121.72140658784573,36.3417490609331]}"
15_000000000000000000f0_0,36.030053405826536,367.0,0.7861930261020335,BS438,0.0,2022-01-01,2.5210052,2021-01-01,289.92895633227204,283.20185488348136,"{""geodesic"":false,""type"":""Point"",""coordinates"":[-121.80872283346216,36.34228805010357]}"
15_000000000000000000f1_0,29.29011610196463,109.0,0.7859908495820118,BS457,0.0,2022-01-01,2.4671257,2021-01-01,290.4433130551691,283.7314545095783,"{""geodesic"":false,""type"":""Point"",""coordinates"":[-121.6925706672255,36.17870483686541]}"
15_000000000000000000f4_0,22.065690852796802,438.0,0.7476315051882261,BS468,0.0,2022-01-01,1.5265517,2021-01-01,290.16699987960186,282.7734482020548,"{""geodesic"":false,""type"":""Point"",""coordinates"":[-121.8467215699804,36.48512018027858]}"
15_000000000000000000f5_0,54.09140780897616,579.0,0.816519234644076,BS469,0.0,2022-01-01,1.4023914,2021-01-01,289.16914555797837,283.54929567101885,"{""geodesic"":false,""type"":""Point"",""coordinates"":[-121.85830983714554,36.45574527048787]}"
15_000000000000000000f6_0,84.34723440885459,737.0,0.6969395000046049,BS470,0.0,2022-01-01,1.4023914,2021-01-01,289.16914555797837,283.54929567101885,"{""geodesic"":false,""type"":""Point"",""coordinates"":[-121.85291994544083,36.45628425965834]}"
15_000000000000000000f7_0,82.40633707878659,290.0,0.7307002730204967,BS474,0.0,2022-01-01,1.8908376,2021-01-01,292.4130163741438,284.1416422804741,"{""geodesic"":false,""type"":""Point"",""coordinates"":[-121.46727319396832,35.990328121785545]}"
15_000000000000000000f8_0,146.2230646432962,972.0,0.3885927688561637,BS478,0.0,2022-01-01,1.8094779,2021-01-01,293.2013775551156,283.7214359231191,"{""geodesic"":false,""type"":""Point"",""coordinates"":[-121.4333168762286,35.99437054056408]}"
15_000000000000000000f9_0,32.40790527464094,507.0,0.7387835540831221,BS486,0.0,2022-01-01,1.8908376,2021-01-01,292.4130163741438,284.1416422804741,"{""geodesic"":false,""type"":""Point"",""coordinates"":[-121.46835117230926,35.95367685819347]}"
15_000000000000000000fb_0,52.86955519759125,836.0,0.8355479839990184,BS499,0.0,2022-01-01,1.7911674,2021-01-01,292.8718606191139,284.6861861973593,"{""geodesic"":false,""type"":""Point"",""coordinates"":[-121.4077148906312,35.88738119022545]}"
15_000000000000000000fc_0,17.17999017889296,677.0,0.8217159812808758,BS504,0.0,2022-01-01,1.8657229,2021-01-01,292.8718606191139,284.6861861973593,"{""geodesic"":false,""type"":""Point"",""coordinates"":[-121.38911976424993,35.874175955548885]}"
15_000000000000000000fe_0,82.47683539000141,706.0,0.644450321617072,BS518,0.0,2022-01-01,2.0918326,2021-01-01,289.7884794470382,282.60869199151864,"{""geodesic"":false,""type"":""Point"",""coordinates"":[-121.83109088403673,36.38432920540036]}"
15_000000000000000000ff_0,52.69404020912237,538.0,0.7639074324377709,BS519,0.0,2022-01-01,2.0918326,2021-01-01,289.7884794470382,282.60869199151864,"{""geodesic"":false,""type"":""Point"",""coordinates"":[-121.83944521617903,36.38352072164466]}"
15_00000000000000000101_0,26.175519305746505,581.0,0.8174291981771388,BS521,0.0,2022-01-01,2.4671257,2021-01-01,290.4433130551691,283.7314545095783,"{""geodesic"":false,""type"":""Point"",""coordinates"":[-121.69526561307785,36.19837794158762]}"
15_00000000000000000102_0,38.83049012274154,562.0,0.7668358228887607,BS600,0.0,2022-01-01,2.0918326,2021-01-01,289.7884794470382,282.60869199151864,"{""geodesic"":false,""type"":""Point"",""coordinates"":[-121.8219280681387,36.3598051981439]}"
15_00000000000000000103_0,49.22830477838199,638.0,0.7734179872540259,BS601,0.0,2022-01-01,2.0918326,2021-01-01,289.7884794470382,282.60869199151864,"{""geodesic"":false,""type"":""Point"",""coordinates"":[-121.83324684071862,36.35926620897343]}"
15_00000000000000000104_0,36.58983066563602,518.0,0.7718863360788064,BS603,0.0,2022-01-01,2.0918326,2021-01-01,289.7884794470382,282.60869199151864,"{""geodesic"":false,""type"":""Point"",""coordinates"":[-121.84079268910521,36.366273068189564]}"
15_00000000000000000105_0,36.2976512333716,565.0,0.7817420337110983,BS604,0.0,2022-01-01,2.0918326,2021-01-01,289.7884794470382,282.60869199151864,"{""geodesic"":false,""type"":""Point"",""coordinates"":[-121.84887752666229,36.367890035700974]}"
15_00000000000000000107_0,14.717903364883176,1022.0,0.8095624144021513,BS607,0.0,2022-01-01,2.0601847,2021-01-01,290.9804057500134,282.8387370488415,"{""geodesic"":false,""type"":""Point"",""coordinates"":[-121.59151019776205,36.15013841083041]}"
15_00000000000000000108_0,90.10262160511184,257.0,0.6746040939157081,BS610,0.0,2022-01-01,2.4671257,2021-01-01,290.4433130551691,283.7314545095783,"{""geodesic"":false,""type"":""Point"",""coordinates"":[-121.66292626284955,36.16253516175126]}"
15_00000000000000000109_0,89.42156638671274,417.0,0.6974778295150906,BS611,0.0,2022-01-01,2.4671257,2021-01-01,290.4433130551691,283.7314545095783,"{""geodesic"":false,""type"":""Point"",""coordinates"":[-121.66454323036096,36.17304545057545]}"
15_0000000000000000010a_0,50.772920079242624,455.0,0.6447455622074352,BS612,0.0,2022-01-01,2.4671257,2021-01-01,290.4433130551691,283.7314545095783,"{""geodesic"":false,""type"":""Point"",""coordinates"":[-121.66993312206569,36.17277595599022]}"
15_0000000000000000010b_0,42.475683495844414,318.0,0.73130077985264,BS613,0.0,2022-01-01,2.4671257,2021-01-01,290.4433130551691,283.7314545095783,"{""geodesic"":false,""type"":""Point"",""coordinates"":[-121.6693941328952,36.165769096774085]}"
15_0000000000000000010c_0,45.71645720413636,320.0,0.8141745166427725,BS620,0.0,2022-01-01,2.4671257,2021-01-01,290.4433130551691,283.7314545095783,"{""geodesic"":false,""type"":""Point"",""coordinates"":[-121.6933791509812,36.184364223155356]}"
15_0000000000000000010d_0,85.0594172354157,262.0,0.7938844203560244,BS621,0.0,2022-01-01,2.7245955,2021-01-01,290.4433130551691,283.7314545095783,"{""geodesic"":false,""type"":""Point"",""coordinates"":[-121.74862554095455,36.21805104630984]}"
15_00000000000000000113_0,25.950448066754415,151.0,0.8164299427690023,BS627,0.0,2022-01-01,2.7846048,2021-01-01,289.92895633227204,283.20185488348136,"{""geodesic"":false,""type"":""Point"",""coordinates"":[-121.80279395258697,36.27087198501607]}"
15_00000000000000000114_0,30.867185028305485,97.0,0.8154171965140732,BS628,0.0,2022-01-01,2.7846048,2021-01-01,289.92895633227204,283.20185488348136,"{""geodesic"":false,""type"":""Point"",""coordinates"":[-121.80629738219503,36.269255017504655]}"
15_00000000000000000115_0,38.54199328610879,405.0,0.7955984892530511,BS629,0.0,2022-01-01,2.4671257,2021-01-01,290.4433130551691,283.7314545095783,"{""geodesic"":false,""type"":""Point"",""coordinates"":[-121.69526561307785,36.18813714734866]}"
15_00000000000000000116_0,35.92497883003829,552.0,0.7928682027489101,BS632,0.0,2022-01-01,2.5210052,2021-01-01,289.92895633227204,283.20185488348136,"{""geodesic"":false,""type"":""Point"",""coordinates"":[-121.80036850131984,36.325040396648475]}"
15_00000000000000000117_0,52.43171879845365,639.0,0.7183680543632337,BS633,0.0,2022-01-01,2.5210052,2021-01-01,289.92895633227204,283.20185488348136,"{""geodesic"":false,""type"":""Point"",""coordinates"":[-121.80063799590508,36.32261494538135]}"
16_00000000000000000000_0,72.52788723138795,381.0,0.7970904864029791,BS002,0.0,2023-01-01,1.1818048,2022-01-01,293.58617281979076,285.0453122909755,"{""geodesic"":false,""type"":""Point"",""coordinates"":[-121.3875027967385,35.85611981833809]}"
16_00000000000000000001_0,66.3806689944234,405.0,0.7686753334837529,BS003,0.0,2023-01-01,1.1818048,2022-01-01,293.58617281979076,285.0453122909755,"{""geodesic"":false,""type"":""Point"",""coordinates"":[-121.39208420468752,35.85072992663337]}"
16_00000000000000000002_0,52.91405540520023,790.0,0.8470812336661173,BS004,0.0,2023-01-01,1.1818048,2022-01-01,293.58617281979076,285.0453122909755,"{""geodesic"":false,""type"":""Point"",""coordinates"":[-121.36675171367534,35.85854526960521]}"
16_00000000000000000003_0,56.77641333573835,851.0,0.812326778475995,BS005,0.0,2023-01-01,1.1818048,2022-01-01,293.58617281979076,285.0453122909755,"{""geodesic"":false,""type"":""Point"",""coordinates"":[-121.36028384362969,35.85881476419044]}"
16_00000000000000000004_0,45.96920128058938,820.0,0.8434970942725074,BS006,0.0,2023-01-01,1.1818048,2022-01-01,293.58617281979076,285.0453122909755,"{""geodesic"":false,""type"":""Point"",""coordinates"":[-121.35381597358402,35.86043173170186]}"
16_00000000000000000005_0,16.52750321967704,883.0,0.7687576734557248,BS007,0.0,2023-01-01,1.1642871,2022-01-01,294.65073401046124,284.0727513143461,"{""geodesic"":false,""type"":""Point"",""coordinates"":[-121.33926326598129,35.857736785849504]}"
16_00000000000000000006_0,17.19902540697774,509.0,0.6330425964370635,BS011,0.0,2023-01-01,1.2109838,2022-01-01,293.78222589362156,285.36118603013966,"{""geodesic"":false,""type"":""Point"",""coordinates"":[-121.37133312162436,35.8291703598145]}"
16_00000000000000000007_0,38.51802872922176,359.0,0.7537230274290632,BS012,0.0,2023-01-01,1.2109838,2022-01-01,293.78222589362156,285.36118603013966,"{""geodesic"":false,""type"":""Point"",""coordinates"":[-121.37160261620959,35.82324147893931]}"
16_00000000000000000008_0,72.15390583840103,351.0,0.8196191823118445,BS015,0.0,2023-01-01,1.207286,2022-01-01,294.13682292781465,284.9233458636558,"{""geodesic"":false,""type"":""Point"",""coordinates"":[-121.34303619017459,35.8253974356212]}"
16_00000000000000000009_0,70.98712740515612,453.0,0.8157737742228223,BS016,0.0,2023-01-01,1.207286,2022-01-01,294.13682292781465,284.9233458636558,"{""geodesic"":false,""type"":""Point"",""coordinates"":[-121.33764629846988,35.82566693020643]}"
16_0000000000000000000a_0,48.8456221290872,518.0,0.8413757146675277,BS017,0.0,2023-01-01,1.207286,2022-01-01,294.13682292781465,284.9233458636558,"{""geodesic"":false,""type"":""Point"",""coordinates"":[-121.33225640676515,35.82512794103596]}"
16_0000000000000000000b_0,35.273994594048155,611.0,0.8624810761683185,BS018,0.0,2023-01-01,1.207286,2022-01-01,294.13682292781465,284.9233458636558,"{""geodesic"":false,""type"":""Point"",""coordinates"":[-121.32848348257185,35.82351097352455]}"
16_0000000000000000000c_0,74.71929058710518,466.0,0.804243910112255,BS019,0.0,2023-01-01,1.207286,2022-01-01,294.13682292781465,284.9233458636558,"{""geodesic"":false,""type"":""Point"",""coordinates"":[-121.34249720100412,35.82970934898497]}"
16_0000000000000000000d_0,41.80688135206009,400.0,0.7785026179622428,BS020,0.0,2023-01-01,1.207286,2022-01-01,294.13682292781465,284.9233458636558,"{""geodesic"":false,""type"":""Point"",""coordinates"":[-121.3408802334927,35.83375176776351]}"
16_0000000000000000000e_0,35.797571121276846,639.0,0.840150885200051,BS022,0.0,2023-01-01,1.207286,2022-01-01,294.13682292781465,284.9233458636558,"{""geodesic"":false,""type"":""Point"",""coordinates"":[-121.3379157930551,35.84426205658771]}"
16_0000000000000000000f_0,32.30114242405942,233.0,0.8112406594792975,BS026,0.0,2023-01-01,1.2094294,2022-01-01,293.58617281979076,285.0453122909755,"{""geodesic"":false,""type"":""Point"",""coordinates"":[-121.42550153325676,35.90166440324295]}"
16_00000000000000000010_0,62.40773865527956,186.0,0.8027806733443043,BS027,0.0,2023-01-01,1.161648,2022-01-01,293.58617281979076,285.0453122909755,"{""geodesic"":false,""type"":""Point"",""coordinates"":[-121.43089142496147,35.89789147904964]}"
16_00000000000000000011_0,18.890447832941568,317.0,0.7931434719877167,BS032,0.0,2023-01-01,1.2408582,2022-01-01,294.13682292781465,284.9233458636558,"{""geodesic"":false,""type"":""Point"",""coordinates"":[-121.3379157930551,35.797908987927144]}"
16_00000000000000000012_0,69.30109008605172,648.0,0.7071191695678711,BS034,0.0,2023-01-01,1.207286,2022-01-01,294.13682292781465,284.9233458636558,"{""geodesic"":false,""type"":""Point"",""coordinates"":[-121.32686651506043,35.800064944609026]}"
16_00000000000000000013_0,23.64238632558458,390.0,0.7627489166568485,BS035,0.0,2023-01-01,1.2408582,2022-01-01,294.13682292781465,284.9233458636558,"{""geodesic"":false,""type"":""Point"",""coordinates"":[-121.31985965584431,35.789824150370066]}"
16_00000000000000000015_0,91.42554264875527,726.0,0.5663770811320247,BS044,0.0,2023-01-01,1.339746,2022-01-01,292.874570747271,284.2869635176985,"{""geodesic"":false,""type"":""Point"",""coordinates"":[-121.51712969223695,36.031560793326626]}"
16_00000000000000000016_0,42.91133677826374,517.0,0.6945137447015716,BS045,0.0,2023-01-01,1.339746,2022-01-01,292.874570747271,284.2869635176985,"{""geodesic"":false,""type"":""Point"",""coordinates"":[-121.50634990882752,36.02886584747427]}"
16_00000000000000000017_0,84.64380284103933,584.0,0.7612659497251819,BS046,0.0,2023-01-01,1.339746,2022-01-01,292.874570747271,284.2869635176985,"{""geodesic"":false,""type"":""Point"",""coordinates"":[-121.5047329413161,36.023475955769555]}"
16_00000000000000000018_0,24.139000519298566,690.0,0.7036542434968763,BS047,0.0,2023-01-01,1.2649163,2022-01-01,292.874570747271,284.2869635176985,"{""geodesic"":false,""type"":""Point"",""coordinates"":[-121.49988203878186,36.02805736371856]}"
16_00000000000000000019_0,57.7978097135785,527.0,0.7827983913472565,BS048,0.0,2023-01-01,1.2649163,2022-01-01,292.874570747271,284.2869635176985,"{""geodesic"":false,""type"":""Point"",""coordinates"":[-121.4904497282986,36.02859635288903]}"
16_0000000000000000001a_0,63.56964479897601,721.0,0.6953126581402727,BS050,0.0,2023-01-01,1.2649163,2022-01-01,292.874570747271,284.2869635176985,"{""geodesic"":false,""type"":""Point"",""coordinates"":[-121.47966994488917,36.03290826625281]}"
16_0000000000000000001b_0,58.40417682769708,575.0,0.7706935281970906,BS052,0.0,2023-01-01,1.339746,2022-01-01,292.874570747271,284.2869635176985,"{""geodesic"":false,""type"":""Point"",""coordinates"":[-121.50122951170803,36.01323516153059]}"
16_0000000000000000001c_0,98.97904231790075,380.0,0.7269345814987463,BS053,0.0,2023-01-01,1.339746,2022-01-01,292.874570747271,284.2869635176985,"{""geodesic"":false,""type"":""Point"",""coordinates"":[-121.50661940341276,36.01242667777488]}"
16_0000000000000000001d_0,69.4504622551094,573.0,0.6762456918046715,BS054,0.0,2023-01-01,1.2408582,2022-01-01,294.13682292781465,284.9233458636558,"{""geodesic"":false,""type"":""Point"",""coordinates"":[-121.31339178579864,35.78685970993247]}"
16_0000000000000000001e_0,52.92513543925631,599.0,0.6297815935286921,BS057,0.0,2023-01-01,1.339746,2022-01-01,292.874570747271,284.2869635176985,"{""geodesic"":false,""type"":""Point"",""coordinates"":[-121.51173980053224,36.029135342059504]}"
16_0000000000000000001f_0,79.68083303233672,767.0,0.647989152036805,BS058,0.0,2023-01-01,1.3976197,2022-01-01,292.2111925098994,283.4577566486515,"{""geodesic"":false,""type"":""Point"",""coordinates"":[-121.54677409661289,36.06012721936163]}"
16_00000000000000000020_0,56.12635229361317,661.0,0.6276498413446707,BS059,0.0,2023-01-01,1.3976197,2022-01-01,292.2111925098994,283.4577566486515,"{""geodesic"":false,""type"":""Point"",""coordinates"":[-121.54650460202767,36.056623789753566]}"
16_00000000000000000021_0,48.27235334671516,646.0,0.6286049432487532,BS060,0.0,2023-01-01,1.3976197,2022-01-01,292.2111925098994,283.4577566486515,"{""geodesic"":false,""type"":""Point"",""coordinates"":[-121.5438096561753,36.05258137097503]}"
16_00000000000000000022_0,26.14600133559939,612.0,0.6366853714381538,BS062,0.0,2023-01-01,1.339746,2022-01-01,292.874570747271,284.2869635176985,"{""geodesic"":false,""type"":""Point"",""coordinates"":[-121.54973853705049,36.03398624459375]}"
16_00000000000000000023_0,20.58746002967014,651.0,0.7628195456862897,BS063,0.0,2023-01-01,1.339746,2022-01-01,292.874570747271,284.2869635176985,"{""geodesic"":false,""type"":""Point"",""coordinates"":[-121.53788077530011,36.035603212105165]}"
16_00000000000000000024_0,68.6511562659528,746.0,0.5589501559326946,BS066,0.0,2023-01-01,1.339746,2022-01-01,292.874570747271,284.2869635176985,"{""geodesic"":false,""type"":""Point"",""coordinates"":[-121.53356886193635,36.03722017961658]}"
16_00000000000000000026_0,35.78946119557583,705.0,0.6203658752656195,BS071,0.0,2023-01-01,1.339746,2022-01-01,292.874570747271,284.2869635176985,"{""geodesic"":false,""type"":""Point"",""coordinates"":[-121.54515712910148,36.037759168787055]}"
16_00000000000000000029_0,57.36246655691607,581.0,0.7703721060611363,BS076,0.0,2023-01-01,1.9218612,2022-01-01,289.8959453007946,282.4770972683005,"{""geodesic"":false,""type"":""Point"",""coordinates"":[-121.8219280681387,36.361961154825785]}"
16_0000000000000000002a_0,28.696924996229242,607.0,0.794857666333157,BS077,0.0,2023-01-01,1.9218612,2022-01-01,289.8959453007946,282.4770972683005,"{""geodesic"":false,""type"":""Point"",""coordinates"":[-121.81896362770111,36.35926620897343]}"
16_0000000000000000002b_0,46.02565703030775,626.0,0.8068840338169163,BS078,0.0,2023-01-01,1.9218612,2022-01-01,289.8959453007946,282.4770972683005,"{""geodesic"":false,""type"":""Point"",""coordinates"":[-121.81599918726351,36.35549328478013]}"
16_0000000000000000002c_0,25.83145460790078,745.0,0.7884526800321935,BS079,0.0,2023-01-01,1.9218612,2022-01-01,289.8959453007946,282.4770972683005,"{""geodesic"":false,""type"":""Point"",""coordinates"":[-121.81249575765546,36.35953570355866]}"
16_0000000000000000002d_0,43.42059752442938,867.0,0.7906089821192076,BS080,0.0,2023-01-01,1.9218612,2022-01-01,289.8959453007946,282.4770972683005,"{""geodesic"":false,""type"":""Point"",""coordinates"":[-121.80441092009838,36.36061368189961]}"
16_0000000000000000002e_0,40.78706094426999,316.0,0.831708414343145,BS081,0.0,2023-01-01,1.9218612,2022-01-01,289.8959453007946,282.4770972683005,"{""geodesic"":false,""type"":""Point"",""coordinates"":[-121.84429611871329,36.37193245447951]}"
16_00000000000000000034_0,17.705349265991092,1009.0,0.7411132638646164,BS088,0.0,2023-01-01,1.7865005,2022-01-01,289.8959453007946,282.4770972683005,"{""geodesic"":false,""type"":""Point"",""coordinates"":[-121.7963260825413,36.3598051981439]}"
16_00000000000000000035_0,37.110449522583075,1058.0,0.7014527582997488,BS089,0.0,2023-01-01,1.7865005,2022-01-01,289.8959453007946,282.4770972683005,"{""geodesic"":false,""type"":""Point"",""coordinates"":[-121.7963260825413,36.3665425627748]}"
16_00000000000000000036_0,36.729213874326355,952.0,0.6583569635576868,BS090,0.0,2023-01-01,1.7865005,2022-01-01,289.8959453007946,282.4770972683005,"{""geodesic"":false,""type"":""Point"",""coordinates"":[-121.79659557712654,36.37085447613857]}"
16_00000000000000000037_0,47.949742291512784,929.0,0.7858432751344747,BS092,0.0,2023-01-01,1.9218612,2022-01-01,289.8959453007946,282.4770972683005,"{""geodesic"":false,""type"":""Point"",""coordinates"":[-121.80414142551314,36.37489689491711]}"
16_00000000000000000038_0,63.706364757027224,785.0,0.7117294454524697,BS094,0.0,2023-01-01,1.2866079,2022-01-01,289.29196890216986,283.41306641461097,"{""geodesic"":false,""type"":""Point"",""coordinates"":[-121.87259305016305,36.45817072175499]}"
16_0000000000000000003a_0,76.60084790680737,521.0,0.7546871703298551,BS102,0.0,2023-01-01,1.9218612,2022-01-01,289.8959453007946,282.4770972683005,"{""geodesic"":false,""type"":""Point"",""coordinates"":[-121.84240965661662,36.38055628120706]}"
16_0000000000000000003b_0,29.738303535449415,504.0,0.8192600089966863,BS103,0.0,2023-01-01,1.9218612,2022-01-01,289.8959453007946,282.4770972683005,"{""geodesic"":false,""type"":""Point"",""coordinates"":[-121.84483510788375,36.378939313695646]}"
16_0000000000000000003d_0,95.49874560602149,889.0,0.6578086315742669,BS112,0.0,2023-01-01,1.7080239,2022-01-01,289.8959453007946,282.4770972683005,"{""geodesic"":false,""type"":""Point"",""coordinates"":[-121.8429486457871,36.41774653396961]}"
16_00000000000000000040_0,81.98734846129194,932.0,0.5964570809994799,BS121,0.0,2023-01-01,1.7080239,2022-01-01,289.8959453007946,282.4770972683005,"{""geodesic"":false,""type"":""Point"",""coordinates"":[-121.83944521617903,36.42178895274815]}"
16_00000000000000000041_0,45.8445260390724,766.0,0.8408533118574707,BS122,0.0,2023-01-01,1.7080239,2022-01-01,289.8959453007946,282.4770972683005,"{""geodesic"":false,""type"":""Point"",""coordinates"":[-121.84429611871329,36.423944909430034]}"
16_00000000000000000042_0,69.5714570531996,338.0,0.7993560137459753,BS123,0.0,2023-01-01,1.2866079,2022-01-01,289.29196890216986,283.41306641461097,"{""geodesic"":false,""type"":""Point"",""coordinates"":[-121.89415261698191,36.48107776150004]}"
16_00000000000000000043_0,58.569460318059164,376.0,0.8098666365077453,BS124,0.0,2023-01-01,1.2866079,2022-01-01,289.29196890216986,283.41306641461097,"{""geodesic"":false,""type"":""Point"",""coordinates"":[-121.89011019820337,36.47838281564768]}"
16_00000000000000000044_0,45.5173974865084,408.0,0.8354423977318506,BS125,0.0,2023-01-01,1.2866079,2022-01-01,289.29196890216986,283.41306641461097,"{""geodesic"":false,""type"":""Point"",""coordinates"":[-121.88633727401007,36.4808082669148]}"
16_00000000000000000045_0,58.996126329965016,311.0,0.8062425283304163,BS126,0.0,2023-01-01,1.2866079,2022-01-01,289.29196890216986,283.41306641461097,"{""geodesic"":false,""type"":""Point"",""coordinates"":[-121.88013889854965,36.484311696522866]}"
16_00000000000000000046_0,44.86441781735508,393.0,0.8253322890946517,BS128,0.0,2023-01-01,1.2866079,2022-01-01,289.29196890216986,283.41306641461097,"{""geodesic"":false,""type"":""Point"",""coordinates"":[-121.87367102850399,36.477843826477205]}"
16_00000000000000000047_0,58.14955233570493,351.0,0.7768206812447992,BS129,0.0,2023-01-01,1.2866079,2022-01-01,289.29196890216986,283.41306641461097,"{""geodesic"":false,""type"":""Point"",""coordinates"":[-121.88741525235102,36.49077956656853]}"
16_00000000000000000048_0,29.809539668952027,242.0,0.8142629594983344,BS130,0.0,2023-01-01,1.2866079,2022-01-01,289.29196890216986,283.41306641461097,"{""geodesic"":false,""type"":""Point"",""coordinates"":[-121.88391182274296,36.49563046910277]}"
16_00000000000000000049_0,63.68407721690823,250.0,0.8397113602857038,BS131,0.0,2023-01-01,1.0605389,2022-01-01,289.29196890216986,283.41306641461097,"{""geodesic"":false,""type"":""Point"",""coordinates"":[-121.88121687689059,36.500750866222255]}"
16_0000000000000000004e_0,54.769948212570974,306.0,0.8256432676789268,BS137,0.0,2023-01-01,2.1376634,2022-01-01,289.50961742662406,284.15758570840916,"{""geodesic"":false,""type"":""Point"",""coordinates"":[-121.87555749060064,36.347947436393525]}"
16_0000000000000000004f_0,28.491950560324483,306.0,0.8013942588837247,BS138,0.0,2023-01-01,1.2866079,2022-01-01,289.29196890216986,283.41306641461097,"{""geodesic"":false,""type"":""Point"",""coordinates"":[-121.86369972885026,36.49643895285848]}"
16_00000000000000000050_0,35.391394754052136,301.0,0.762730323152438,BS139,0.0,2023-01-01,1.2866079,2022-01-01,289.29196890216986,283.41306641461097,"{""geodesic"":false,""type"":""Point"",""coordinates"":[-121.86289124509456,36.49104906115377]}"
16_00000000000000000051_0,62.960356382927934,333.0,0.8348500140939699,BS140,0.0,2023-01-01,1.2866079,2022-01-01,289.29196890216986,283.41306641461097,"{""geodesic"":false,""type"":""Point"",""coordinates"":[-121.86720315845832,36.482425234426216]}"
16_00000000000000000052_0,68.56155386803277,297.0,0.8070191495215114,BS141,0.0,2023-01-01,1.2866079,2022-01-01,289.29196890216986,283.41306641461097,"{""geodesic"":false,""type"":""Point"",""coordinates"":[-121.86100478299791,36.48296422359669]}"
16_00000000000000000053_0,30.329656356772045,503.0,0.7449480676197919,BS144,0.0,2023-01-01,1.3502514,2022-01-01,290.33364157480736,282.61940479017284,"{""geodesic"":false,""type"":""Point"",""coordinates"":[-121.81761615477494,36.46841151599395]}"
16_00000000000000000054_0,60.81377801190004,722.0,0.7531927227286116,BS146,0.0,2023-01-01,1.2866079,2022-01-01,289.29196890216986,283.41306641461097,"{""geodesic"":false,""type"":""Point"",""coordinates"":[-121.87313203933351,36.46302162428923]}"
16_00000000000000000055_0,83.56546071652188,435.0,0.7957190471095172,BS147,0.0,2023-01-01,1.2866079,2022-01-01,289.29196890216986,283.41306641461097,"{""geodesic"":false,""type"":""Point"",""coordinates"":[-121.88687626318055,36.47083696726107]}"
16_00000000000000000056_0,75.1534555978791,880.0,0.713531403016794,BS148,0.0,2023-01-01,1.2866079,2022-01-01,289.29196890216986,283.41306641461097,"{""geodesic"":false,""type"":""Point"",""coordinates"":[-121.87124557723686,36.453050324635505]}"
16_00000000000000000057_0,79.63927123727196,767.0,0.5922478062158335,BS149,0.0,2023-01-01,1.2866079,2022-01-01,289.29196890216986,283.41306641461097,"{""geodesic"":false,""type"":""Point"",""coordinates"":[-121.87690496352683,36.45251133546503]}"
16_00000000000000000059_0,61.102038225560584,513.0,0.8172979356477094,BS151,0.0,2023-01-01,1.2866079,2022-01-01,289.29196890216986,283.41306641461097,"{""geodesic"":false,""type"":""Point"",""coordinates"":[-121.85130297792941,36.46248263511876]}"
16_0000000000000000005a_0,76.7545591027391,436.0,0.7943576916190178,BS152,0.0,2023-01-01,1.2866079,2022-01-01,289.29196890216986,283.41306641461097,"{""geodesic"":false,""type"":""Point"",""coordinates"":[-121.85184196709989,36.46706404306777]}"
16_0000000000000000005b_0,40.431816176022785,440.0,0.8021743831710668,BS156,0.0,2023-01-01,2.2301164,2022-01-01,290.1013940262468,283.1867809556935,"{""geodesic"":false,""type"":""Point"",""coordinates"":[-121.80306344717219,36.30725375402291]}"
16_0000000000000000005c_0,69.50494318432149,369.0,0.7889539329576437,BS157,0.0,2023-01-01,2.2301164,2022-01-01,290.1013940262468,283.1867809556935,"{""geodesic"":false,""type"":""Point"",""coordinates"":[-121.80737536053597,36.30375032441484]}"
16_0000000000000000005d_0,24.34174921981881,649.0,0.7319931025522889,BS158,0.0,2023-01-01,1.9218612,2022-01-01,289.8959453007946,282.4770972683005,"{""geodesic"":false,""type"":""Point"",""coordinates"":[-121.8143822197521,36.35118137141635]}"
16_0000000000000000005e_0,36.367524614014336,294.0,0.8254445771061955,BS159,0.0,2023-01-01,2.2301164,2022-01-01,290.1013940262468,283.1867809556935,"{""geodesic"":false,""type"":""Point"",""coordinates"":[-121.80225496341649,36.34067108259215]}"
16_0000000000000000005f_0,21.946786380644813,409.0,0.7964133631870395,BS160,0.0,2023-01-01,2.128853,2022-01-01,290.1013940262468,283.1867809556935,"{""geodesic"":false,""type"":""Point"",""coordinates"":[-121.79821254463795,36.32935231001225]}"
16_00000000000000000060_0,17.45239411188938,1125.0,0.6437291131384145,BS161,0.0,2023-01-01,1.8741773,2022-01-01,290.57851758983037,282.2843290146083,"{""geodesic"":false,""type"":""Point"",""coordinates"":[-121.71305225570342,36.3350116963022]}"
16_00000000000000000061_0,51.45515157717052,1102.0,0.670873474101222,BS162,0.0,2023-01-01,1.8741773,2022-01-01,290.57851758983037,282.2843290146083,"{""geodesic"":false,""type"":""Point"",""coordinates"":[-121.71601669614101,36.34013209342169]}"
16_00000000000000000062_0,16.86415233046807,1175.0,0.6235593411549797,BS163,0.0,2023-01-01,1.8741773,2022-01-01,290.57851758983037,282.2843290146083,"{""geodesic"":false,""type"":""Point"",""coordinates"":[-121.71952012574909,36.3455219851264]}"
16_00000000000000000063_0,21.84970237365893,327.0,0.8484191630445245,BS165,0.0,2023-01-01,2.128853,2022-01-01,290.1013940262468,283.1867809556935,"{""geodesic"":false,""type"":""Point"",""coordinates"":[-121.79201416917752,36.32584888040418]}"
16_00000000000000000064_0,58.040667175946986,373.0,0.7769651124428703,BS166,0.0,2023-01-01,2.128853,2022-01-01,290.1013940262468,283.1867809556935,"{""geodesic"":false,""type"":""Point"",""coordinates"":[-121.79228366376276,36.32935231001225]}"
16_00000000000000000065_0,47.99407824586914,437.0,0.7846225619191927,BS167,0.0,2023-01-01,2.128853,2022-01-01,290.1013940262468,283.1867809556935,"{""geodesic"":false,""type"":""Point"",""coordinates"":[-121.79066669625135,36.320997977869936]}"
16_00000000000000000066_0,78.71387478930622,346.0,0.791103954340927,BS168,0.0,2023-01-01,2.128853,2022-01-01,290.1013940262468,283.1867809556935,"{""geodesic"":false,""type"":""Point"",""coordinates"":[-121.78446832079092,36.32477090206324]}"
16_00000000000000000067_0,18.917497942991304,1111.0,0.4516837389944314,BS172,0.0,2023-01-01,1.5233431,2022-01-01,290.9191159601081,280.89891144216875,"{""geodesic"":false,""type"":""Point"",""coordinates"":[-121.7429661546646,36.361961154825785]}"
16_00000000000000000068_0,20.288964263032174,522.0,0.7093726962335406,BS175,0.0,2023-01-01,2.2301164,2022-01-01,290.1013940262468,283.1867809556935,"{""geodesic"":false,""type"":""Point"",""coordinates"":[-121.80117698507554,36.314799602409515]}"
16_00000000000000000069_0,23.579600270639844,533.0,0.7364636059688934,BS176,0.0,2023-01-01,2.128853,2022-01-01,290.1013940262468,283.1867809556935,"{""geodesic"":false,""type"":""Point"",""coordinates"":[-121.79147518000705,36.30967920529003]}"
16_0000000000000000006a_0,62.01111801722639,577.0,0.803209104339118,BS177,0.0,2023-01-01,2.128853,2022-01-01,290.1013940262468,283.1867809556935,"{""geodesic"":false,""type"":""Point"",""coordinates"":[-121.79012770708087,36.30698425943768]}"
16_0000000000000000006b_0,61.37345193477799,231.0,0.8251437937586766,BS186,0.0,2023-01-01,2.5313962,2022-01-01,290.1013940262468,283.1867809556935,"{""geodesic"":false,""type"":""Point"",""coordinates"":[-121.82731795984343,36.268985522919415]}"
16_0000000000000000006c_0,33.238878817779366,123.0,0.8166838685929442,BS187,0.0,2023-01-01,2.5313962,2022-01-01,290.1013940262468,283.1867809556935,"{""geodesic"":false,""type"":""Point"",""coordinates"":[-121.82731795984343,36.28111277925503]}"
16_0000000000000000006d_0,24.892406832409275,275.0,0.8566100481004809,BS188,0.0,2023-01-01,2.5313962,2022-01-01,290.1013940262468,283.1867809556935,"{""geodesic"":false,""type"":""Point"",""coordinates"":[-121.82300604647965,36.26413462038517]}"
16_0000000000000000006e_0,53.022850289365635,109.0,0.7995061621017121,BS190,0.0,2023-01-01,2.5313962,2022-01-01,290.1013940262468,283.1867809556935,"{""geodesic"":false,""type"":""Point"",""coordinates"":[-121.83297734613338,36.285963681789276]}"
16_0000000000000000006f_0,49.598913952271936,422.0,0.8354794645276042,BS193,0.0,2023-01-01,2.5313962,2022-01-01,290.1013940262468,283.1867809556935,"{""geodesic"":false,""type"":""Point"",""coordinates"":[-121.82839593818437,36.2988994218806]}"
16_00000000000000000070_0,60.175407043920124,437.0,0.8029131283833161,BS194,0.0,2023-01-01,2.5313962,2022-01-01,290.1013940262468,283.1867809556935,"{""geodesic"":false,""type"":""Point"",""coordinates"":[-121.82408402482059,36.29674346519871]}"
16_00000000000000000071_0,62.02949574551465,590.0,0.5741728838237593,BS195,0.0,2023-01-01,2.5313962,2022-01-01,290.1013940262468,283.1867809556935,"{""geodesic"":false,""type"":""Point"",""coordinates"":[-121.81249575765546,36.2951264976873]}"
16_00000000000000000072_0,69.46726695123304,661.0,0.6683464134847643,BS196,0.0,2023-01-01,2.5313962,2022-01-01,290.1013940262468,283.1867809556935,"{""geodesic"":false,""type"":""Point"",""coordinates"":[-121.80926182263262,36.29135357349399]}"
16_00000000000000000073_0,22.970498092063153,790.0,0.5527058327177955,BS201,0.0,2023-01-01,1.9218612,2022-01-01,289.8959453007946,282.4770972683005,"{""geodesic"":false,""type"":""Point"",""coordinates"":[-121.82650947608772,36.353606822683474]}"
16_00000000000000000074_0,16.16720663098246,787.0,0.5261911162006936,BS202,0.0,2023-01-01,1.9218612,2022-01-01,289.8959453007946,282.4770972683005,"{""geodesic"":false,""type"":""Point"",""coordinates"":[-121.83567229198573,36.35333732809824]}"
16_00000000000000000075_0,48.257730873385064,795.0,0.7678599871477809,BS203,0.0,2023-01-01,1.9218612,2022-01-01,289.8959453007946,282.4770972683005,"{""geodesic"":false,""type"":""Point"",""coordinates"":[-121.83675027032668,36.35791873604725]}"
16_00000000000000000076_0,38.92148975818683,794.0,0.8185381864170999,BS204,0.0,2023-01-01,1.9218612,2022-01-01,289.8959453007946,282.4770972683005,"{""geodesic"":false,""type"":""Point"",""coordinates"":[-121.84240965661662,36.358188230632486]}"
16_00000000000000000077_0,22.521283172213902,98.0,0.825065982607969,BS205,0.0,2023-01-01,2.5313962,2022-01-01,290.1013940262468,283.1867809556935,"{""geodesic"":false,""type"":""Point"",""coordinates"":[-121.81195676848498,36.27006350126036]}"
16_00000000000000000078_0,49.3898041049755,335.0,0.8152933603718844,BS207,0.0,2023-01-01,2.5313962,2022-01-01,290.1013940262468,283.1867809556935,"{""geodesic"":false,""type"":""Point"",""coordinates"":[-121.80252445800173,36.25712776116904]}"
16_00000000000000000080_0,66.23115601915411,375.0,0.7353318098579148,BS223,0.0,2023-01-01,2.1813247,2022-01-01,290.57851758983037,282.2843290146083,"{""geodesic"":false,""type"":""Point"",""coordinates"":[-121.74916453012503,36.250390396538144]}"
16_00000000000000000081_0,62.20461946993936,457.0,0.828178905728599,BS224,0.0,2023-01-01,2.1813247,2022-01-01,290.57851758983037,282.2843290146083,"{""geodesic"":false,""type"":""Point"",""coordinates"":[-121.73973221964177,36.25389382614621]}"
16_00000000000000000082_0,62.57489829655117,497.0,0.8346823558916453,BS226,0.0,2023-01-01,2.3856535,2022-01-01,290.842353507264,283.86386873428137,"{""geodesic"":false,""type"":""Point"",""coordinates"":[-121.73595929544847,36.24958191278244]}"
16_00000000000000000083_0,68.11174005514039,517.0,0.7666126719337955,BS228,0.0,2023-01-01,2.3856535,2022-01-01,290.842353507264,283.86386873428137,"{""geodesic"":false,""type"":""Point"",""coordinates"":[-121.72733546872092,36.24580898858913]}"
16_00000000000000000084_0,67.64198272730472,742.0,0.7845499029071471,BS229,0.0,2023-01-01,2.3856535,2022-01-01,290.842353507264,283.86386873428137,"{""geodesic"":false,""type"":""Point"",""coordinates"":[-121.7286829416471,36.23637667810588]}"
16_00000000000000000085_0,36.93271305814154,563.0,0.7349616253577945,BS230,0.0,2023-01-01,2.3856535,2022-01-01,290.842353507264,283.86386873428137,"{""geodesic"":false,""type"":""Point"",""coordinates"":[-121.72059810409003,36.24149707522536]}"
16_00000000000000000086_0,60.12801841588168,723.0,0.6939781538224827,BS232,0.0,2023-01-01,2.3856535,2022-01-01,290.842353507264,283.86386873428137,"{""geodesic"":false,""type"":""Point"",""coordinates"":[-121.74620008968743,36.23961061312871]}"
16_00000000000000000087_0,71.94032188445593,709.0,0.7806218378944254,BS233,0.0,2023-01-01,2.3856535,2022-01-01,290.842353507264,283.86386873428137,"{""geodesic"":false,""type"":""Point"",""coordinates"":[-121.74512211134649,36.2312562809864]}"
16_0000000000000000008b_0,76.43285264417001,325.0,0.8085733710685487,BS240,0.0,2023-01-01,2.3856535,2022-01-01,290.842353507264,283.86386873428137,"{""geodesic"":false,""type"":""Point"",""coordinates"":[-121.71844214740814,36.24796494527102]}"
16_0000000000000000008c_0,67.0674145262603,376.0,0.7962378782913961,BS241,0.0,2023-01-01,2.3856535,2022-01-01,290.842353507264,283.86386873428137,"{""geodesic"":false,""type"":""Point"",""coordinates"":[-121.71332175028866,36.24607848317437]}"
16_0000000000000000008d_0,37.702255356028374,442.0,0.8591596275117327,BS242,0.0,2023-01-01,2.3856535,2022-01-01,290.842353507264,283.86386873428137,"{""geodesic"":false,""type"":""Point"",""coordinates"":[-121.70173348312352,36.24715646151531]}"
16_0000000000000000008e_0,69.79030667087645,451.0,0.8114950635234482,BS243,0.0,2023-01-01,2.0075061,2022-01-01,290.842353507264,283.86386873428137,"{""geodesic"":false,""type"":""Point"",""coordinates"":[-121.6941876347369,36.248503934441494]}"
16_0000000000000000008f_0,34.52498126490506,394.0,0.8048126700500543,BS244,0.0,2023-01-01,1.9123181,2022-01-01,290.57851758983037,282.2843290146083,"{""geodesic"":false,""type"":""Point"",""coordinates"":[-121.68771976469125,36.25200736404956]}"
16_00000000000000000090_0,79.65439819363195,459.0,0.7170025858970536,BS245,0.0,2023-01-01,2.0075061,2022-01-01,290.842353507264,283.86386873428137,"{""geodesic"":false,""type"":""Point"",""coordinates"":[-121.68125189464558,36.2493124181972]}"
16_00000000000000000091_0,24.720044138010113,528.0,0.6737525748107894,BS246,0.0,2023-01-01,1.9123181,2022-01-01,290.57851758983037,282.2843290146083,"{""geodesic"":false,""type"":""Point"",""coordinates"":[-121.67720947586704,36.250390396538144]}"
16_00000000000000000092_0,22.007025360610708,604.0,0.797723939342545,BS247,0.0,2023-01-01,1.9123181,2022-01-01,290.57851758983037,282.2843290146083,"{""geodesic"":false,""type"":""Point"",""coordinates"":[-121.67074160582139,36.2560497828281]}"
16_00000000000000000093_0,40.762631669590945,692.0,0.6829051617275005,BS248,0.0,2023-01-01,2.0075061,2022-01-01,290.842353507264,283.86386873428137,"{""geodesic"":false,""type"":""Point"",""coordinates"":[-121.65942283324148,36.248503934441494]}"
16_00000000000000000094_0,22.37101187854287,580.0,0.8170407015648383,BS249,0.0,2023-01-01,2.0075061,2022-01-01,290.842353507264,283.86386873428137,"{""geodesic"":false,""type"":""Point"",""coordinates"":[-121.65349395236629,36.248503934441494]}"
16_00000000000000000095_0,19.64985207949398,827.0,0.7776533794247712,BS251,0.0,2023-01-01,2.3856535,2022-01-01,290.842353507264,283.86386873428137,"{""geodesic"":false,""type"":""Point"",""coordinates"":[-121.73191687666993,36.23044779723069]}"
16_00000000000000000096_0,20.48773787487554,888.0,0.8236674314517504,BS253,0.0,2023-01-01,2.3856535,2022-01-01,290.842353507264,283.86386873428137,"{""geodesic"":false,""type"":""Point"",""coordinates"":[-121.71763366365244,36.22020700299173]}"
16_00000000000000000097_0,42.58355097038959,901.0,0.8532379812570365,BS254,0.0,2023-01-01,2.3856535,2022-01-01,290.842353507264,283.86386873428137,"{""geodesic"":false,""type"":""Point"",""coordinates"":[-121.71170478277725,36.219937508406495]}"
16_00000000000000000098_0,60.82933655964795,1127.0,0.7262871230312711,BS257,0.0,2023-01-01,2.0075061,2022-01-01,290.842353507264,283.86386873428137,"{""geodesic"":false,""type"":""Point"",""coordinates"":[-121.67936543254893,36.20969671416753]}"
16_00000000000000000099_0,26.501514602484075,122.0,0.7384072699105939,BS259,0.0,2023-01-01,2.4402707,2022-01-01,290.1013940262468,283.1867809556935,"{""geodesic"":false,""type"":""Point"",""coordinates"":[-121.79875153380843,36.26629057706706]}"
16_0000000000000000009a_0,29.749366074668572,256.0,0.8256489830353727,BS260,0.0,2023-01-01,2.5313962,2022-01-01,290.1013940262468,283.1867809556935,"{""geodesic"":false,""type"":""Point"",""coordinates"":[-121.80521940385408,36.260900685362344]}"
16_0000000000000000009b_0,33.57698217833515,539.0,0.728609731946697,BS262,0.0,2023-01-01,2.3856535,2022-01-01,290.842353507264,283.86386873428137,"{""geodesic"":false,""type"":""Point"",""coordinates"":[-121.71978962033431,36.23718516186159]}"
16_0000000000000000009c_0,24.250626571958364,209.0,0.8005043176342523,BS265,0.0,2023-01-01,2.5313962,2022-01-01,290.1013940262468,283.1867809556935,"{""geodesic"":false,""type"":""Point"",""coordinates"":[-121.81707716560446,36.25012090195291]}"
16_0000000000000000009e_0,13.381188805947055,854.0,0.6559237438042214,BS271,0.0,2023-01-01,2.3856535,2022-01-01,290.842353507264,283.86386873428137,"{""geodesic"":false,""type"":""Point"",""coordinates"":[-121.71224377194771,36.213200143775595]}"
16_0000000000000000009f_0,30.549900992269457,635.0,0.7205277746536857,BS272,0.0,2023-01-01,2.3856535,2022-01-01,290.842353507264,283.86386873428137,"{""geodesic"":false,""type"":""Point"",""coordinates"":[-121.7001165156121,36.20134238202522]}"
16_000000000000000000a0_0,14.782018970324936,765.0,0.8246290260695052,BS273,0.0,2023-01-01,2.0075061,2022-01-01,290.842353507264,283.86386873428137,"{""geodesic"":false,""type"":""Point"",""coordinates"":[-121.69472662390739,36.205384800803756]}"
16_000000000000000000a1_0,23.38017460257372,1154.0,0.48288282132064636,BS274,0.0,2023-01-01,2.1324396,2022-01-01,290.842353507264,283.86386873428137,"{""geodesic"":false,""type"":""Point"",""coordinates"":[-121.65645839280388,36.18975411486008]}"
16_000000000000000000a2_0,82.40040441725422,385.0,0.816880514903636,BS276,0.0,2023-01-01,2.1324396,2022-01-01,290.842353507264,283.86386873428137,"{""geodesic"":false,""type"":""Point"",""coordinates"":[-121.68610279717983,36.180321804376824]}"
16_000000000000000000a3_0,75.82487841179291,271.0,0.775558420465316,BS277,0.0,2023-01-01,2.1324396,2022-01-01,290.842353507264,283.86386873428137,"{""geodesic"":false,""type"":""Point"",""coordinates"":[-121.66616019787239,36.16630808594456]}"
16_000000000000000000a8_0,38.95793353957897,617.0,0.8290598821592515,BS283,0.0,2023-01-01,2.1324396,2022-01-01,290.842353507264,283.86386873428137,"{""geodesic"":false,""type"":""Point"",""coordinates"":[-121.68044341088988,36.180052309791584]}"
16_000000000000000000a9_0,105.07423879104407,987.0,0.6281197857642092,BS287,0.0,2023-01-01,1.8584825,2022-01-01,291.2898433737559,282.8690459787029,"{""geodesic"":false,""type"":""Point"",""coordinates"":[-121.61010532414332,36.15013841083041]}"
16_000000000000000000aa_0,60.43468741757956,400.0,0.768310689266583,BS292,0.0,2023-01-01,1.2866079,2022-01-01,289.29196890216986,283.41306641461097,"{""geodesic"":false,""type"":""Point"",""coordinates"":[-121.85157247251465,36.48916259905711]}"
16_000000000000000000ab_0,37.88118983432139,307.0,0.8544178996081996,BS293,0.0,2023-01-01,1.2866079,2022-01-01,289.29196890216986,283.41306641461097,"{""geodesic"":false,""type"":""Point"",""coordinates"":[-121.8534589346113,36.47919129940339]}"
16_000000000000000000ac_0,50.19636121835658,489.0,0.7643143132984982,BS294,0.0,2023-01-01,1.2866079,2022-01-01,289.29196890216986,283.41306641461097,"{""geodesic"":false,""type"":""Point"",""coordinates"":[-121.8572318588046,36.46059617302211]}"
16_000000000000000000ad_0,93.51742341118921,205.0,0.7309928530646749,BS295,0.0,2023-01-01,1.2737879,2022-01-01,292.874570747271,284.2869635176985,"{""geodesic"":false,""type"":""Point"",""coordinates"":[-121.49098871746908,35.99464003514932]}"
16_000000000000000000ae_0,42.91652832530903,616.0,0.7601856508283422,BS296,0.0,2023-01-01,1.2649163,2022-01-01,292.874570747271,284.2869635176985,"{""geodesic"":false,""type"":""Point"",""coordinates"":[-121.47077662357638,36.00299436729163]}"
16_000000000000000000af_0,53.373934205469666,626.0,0.616124016476591,BS297,0.0,2023-01-01,1.2649163,2022-01-01,292.874570747271,284.2869635176985,"{""geodesic"":false,""type"":""Point"",""coordinates"":[-121.45622391597365,36.00110790519498]}"
16_000000000000000000b0_0,81.12644375618143,223.0,0.7772559720450314,BS299,0.0,2023-01-01,1.2737879,2022-01-01,292.874570747271,284.2869635176985,"{""geodesic"":false,""type"":""Point"",""coordinates"":[-121.47454954776968,35.99140610012648]}"
16_000000000000000000b1_0,64.99551301427454,530.0,0.6413512366056847,BS301,0.0,2023-01-01,1.2737879,2022-01-01,292.874570747271,284.2869635176985,"{""geodesic"":false,""type"":""Point"",""coordinates"":[-121.46969864523544,35.98682469217748]}"
16_000000000000000000b2_0,74.98993771688625,675.0,0.7024177948222917,BS303,0.0,2023-01-01,1.2737879,2022-01-01,292.874570747271,284.2869635176985,"{""geodesic"":false,""type"":""Point"",""coordinates"":[-121.46592572104214,35.981704295057995]}"
16_000000000000000000b3_0,73.62433920804459,861.0,0.6699664828703341,BS304,0.0,2023-01-01,1.2737879,2022-01-01,292.874570747271,284.2869635176985,"{""geodesic"":false,""type"":""Point"",""coordinates"":[-121.454337453877,35.97604490876804]}"
16_000000000000000000b4_0,28.142367369127303,918.0,0.611908812840984,BS306,0.0,2023-01-01,1.2404152,2022-01-01,293.70803264461154,283.8357314854452,"{""geodesic"":false,""type"":""Point"",""coordinates"":[-121.43412535998431,35.98224328422847]}"
16_000000000000000000b5_0,40.12960732422634,639.0,0.656221997693103,BS309,0.0,2023-01-01,1.2737879,2022-01-01,292.874570747271,284.2869635176985,"{""geodesic"":false,""type"":""Point"",""coordinates"":[-121.45110351885417,35.98682469217748]}"
16_000000000000000000b6_0,53.909093023412076,528.0,0.6756427627517355,BS310,0.0,2023-01-01,1.2737879,2022-01-01,292.874570747271,284.2869635176985,"{""geodesic"":false,""type"":""Point"",""coordinates"":[-121.47401055859922,35.98143480047276]}"
16_000000000000000000b7_0,23.83757679780123,600.0,0.7332401774110238,BS312,0.0,2023-01-01,1.2737879,2022-01-01,292.874570747271,284.2869635176985,"{""geodesic"":false,""type"":""Point"",""coordinates"":[-121.45784088348506,35.95960573906866]}"
16_000000000000000000b8_0,29.639895386994212,603.0,0.7547793796775527,BS313,0.0,2023-01-01,1.2404152,2022-01-01,293.70803264461154,283.8357314854452,"{""geodesic"":false,""type"":""Point"",""coordinates"":[-121.43547283291049,35.952868374437756]}"
16_000000000000000000b9_0,68.13958345652792,819.0,0.7793960986960603,BS315,0.0,2023-01-01,1.2094294,2022-01-01,293.58617281979076,285.0453122909755,"{""geodesic"":false,""type"":""Point"",""coordinates"":[-121.42819647910912,35.94316656936927]}"
16_000000000000000000ba_0,68.86968432001281,591.0,0.7603429972966119,BS316,0.0,2023-01-01,1.2094294,2022-01-01,293.58617281979076,285.0453122909755,"{""geodesic"":false,""type"":""Point"",""coordinates"":[-121.43978474627426,35.940471623516906]}"
16_000000000000000000bb_0,51.1775732773104,544.0,0.8166136002750253,BS317,0.0,2023-01-01,1.2094294,2022-01-01,293.58617281979076,285.0453122909755,"{""geodesic"":false,""type"":""Point"",""coordinates"":[-121.4446356488085,35.94181909644309]}"
16_000000000000000000bc_0,61.36690691883419,1007.0,0.8072752287826368,BS320,0.0,2023-01-01,1.2404152,2022-01-01,293.70803264461154,283.8357314854452,"{""geodesic"":false,""type"":""Point"",""coordinates"":[-121.42280658740441,35.9501734285854]}"
16_000000000000000000bd_0,21.520179740620147,928.0,0.7597823854104132,BS321,0.0,2023-01-01,1.2094294,2022-01-01,293.58617281979076,285.0453122909755,"{""geodesic"":false,""type"":""Point"",""coordinates"":[-121.42523203867152,35.938046172249784]}"
16_000000000000000000be_0,25.54182713273343,954.0,0.760386677429906,BS322,0.0,2023-01-01,1.2094294,2022-01-01,293.58617281979076,285.0453122909755,"{""geodesic"":false,""type"":""Point"",""coordinates"":[-121.42900496286482,35.93346476430078]}"
16_000000000000000000bf_0,28.092269518277927,816.0,0.6737868484510877,BS323,0.0,2023-01-01,1.2094294,2022-01-01,293.58617281979076,285.0453122909755,"{""geodesic"":false,""type"":""Point"",""coordinates"":[-121.43116091954671,35.923762959232285]}"
16_000000000000000000c0_0,33.658420729917516,766.0,0.7052696981953681,BS324,0.0,2023-01-01,1.2094294,2022-01-01,293.58617281979076,285.0453122909755,"{""geodesic"":false,""type"":""Point"",""coordinates"":[-121.43223889788766,35.9186425621128]}"
16_000000000000000000c1_0,29.782502760392333,730.0,0.8301543609186154,BS326,0.0,2023-01-01,1.2094294,2022-01-01,293.58617281979076,285.0453122909755,"{""geodesic"":false,""type"":""Point"",""coordinates"":[-121.43062193037625,35.913522164993324]}"
16_000000000000000000c2_0,80.20859817613008,449.0,0.6891703025341755,BS328,0.0,2023-01-01,1.161648,2022-01-01,293.58617281979076,285.0453122909755,"{""geodesic"":false,""type"":""Point"",""coordinates"":[-121.43439485456955,35.89034563066304]}"
16_000000000000000000c3_0,29.94619425562232,602.0,0.7531117671560271,BS330,0.0,2023-01-01,1.161648,2022-01-01,293.58617281979076,285.0453122909755,"{""geodesic"":false,""type"":""Point"",""coordinates"":[-121.4287354682796,35.88145230935026]}"
16_000000000000000000c4_0,39.72811329841678,758.0,0.778705117049212,BS331,0.0,2023-01-01,1.161648,2022-01-01,293.58617281979076,285.0453122909755,"{""geodesic"":false,""type"":""Point"",""coordinates"":[-121.41876416862587,35.88414725520261]}"
16_000000000000000000c5_0,62.95712897138574,835.0,0.8324004032542364,BS333,0.0,2023-01-01,1.161648,2022-01-01,293.58617281979076,285.0453122909755,"{""geodesic"":false,""type"":""Point"",""coordinates"":[-121.40178600975601,35.88818967398115]}"
16_000000000000000000c6_0,66.74995290167931,972.0,0.844296950318249,BS334,0.0,2023-01-01,1.1818048,2022-01-01,293.58617281979076,285.0453122909755,"{""geodesic"":false,""type"":""Point"",""coordinates"":[-121.3875027967385,35.890884619833514]}"
16_000000000000000000c7_0,52.99770796873647,935.0,0.8402247947343887,BS335,0.0,2023-01-01,1.1818048,2022-01-01,293.58617281979076,285.0453122909755,"{""geodesic"":false,""type"":""Point"",""coordinates"":[-121.3791484645962,35.89223209275969]}"
16_000000000000000000c8_0,47.36593855223185,606.0,0.7747837798821449,BS338,0.0,2023-01-01,1.1818048,2022-01-01,293.58617281979076,285.0453122909755,"{""geodesic"":false,""type"":""Point"",""coordinates"":[-121.3942401613694,35.87094202052606]}"
16_000000000000000000c9_0,26.860301032940928,503.0,0.7987494711078876,BS355,0.0,2023-01-01,2.128853,2022-01-01,290.1013940262468,283.1867809556935,"{""geodesic"":false,""type"":""Point"",""coordinates"":[-121.78824124498422,36.33393371796126]}"
16_000000000000000000ca_0,14.391322322206625,807.0,0.7991909994204373,BS358,0.0,2023-01-01,2.128853,2022-01-01,290.1013940262468,283.1867809556935,"{""geodesic"":false,""type"":""Point"",""coordinates"":[-121.78608528830233,36.3455219851264]}"
16_000000000000000000cb_0,40.246387836514096,736.0,0.7791760750920242,BS359,0.0,2023-01-01,1.7865005,2022-01-01,289.8959453007946,282.4770972683005,"{""geodesic"":false,""type"":""Point"",""coordinates"":[-121.79039720166611,36.35037288766065]}"
16_000000000000000000cc_0,26.73901098808065,936.0,0.6998960082927613,BS360,0.0,2023-01-01,1.7865005,2022-01-01,289.8959453007946,282.4770972683005,"{""geodesic"":false,""type"":""Point"",""coordinates"":[-121.79120568542182,36.355762779365364]}"
16_000000000000000000cd_0,37.878991655766605,1015.0,0.6313880770086603,BS365,0.0,2023-01-01,2.0075061,2022-01-01,290.842353507264,283.86386873428137,"{""geodesic"":false,""type"":""Point"",""coordinates"":[-121.68610279717983,36.22290194884409]}"
16_000000000000000000ce_0,15.295624707040794,665.0,0.7342205685275479,BS372,0.0,2023-01-01,2.3856535,2022-01-01,290.842353507264,283.86386873428137,"{""geodesic"":false,""type"":""Point"",""coordinates"":[-121.73568980086323,36.22290194884409]}"
16_000000000000000000cf_0,20.507120519023076,783.0,0.7493313755255905,BS373,0.0,2023-01-01,2.3856535,2022-01-01,290.842353507264,283.86386873428137,"{""geodesic"":false,""type"":""Point"",""coordinates"":[-121.7362287900337,36.228022345963566]}"
16_000000000000000000d1_0,61.67736610771965,371.0,0.8071246130584138,BS378,0.0,2023-01-01,2.3856535,2022-01-01,290.842353507264,283.86386873428137,"{""geodesic"":false,""type"":""Point"",""coordinates"":[-121.74566110051695,36.219668013821256]}"
16_000000000000000000d2_0,42.23239184509953,746.0,0.5337130583687809,BS379,0.0,2023-01-01,2.3856535,2022-01-01,290.842353507264,283.86386873428137,"{""geodesic"":false,""type"":""Point"",""coordinates"":[-121.73973221964177,36.23098678640116]}"
16_000000000000000000d8_0,80.20462292030781,371.0,0.7764185648987297,BS390,0.0,2023-01-01,2.128853,2022-01-01,290.1013940262468,283.1867809556935,"{""geodesic"":false,""type"":""Point"",""coordinates"":[-121.79470911502989,36.333394728790786]}"
16_000000000000000000dd_0,23.930595613249377,878.0,0.8105213782277382,BS399,0.0,2023-01-01,1.2094294,2022-01-01,293.58617281979076,285.0453122909755,"{""geodesic"":false,""type"":""Point"",""coordinates"":[-121.42361507116011,35.93076981844842]}"
16_000000000000000000de_0,82.42072026663381,878.0,0.5194694068660304,BS405,0.0,2023-01-01,1.339746,2022-01-01,292.874570747271,284.2869635176985,"{""geodesic"":false,""type"":""Point"",""coordinates"":[-121.535455324033,36.04476602800319]}"
16_000000000000000000e1_0,25.925433945847274,263.0,0.851847316574899,BS412,0.0,2023-01-01,1.2094294,2022-01-01,293.58617281979076,285.0453122909755,"{""geodesic"":false,""type"":""Point"",""coordinates"":[-121.41849467404063,35.90408985451007]}"
16_000000000000000000e2_0,31.20068544653806,628.0,0.6925020986673734,BS413,0.0,2023-01-01,1.207286,2022-01-01,294.13682292781465,284.9233458636558,"{""geodesic"":false,""type"":""Point"",""coordinates"":[-121.33360387969134,35.806263320069455]}"
16_000000000000000000e5_0,86.5971038857603,597.0,0.709289327254661,BS420,0.0,2023-01-01,1.2649163,2022-01-01,292.874570747271,284.2869635176985,"{""geodesic"":false,""type"":""Point"",""coordinates"":[-121.49071922288384,36.02374545035479]}"
16_000000000000000000e6_0,35.498714287969584,133.0,0.772220632528497,BS423,0.0,2023-01-01,1.339746,2022-01-01,292.874570747271,284.2869635176985,"{""geodesic"":false,""type"":""Point"",""coordinates"":[-121.52144160560073,36.01566061279771]}"
16_000000000000000000e7_0,74.5865607564874,1336.0,0.7220697704933331,BS425,0.0,2023-01-01,1.3170357,2022-01-01,292.2111925098994,283.4577566486515,"{""geodesic"":false,""type"":""Point"",""coordinates"":[-121.49880406044092,36.05500682224215]}"
16_000000000000000000e8_0,52.544154788264855,268.0,0.7173089760464296,BS426,0.0,2023-01-01,1.339746,2022-01-01,292.874570747271,284.2869635176985,"{""geodesic"":false,""type"":""Point"",""coordinates"":[-121.52817897023162,36.018894547820544]}"
16_000000000000000000e9_0,93.12057438326444,531.0,0.7331774358550218,BS427,0.0,2023-01-01,1.9218612,2022-01-01,289.8959453007946,282.4770972683005,"{""geodesic"":false,""type"":""Point"",""coordinates"":[-121.83459431364479,36.37193245447951]}"
16_000000000000000000ea_0,52.54416658587905,379.0,0.802500716184991,BS429,0.0,2023-01-01,1.2866079,2022-01-01,289.29196890216986,283.41306641461097,"{""geodesic"":false,""type"":""Point"",""coordinates"":[-121.85184196709989,36.47245393477249]}"
16_000000000000000000eb_0,77.32751537782637,524.0,0.7882723285552834,BS430,0.0,2023-01-01,1.3502514,2022-01-01,290.33364157480736,282.61940479017284,"{""geodesic"":false,""type"":""Point"",""coordinates"":[-121.81087879014403,36.46625555931207]}"
16_000000000000000000ec_0,58.29494137625934,808.0,0.7562681135981147,BS431,0.0,2023-01-01,1.2866079,2022-01-01,289.29196890216986,283.41306641461097,"{""geodesic"":false,""type"":""Point"",""coordinates"":[-121.86100478299791,36.45008588419791]}"
16_000000000000000000ed_0,26.528830309696897,385.0,0.8055234036901192,BS433,0.0,2023-01-01,2.2301164,2022-01-01,290.1013940262468,283.1867809556935,"{""geodesic"":false,""type"":""Point"",""coordinates"":[-121.80737536053597,36.347677941808286]}"
16_000000000000000000ee_0,43.08858470930608,875.0,0.7370260902072624,BS434,0.0,2023-01-01,1.2866079,2022-01-01,289.29196890216986,283.41306641461097,"{""geodesic"":false,""type"":""Point"",""coordinates"":[-121.85103348334418,36.45089436795362]}"
16_000000000000000000ef_0,16.6233793518924,1045.0,0.5739385766530519,BS436,0.0,2023-01-01,1.8741773,2022-01-01,290.57851758983037,282.2843290146083,"{""geodesic"":false,""type"":""Point"",""coordinates"":[-121.72140658784573,36.3417490609331]}"
16_000000000000000000f0_0,37.97043441491473,367.0,0.7745891486034525,BS438,0.0,2023-01-01,2.2301164,2022-01-01,290.1013940262468,283.1867809556935,"{""geodesic"":false,""type"":""Point"",""coordinates"":[-121.80872283346216,36.34228805010357]}"
16_000000000000000000f1_0,25.27360181001445,109.0,0.7987291873190818,BS457,0.0,2023-01-01,2.1324396,2022-01-01,290.842353507264,283.86386873428137,"{""geodesic"":false,""type"":""Point"",""coordinates"":[-121.6925706672255,36.17870483686541]}"
16_000000000000000000f4_0,24.010215708053355,438.0,0.732429275781478,BS468,0.0,2023-01-01,1.3502514,2022-01-01,290.33364157480736,282.61940479017284,"{""geodesic"":false,""type"":""Point"",""coordinates"":[-121.8467215699804,36.48512018027858]}"
16_000000000000000000f5_0,48.933893461416666,579.0,0.8283093105415668,BS469,0.0,2023-01-01,1.2866079,2022-01-01,289.29196890216986,283.41306641461097,"{""geodesic"":false,""type"":""Point"",""coordinates"":[-121.85830983714554,36.45574527048787]}"
16_000000000000000000f6_0,81.9533563324839,737.0,0.6922207853074714,BS470,0.0,2023-01-01,1.2866079,2022-01-01,289.29196890216986,283.41306641461097,"{""geodesic"":false,""type"":""Point"",""coordinates"":[-121.85291994544083,36.45628425965834]}"
16_000000000000000000f7_0,84.87192137578174,290.0,0.6936580029936456,BS474,0.0,2023-01-01,1.2737879,2022-01-01,292.874570747271,284.2869635176985,"{""geodesic"":false,""type"":""Point"",""coordinates"":[-121.46727319396832,35.990328121785545]}"
16_000000000000000000f8_0,91.63775721657882,972.0,0.590874594268555,BS478,0.0,2023-01-01,1.2404152,2022-01-01,293.70803264461154,283.8357314854452,"{""geodesic"":false,""type"":""Point"",""coordinates"":[-121.4333168762286,35.99437054056408]}"
16_000000000000000000f9_0,31.79911043739023,507.0,0.7256584010132964,BS486,0.0,2023-01-01,1.2737879,2022-01-01,292.874570747271,284.2869635176985,"{""geodesic"":false,""type"":""Point"",""coordinates"":[-121.46835117230926,35.95367685819347]}"
16_000000000000000000fb_0,56.24556892025263,836.0,0.8155164964658498,BS499,0.0,2023-01-01,1.161648,2022-01-01,293.58617281979076,285.0453122909755,"{""geodesic"":false,""type"":""Point"",""coordinates"":[-121.4077148906312,35.88738119022545]}"
16_000000000000000000fc_0,25.0587065682449,677.0,0.7989091799043663,BS504,0.0,2023-01-01,1.1818048,2022-01-01,293.58617281979076,285.0453122909755,"{""geodesic"":false,""type"":""Point"",""coordinates"":[-121.38911976424993,35.874175955548885]}"
16_000000000000000000fe_0,79.49401112911085,706.0,0.6554592354832081,BS518,0.0,2023-01-01,1.9218612,2022-01-01,289.8959453007946,282.4770972683005,"{""geodesic"":false,""type"":""Point"",""coordinates"":[-121.83109088403673,36.38432920540036]}"
16_000000000000000000ff_0,47.80490070639889,538.0,0.7910945890001836,BS519,0.0,2023-01-01,1.9218612,2022-01-01,289.8959453007946,282.4770972683005,"{""geodesic"":false,""type"":""Point"",""coordinates"":[-121.83944521617903,36.38352072164466]}"
16_00000000000000000101_0,26.552412187717806,581.0,0.8284837678440494,BS521,0.0,2023-01-01,2.1324396,2022-01-01,290.842353507264,283.86386873428137,"{""geodesic"":false,""type"":""Point"",""coordinates"":[-121.69526561307785,36.19837794158762]}"
16_00000000000000000102_0,40.118739823909884,562.0,0.7832740126127691,BS600,0.0,2023-01-01,1.9218612,2022-01-01,289.8959453007946,282.4770972683005,"{""geodesic"":false,""type"":""Point"",""coordinates"":[-121.8219280681387,36.3598051981439]}"
16_00000000000000000103_0,50.657528614543565,638.0,0.7751789593605022,BS601,0.0,2023-01-01,1.9218612,2022-01-01,289.8959453007946,282.4770972683005,"{""geodesic"":false,""type"":""Point"",""coordinates"":[-121.83324684071862,36.35926620897343]}"
16_00000000000000000104_0,33.958207277996536,518.0,0.7818202083415143,BS603,0.0,2023-01-01,1.9218612,2022-01-01,289.8959453007946,282.4770972683005,"{""geodesic"":false,""type"":""Point"",""coordinates"":[-121.84079268910521,36.366273068189564]}"
16_00000000000000000105_0,36.239856674644464,565.0,0.7894703852805062,BS604,0.0,2023-01-01,1.9218612,2022-01-01,289.8959453007946,282.4770972683005,"{""geodesic"":false,""type"":""Point"",""coordinates"":[-121.84887752666229,36.367890035700974]}"
16_00000000000000000107_0,14.249470467658945,1022.0,0.8306643745013481,BS607,0.0,2023-01-01,1.672691,2022-01-01,291.2898433737559,282.8690459787029,"{""geodesic"":false,""type"":""Point"",""coordinates"":[-121.59151019776205,36.15013841083041]}"
16_00000000000000000108_0,82.26269494352228,257.0,0.7077766731545401,BS610,0.0,2023-01-01,2.1324396,2022-01-01,290.842353507264,283.86386873428137,"{""geodesic"":false,""type"":""Point"",""coordinates"":[-121.66292626284955,36.16253516175126]}"
16_00000000000000000109_0,80.56516220108499,417.0,0.7403802567281453,BS611,0.0,2023-01-01,2.1324396,2022-01-01,290.842353507264,283.86386873428137,"{""geodesic"":false,""type"":""Point"",""coordinates"":[-121.66454323036096,36.17304545057545]}"
16_0000000000000000010a_0,30.640090004051405,455.0,0.7480848121994382,BS612,0.0,2023-01-01,2.1324396,2022-01-01,290.842353507264,283.86386873428137,"{""geodesic"":false,""type"":""Point"",""coordinates"":[-121.66993312206569,36.17277595599022]}"
16_0000000000000000010b_0,39.912725976358196,318.0,0.7608315003564137,BS613,0.0,2023-01-01,2.1324396,2022-01-01,290.842353507264,283.86386873428137,"{""geodesic"":false,""type"":""Point"",""coordinates"":[-121.6693941328952,36.165769096774085]}"
16_0000000000000000010c_0,50.53858048359499,320.0,0.8209159751696711,BS620,0.0,2023-01-01,2.1324396,2022-01-01,290.842353507264,283.86386873428137,"{""geodesic"":false,""type"":""Point"",""coordinates"":[-121.6933791509812,36.184364223155356]}"
16_0000000000000000010d_0,85.69959982868197,262.0,0.7945413651201892,BS621,0.0,2023-01-01,2.3856535,2022-01-01,290.842353507264,283.86386873428137,"{""geodesic"":false,""type"":""Point"",""coordinates"":[-121.74862554095455,36.21805104630984]}"
16_00000000000000000113_0,24.152973123975702,151.0,0.8257691141360831,BS627,0.0,2023-01-01,2.5313962,2022-01-01,290.1013940262468,283.1867809556935,"{""geodesic"":false,""type"":""Point"",""coordinates"":[-121.80279395258697,36.27087198501607]}"
16_00000000000000000114_0,31.0016492392201,97.0,0.815766792763038,BS628,0.0,2023-01-01,2.5313962,2022-01-01,290.1013940262468,283.1867809556935,"{""geodesic"":false,""type"":""Point"",""coordinates"":[-121.80629738219503,36.269255017504655]}"
16_00000000000000000115_0,40.473306544881375,405.0,0.7972962571373513,BS629,0.0,2023-01-01,2.1324396,2022-01-01,290.842353507264,283.86386873428137,"{""geodesic"":false,""type"":""Point"",""coordinates"":[-121.69526561307785,36.18813714734866]}"
16_00000000000000000116_0,37.714317521212216,552.0,0.7994618165437714,BS632,0.0,2023-01-01,2.2301164,2022-01-01,290.1013940262468,283.1867809556935,"{""geodesic"":false,""type"":""Point"",""coordinates"":[-121.80036850131984,36.325040396648475]}"
16_00000000000000000117_0,51.69980199660254,639.0,0.7422753646322686,BS633,0.0,2023-01-01,2.2301164,2022-01-01,290.1013940262468,283.1867809556935,"{""geodesic"":false,""type"":""Point"",""coordinates"":[-121.80063799590508,36.32261494538135]}"
17_00000000000000000000_0,66.56725022200364,381.0,0.830249947276527,BS002,0.0,2024-01-01,2.675544,2023-01-01,291.91305516909244,284.3701904714924,"{""geodesic"":false,""type"":""Point"",""coordinates"":[-121.3875027967385,35.85611981833809]}"
17_00000000000000000001_0,63.77738829696866,405.0,0.8131220646398709,BS003,0.0,2024-01-01,2.675544,2023-01-01,291.91305516909244,284.3701904714924,"{""geodesic"":false,""type"":""Point"",""coordinates"":[-121.39208420468752,35.85072992663337]}"
17_00000000000000000002_0,57.82780595741235,790.0,0.8335175245058721,BS004,0.0,2024-01-01,2.675544,2023-01-01,291.91305516909244,284.3701904714924,"{""geodesic"":false,""type"":""Point"",""coordinates"":[-121.36675171367534,35.85854526960521]}"
17_00000000000000000003_0,58.342165273864474,851.0,0.8133566400564977,BS005,0.0,2024-01-01,2.675544,2023-01-01,291.91305516909244,284.3701904714924,"{""geodesic"":false,""type"":""Point"",""coordinates"":[-121.36028384362969,35.85881476419044]}"
17_00000000000000000004_0,44.88295089253814,820.0,0.8352967157005425,BS006,0.0,2024-01-01,2.675544,2023-01-01,291.91305516909244,284.3701904714924,"{""geodesic"":false,""type"":""Point"",""coordinates"":[-121.35381597358402,35.86043173170186]}"
17_00000000000000000005_0,15.913671591385983,883.0,0.783014188499219,BS007,0.0,2024-01-01,2.6883056,2023-01-01,292.70627044259686,283.40913800801314,"{""geodesic"":false,""type"":""Point"",""coordinates"":[-121.33926326598129,35.857736785849504]}"
17_00000000000000000006_0,15.784566445559593,509.0,0.6768451321772541,BS011,0.0,2024-01-01,2.7166486,2023-01-01,292.07263910999035,284.7027295256314,"{""geodesic"":false,""type"":""Point"",""coordinates"":[-121.37133312162436,35.8291703598145]}"
17_00000000000000000007_0,30.357161334383566,359.0,0.796708280725583,BS012,0.0,2024-01-01,2.7166486,2023-01-01,292.07263910999035,284.7027295256314,"{""geodesic"":false,""type"":""Point"",""coordinates"":[-121.37160261620959,35.82324147893931]}"
17_00000000000000000008_0,71.31411232305005,351.0,0.8172447080162976,BS015,0.0,2024-01-01,2.6421824,2023-01-01,292.3442389919333,284.2521539139421,"{""geodesic"":false,""type"":""Point"",""coordinates"":[-121.34303619017459,35.8253974356212]}"
17_00000000000000000009_0,65.7869505716242,453.0,0.8274321692667068,BS016,0.0,2024-01-01,2.6421824,2023-01-01,292.3442389919333,284.2521539139421,"{""geodesic"":false,""type"":""Point"",""coordinates"":[-121.33764629846988,35.82566693020643]}"
17_0000000000000000000a_0,52.82330104228674,518.0,0.8406773982095781,BS017,0.0,2024-01-01,2.6421824,2023-01-01,292.3442389919333,284.2521539139421,"{""geodesic"":false,""type"":""Point"",""coordinates"":[-121.33225640676515,35.82512794103596]}"
17_0000000000000000000b_0,36.07591682122244,611.0,0.8755874294575312,BS018,0.0,2024-01-01,2.6421824,2023-01-01,292.3442389919333,284.2521539139421,"{""geodesic"":false,""type"":""Point"",""coordinates"":[-121.32848348257185,35.82351097352455]}"
17_0000000000000000000c_0,70.57078866843969,466.0,0.8050003307854111,BS019,0.0,2024-01-01,2.6421824,2023-01-01,292.3442389919333,284.2521539139421,"{""geodesic"":false,""type"":""Point"",""coordinates"":[-121.34249720100412,35.82970934898497]}"
17_0000000000000000000d_0,39.23170401357887,400.0,0.807639603595653,BS020,0.0,2024-01-01,2.6421824,2023-01-01,292.3442389919333,284.2521539139421,"{""geodesic"":false,""type"":""Point"",""coordinates"":[-121.3408802334927,35.83375176776351]}"
17_0000000000000000000e_0,38.146960960400925,639.0,0.8482613466092702,BS022,0.0,2024-01-01,2.6421824,2023-01-01,292.3442389919333,284.2521539139421,"{""geodesic"":false,""type"":""Point"",""coordinates"":[-121.3379157930551,35.84426205658771]}"
17_0000000000000000000f_0,27.836650060703207,233.0,0.8160075662214951,BS026,0.0,2024-01-01,2.7273023,2023-01-01,291.91305516909244,284.3701904714924,"{""geodesic"":false,""type"":""Point"",""coordinates"":[-121.42550153325676,35.90166440324295]}"
17_00000000000000000010_0,64.8737027571077,186.0,0.7968503768190166,BS027,0.0,2024-01-01,2.6934464,2023-01-01,291.91305516909244,284.3701904714924,"{""geodesic"":false,""type"":""Point"",""coordinates"":[-121.43089142496147,35.89789147904964]}"
17_00000000000000000011_0,17.509221586370188,317.0,0.8148276510451704,BS032,0.0,2024-01-01,2.7338002,2023-01-01,292.3442389919333,284.2521539139421,"{""geodesic"":false,""type"":""Point"",""coordinates"":[-121.3379157930551,35.797908987927144]}"
17_00000000000000000012_0,68.75867439538065,648.0,0.7535790904053091,BS034,0.0,2024-01-01,2.6421824,2023-01-01,292.3442389919333,284.2521539139421,"{""geodesic"":false,""type"":""Point"",""coordinates"":[-121.32686651506043,35.800064944609026]}"
17_00000000000000000013_0,19.98759995861132,390.0,0.8030117209378832,BS035,0.0,2024-01-01,2.7338002,2023-01-01,292.3442389919333,284.2521539139421,"{""geodesic"":false,""type"":""Point"",""coordinates"":[-121.31985965584431,35.789824150370066]}"
17_00000000000000000015_0,91.55268033141282,726.0,0.5856766017517561,BS044,0.0,2024-01-01,2.9185047,2023-01-01,291.3457963499304,283.66751487418395,"{""geodesic"":false,""type"":""Point"",""coordinates"":[-121.51712969223695,36.031560793326626]}"
17_00000000000000000016_0,43.003063297670934,517.0,0.7207580232564306,BS045,0.0,2024-01-01,2.9185047,2023-01-01,291.3457963499304,283.66751487418395,"{""geodesic"":false,""type"":""Point"",""coordinates"":[-121.50634990882752,36.02886584747427]}"
17_00000000000000000017_0,89.95181015852464,584.0,0.756520327444758,BS046,0.0,2024-01-01,2.9185047,2023-01-01,291.3457963499304,283.66751487418395,"{""geodesic"":false,""type"":""Point"",""coordinates"":[-121.5047329413161,36.023475955769555]}"
17_00000000000000000018_0,28.108929529505204,690.0,0.7162121098309121,BS047,0.0,2024-01-01,2.831139,2023-01-01,291.3457963499304,283.66751487418395,"{""geodesic"":false,""type"":""Point"",""coordinates"":[-121.49988203878186,36.02805736371856]}"
17_00000000000000000019_0,59.38210000806588,527.0,0.8064558618344315,BS048,0.0,2024-01-01,2.831139,2023-01-01,291.3457963499304,283.66751487418395,"{""geodesic"":false,""type"":""Point"",""coordinates"":[-121.4904497282986,36.02859635288903]}"
17_0000000000000000001a_0,57.15963999341186,721.0,0.7385903979369857,BS050,0.0,2024-01-01,2.831139,2023-01-01,291.3457963499304,283.66751487418395,"{""geodesic"":false,""type"":""Point"",""coordinates"":[-121.47966994488917,36.03290826625281]}"
17_0000000000000000001b_0,64.46570511142659,575.0,0.776720871822544,BS052,0.0,2024-01-01,2.9185047,2023-01-01,291.3457963499304,283.66751487418395,"{""geodesic"":false,""type"":""Point"",""coordinates"":[-121.50122951170803,36.01323516153059]}"
17_0000000000000000001c_0,94.80876033202759,380.0,0.7849523547629448,BS053,0.0,2024-01-01,2.9185047,2023-01-01,291.3457963499304,283.66751487418395,"{""geodesic"":false,""type"":""Point"",""coordinates"":[-121.50661940341276,36.01242667777488]}"
17_0000000000000000001d_0,67.3874709730735,573.0,0.7322274896224658,BS054,0.0,2024-01-01,2.7338002,2023-01-01,292.3442389919333,284.2521539139421,"{""geodesic"":false,""type"":""Point"",""coordinates"":[-121.31339178579864,35.78685970993247]}"
17_0000000000000000001e_0,61.1338543786901,599.0,0.6285392497128113,BS057,0.0,2024-01-01,2.9185047,2023-01-01,291.3457963499304,283.66751487418395,"{""geodesic"":false,""type"":""Point"",""coordinates"":[-121.51173980053224,36.029135342059504]}"
17_0000000000000000001f_0,58.81240929526749,767.0,0.735826654397454,BS058,0.0,2024-01-01,3.061224,2023-01-01,290.62973741505243,282.79316544206176,"{""geodesic"":false,""type"":""Point"",""coordinates"":[-121.54677409661289,36.06012721936163]}"
17_00000000000000000020_0,33.97139631203005,661.0,0.7223686028890669,BS059,0.0,2024-01-01,3.061224,2023-01-01,290.62973741505243,282.79316544206176,"{""geodesic"":false,""type"":""Point"",""coordinates"":[-121.54650460202767,36.056623789753566]}"
17_00000000000000000021_0,41.356725955997035,646.0,0.6801848018174675,BS060,0.0,2024-01-01,3.061224,2023-01-01,290.62973741505243,282.79316544206176,"{""geodesic"":false,""type"":""Point"",""coordinates"":[-121.5438096561753,36.05258137097503]}"
17_00000000000000000022_0,28.377459423002904,612.0,0.6697265330505225,BS062,0.0,2024-01-01,2.9185047,2023-01-01,291.3457963499304,283.66751487418395,"{""geodesic"":false,""type"":""Point"",""coordinates"":[-121.54973853705049,36.03398624459375]}"
17_00000000000000000023_0,18.768363957027567,651.0,0.7985699826861388,BS063,0.0,2024-01-01,2.9185047,2023-01-01,291.3457963499304,283.66751487418395,"{""geodesic"":false,""type"":""Point"",""coordinates"":[-121.53788077530011,36.035603212105165]}"
17_00000000000000000024_0,59.118703586657226,746.0,0.6650463010238192,BS066,0.0,2024-01-01,2.9185047,2023-01-01,291.3457963499304,283.66751487418395,"{""geodesic"":false,""type"":""Point"",""coordinates"":[-121.53356886193635,36.03722017961658]}"
17_00000000000000000026_0,34.387462765290394,705.0,0.6619207377395148,BS071,0.0,2024-01-01,2.9185047,2023-01-01,291.3457963499304,283.66751487418395,"{""geodesic"":false,""type"":""Point"",""coordinates"":[-121.54515712910148,36.037759168787055]}"
17_00000000000000000029_0,51.626143875473964,581.0,0.7924773398853134,BS076,0.0,2024-01-01,3.055128,2023-01-01,289.14163467198205,282.3223570105148,"{""geodesic"":false,""type"":""Point"",""coordinates"":[-121.8219280681387,36.361961154825785]}"
17_0000000000000000002a_0,28.991665234249492,607.0,0.7985063608947103,BS077,0.0,2024-01-01,3.055128,2023-01-01,289.14163467198205,282.3223570105148,"{""geodesic"":false,""type"":""Point"",""coordinates"":[-121.81896362770111,36.35926620897343]}"
17_0000000000000000002b_0,45.10247610261616,626.0,0.8160170975343117,BS078,0.0,2024-01-01,3.055128,2023-01-01,289.14163467198205,282.3223570105148,"{""geodesic"":false,""type"":""Point"",""coordinates"":[-121.81599918726351,36.35549328478013]}"
17_0000000000000000002c_0,21.671568509566736,745.0,0.8216347321383145,BS079,0.0,2024-01-01,3.055128,2023-01-01,289.14163467198205,282.3223570105148,"{""geodesic"":false,""type"":""Point"",""coordinates"":[-121.81249575765546,36.35953570355866]}"
17_0000000000000000002d_0,38.64399652458939,867.0,0.8162177204928304,BS080,0.0,2024-01-01,3.055128,2023-01-01,289.14163467198205,282.3223570105148,"{""geodesic"":false,""type"":""Point"",""coordinates"":[-121.80441092009838,36.36061368189961]}"
17_0000000000000000002e_0,35.375422566319706,316.0,0.8460694936912083,BS081,0.0,2024-01-01,3.055128,2023-01-01,289.14163467198205,282.3223570105148,"{""geodesic"":false,""type"":""Point"",""coordinates"":[-121.84429611871329,36.37193245447951]}"
17_00000000000000000034_0,19.737199775513258,1009.0,0.7272885429022132,BS088,0.0,2024-01-01,2.7712934,2023-01-01,289.14163467198205,282.3223570105148,"{""geodesic"":false,""type"":""Point"",""coordinates"":[-121.7963260825413,36.3598051981439]}"
17_00000000000000000035_0,39.49928766629929,1058.0,0.6921739604265994,BS089,0.0,2024-01-01,2.7712934,2023-01-01,289.14163467198205,282.3223570105148,"{""geodesic"":false,""type"":""Point"",""coordinates"":[-121.7963260825413,36.3665425627748]}"
17_00000000000000000036_0,34.66033161305999,952.0,0.6740074897257212,BS090,0.0,2024-01-01,2.7712934,2023-01-01,289.14163467198205,282.3223570105148,"{""geodesic"":false,""type"":""Point"",""coordinates"":[-121.79659557712654,36.37085447613857]}"
17_00000000000000000037_0,53.61729121685684,929.0,0.7870470815927151,BS092,0.0,2024-01-01,3.055128,2023-01-01,289.14163467198205,282.3223570105148,"{""geodesic"":false,""type"":""Point"",""coordinates"":[-121.80414142551314,36.37489689491711]}"
17_00000000000000000038_0,61.62248491360176,785.0,0.7467542058558192,BS094,0.0,2024-01-01,2.1513448,2023-01-01,288.88989884886024,283.476172293049,"{""geodesic"":false,""type"":""Point"",""coordinates"":[-121.87259305016305,36.45817072175499]}"
17_0000000000000000003a_0,71.59643436253207,521.0,0.7730021939475007,BS102,0.0,2024-01-01,3.055128,2023-01-01,289.14163467198205,282.3223570105148,"{""geodesic"":false,""type"":""Point"",""coordinates"":[-121.84240965661662,36.38055628120706]}"
17_0000000000000000003b_0,28.381671631483737,504.0,0.8155448566764649,BS103,0.0,2024-01-01,3.055128,2023-01-01,289.14163467198205,282.3223570105148,"{""geodesic"":false,""type"":""Point"",""coordinates"":[-121.84483510788375,36.378939313695646]}"
17_0000000000000000003d_0,87.18008285015274,889.0,0.6823876283647431,BS112,0.0,2024-01-01,2.75631,2023-01-01,289.14163467198205,282.3223570105148,"{""geodesic"":false,""type"":""Point"",""coordinates"":[-121.8429486457871,36.41774653396961]}"
17_00000000000000000040_0,73.42872014557896,932.0,0.6180072445357461,BS121,0.0,2024-01-01,2.75631,2023-01-01,289.14163467198205,282.3223570105148,"{""geodesic"":false,""type"":""Point"",""coordinates"":[-121.83944521617903,36.42178895274815]}"
17_00000000000000000041_0,51.40160973977624,766.0,0.845409058243883,BS122,0.0,2024-01-01,2.75631,2023-01-01,289.14163467198205,282.3223570105148,"{""geodesic"":false,""type"":""Point"",""coordinates"":[-121.84429611871329,36.423944909430034]}"
17_00000000000000000042_0,65.08050467104553,338.0,0.8283410710652171,BS123,0.0,2024-01-01,2.1513448,2023-01-01,288.88989884886024,283.476172293049,"{""geodesic"":false,""type"":""Point"",""coordinates"":[-121.89415261698191,36.48107776150004]}"
17_00000000000000000043_0,41.57929194156764,376.0,0.8284248149959507,BS124,0.0,2024-01-01,2.1513448,2023-01-01,288.88989884886024,283.476172293049,"{""geodesic"":false,""type"":""Point"",""coordinates"":[-121.89011019820337,36.47838281564768]}"
17_00000000000000000044_0,40.04829668189367,408.0,0.852262325398483,BS125,0.0,2024-01-01,2.1513448,2023-01-01,288.88989884886024,283.476172293049,"{""geodesic"":false,""type"":""Point"",""coordinates"":[-121.88633727401007,36.4808082669148]}"
17_00000000000000000045_0,55.51412511830815,311.0,0.8128098359833987,BS126,0.0,2024-01-01,2.1513448,2023-01-01,288.88989884886024,283.476172293049,"{""geodesic"":false,""type"":""Point"",""coordinates"":[-121.88013889854965,36.484311696522866]}"
17_00000000000000000046_0,32.21281411417466,393.0,0.8591594365778219,BS128,0.0,2024-01-01,2.1513448,2023-01-01,288.88989884886024,283.476172293049,"{""geodesic"":false,""type"":""Point"",""coordinates"":[-121.87367102850399,36.477843826477205]}"
17_00000000000000000047_0,52.33295135507084,351.0,0.7976771197315741,BS129,0.0,2024-01-01,2.1513448,2023-01-01,288.88989884886024,283.476172293049,"{""geodesic"":false,""type"":""Point"",""coordinates"":[-121.88741525235102,36.49077956656853]}"
17_00000000000000000048_0,25.174018413041285,242.0,0.8317166710114421,BS130,0.0,2024-01-01,2.1513448,2023-01-01,288.88989884886024,283.476172293049,"{""geodesic"":false,""type"":""Point"",""coordinates"":[-121.88391182274296,36.49563046910277]}"
17_00000000000000000049_0,58.7375310186414,250.0,0.8594631273362828,BS131,0.0,2024-01-01,1.7483696,2023-01-01,288.88989884886024,283.476172293049,"{""geodesic"":false,""type"":""Point"",""coordinates"":[-121.88121687689059,36.500750866222255]}"
17_0000000000000000004e_0,41.00999820764198,306.0,0.8593755544957516,BS137,0.0,2024-01-01,3.5239904,2023-01-01,289.02719542620935,284.0548698529805,"{""geodesic"":false,""type"":""Point"",""coordinates"":[-121.87555749060064,36.347947436393525]}"
17_0000000000000000004f_0,25.27433413642453,306.0,0.8206145569484321,BS138,0.0,2024-01-01,2.1513448,2023-01-01,288.88989884886024,283.476172293049,"{""geodesic"":false,""type"":""Point"",""coordinates"":[-121.86369972885026,36.49643895285848]}"
17_00000000000000000050_0,30.40409400533531,301.0,0.7815729422807952,BS139,0.0,2024-01-01,2.1513448,2023-01-01,288.88989884886024,283.476172293049,"{""geodesic"":false,""type"":""Point"",""coordinates"":[-121.86289124509456,36.49104906115377]}"
17_00000000000000000051_0,51.94027973443332,333.0,0.846065486561805,BS140,0.0,2024-01-01,2.1513448,2023-01-01,288.88989884886024,283.476172293049,"{""geodesic"":false,""type"":""Point"",""coordinates"":[-121.86720315845832,36.482425234426216]}"
17_00000000000000000052_0,63.94905928125784,297.0,0.812690393909917,BS141,0.0,2024-01-01,2.1513448,2023-01-01,288.88989884886024,283.476172293049,"{""geodesic"":false,""type"":""Point"",""coordinates"":[-121.86100478299791,36.48296422359669]}"
17_00000000000000000053_0,25.304385398243728,503.0,0.76959739576736,BS144,0.0,2024-01-01,2.270588,2023-01-01,289.6289143601509,282.5427649093001,"{""geodesic"":false,""type"":""Point"",""coordinates"":[-121.81761615477494,36.46841151599395]}"
17_00000000000000000054_0,65.60748488307576,722.0,0.7654244724374294,BS146,0.0,2024-01-01,2.1513448,2023-01-01,288.88989884886024,283.476172293049,"{""geodesic"":false,""type"":""Point"",""coordinates"":[-121.87313203933351,36.46302162428923]}"
17_00000000000000000055_0,75.44584468260119,435.0,0.8257846942056096,BS147,0.0,2024-01-01,2.1513448,2023-01-01,288.88989884886024,283.476172293049,"{""geodesic"":false,""type"":""Point"",""coordinates"":[-121.88687626318055,36.47083696726107]}"
17_00000000000000000056_0,61.80103523248213,880.0,0.7413178908861956,BS148,0.0,2024-01-01,2.1513448,2023-01-01,288.88989884886024,283.476172293049,"{""geodesic"":false,""type"":""Point"",""coordinates"":[-121.87124557723686,36.453050324635505]}"
17_00000000000000000057_0,78.59653261002387,767.0,0.6209696668969161,BS149,0.0,2024-01-01,2.1513448,2023-01-01,288.88989884886024,283.476172293049,"{""geodesic"":false,""type"":""Point"",""coordinates"":[-121.87690496352683,36.45251133546503]}"
17_00000000000000000059_0,61.82755441661104,513.0,0.8453562985198987,BS151,0.0,2024-01-01,2.1513448,2023-01-01,288.88989884886024,283.476172293049,"{""geodesic"":false,""type"":""Point"",""coordinates"":[-121.85130297792941,36.46248263511876]}"
17_0000000000000000005a_0,69.81989695545685,436.0,0.823293670760291,BS152,0.0,2024-01-01,2.1513448,2023-01-01,288.88989884886024,283.476172293049,"{""geodesic"":false,""type"":""Point"",""coordinates"":[-121.85184196709989,36.46706404306777]}"
17_0000000000000000005b_0,38.92045418787526,440.0,0.8196664449639205,BS156,0.0,2024-01-01,3.712084,2023-01-01,289.3503200165213,282.96914718836956,"{""geodesic"":false,""type"":""Point"",""coordinates"":[-121.80306344717219,36.30725375402291]}"
17_0000000000000000005c_0,75.61798465961161,369.0,0.8079437398910383,BS157,0.0,2024-01-01,3.712084,2023-01-01,289.3503200165213,282.96914718836956,"{""geodesic"":false,""type"":""Point"",""coordinates"":[-121.80737536053597,36.30375032441484]}"
17_0000000000000000005d_0,23.845361796995608,649.0,0.742155030449157,BS158,0.0,2024-01-01,3.055128,2023-01-01,289.14163467198205,282.3223570105148,"{""geodesic"":false,""type"":""Point"",""coordinates"":[-121.8143822197521,36.35118137141635]}"
17_0000000000000000005e_0,34.41080003454831,294.0,0.8379983595468911,BS159,0.0,2024-01-01,3.712084,2023-01-01,289.3503200165213,282.96914718836956,"{""geodesic"":false,""type"":""Point"",""coordinates"":[-121.80225496341649,36.34067108259215]}"
17_0000000000000000005f_0,18.95265877372334,409.0,0.8175005339701253,BS160,0.0,2024-01-01,3.5078855,2023-01-01,289.3503200165213,282.96914718836956,"{""geodesic"":false,""type"":""Point"",""coordinates"":[-121.79821254463795,36.32935231001225]}"
17_00000000000000000060_0,17.23120778488249,1125.0,0.637741968288014,BS161,0.0,2024-01-01,3.0247226,2023-01-01,289.5252515400926,281.93710306245987,"{""geodesic"":false,""type"":""Point"",""coordinates"":[-121.71305225570342,36.3350116963022]}"
17_00000000000000000061_0,43.03583226481737,1102.0,0.7096595647499857,BS162,0.0,2024-01-01,3.0247226,2023-01-01,289.5252515400926,281.93710306245987,"{""geodesic"":false,""type"":""Point"",""coordinates"":[-121.71601669614101,36.34013209342169]}"
17_00000000000000000062_0,21.836898174875,1175.0,0.5917548066772914,BS163,0.0,2024-01-01,3.0247226,2023-01-01,289.5252515400926,281.93710306245987,"{""geodesic"":false,""type"":""Point"",""coordinates"":[-121.71952012574909,36.3455219851264]}"
17_00000000000000000063_0,24.683057534829057,327.0,0.8403525186483197,BS165,0.0,2024-01-01,3.5078855,2023-01-01,289.3503200165213,282.96914718836956,"{""geodesic"":false,""type"":""Point"",""coordinates"":[-121.79201416917752,36.32584888040418]}"
17_00000000000000000064_0,54.08312190972791,373.0,0.8061847142131687,BS166,0.0,2024-01-01,3.5078855,2023-01-01,289.3503200165213,282.96914718836956,"{""geodesic"":false,""type"":""Point"",""coordinates"":[-121.79228366376276,36.32935231001225]}"
17_00000000000000000065_0,43.4032463752845,437.0,0.8131718006365544,BS167,0.0,2024-01-01,3.5078855,2023-01-01,289.3503200165213,282.96914718836956,"{""geodesic"":false,""type"":""Point"",""coordinates"":[-121.79066669625135,36.320997977869936]}"
17_00000000000000000066_0,78.61143338280127,346.0,0.8027860069270308,BS168,0.0,2024-01-01,3.5078855,2023-01-01,289.3503200165213,282.96914718836956,"{""geodesic"":false,""type"":""Point"",""coordinates"":[-121.78446832079092,36.32477090206324]}"
17_00000000000000000067_0,19.705181647481602,1111.0,0.46134099145639024,BS172,0.0,2024-01-01,2.5010247,2023-01-01,289.7596116575476,280.6486821422838,"{""geodesic"":false,""type"":""Point"",""coordinates"":[-121.7429661546646,36.361961154825785]}"
17_00000000000000000068_0,16.82015690016132,522.0,0.748405392534769,BS175,0.0,2024-01-01,3.712084,2023-01-01,289.3503200165213,282.96914718836956,"{""geodesic"":false,""type"":""Point"",""coordinates"":[-121.80117698507554,36.314799602409515]}"
17_00000000000000000069_0,23.255005021584363,533.0,0.7412922616727157,BS176,0.0,2024-01-01,3.5078855,2023-01-01,289.3503200165213,282.96914718836956,"{""geodesic"":false,""type"":""Point"",""coordinates"":[-121.79147518000705,36.30967920529003]}"
17_0000000000000000006a_0,58.92442571377527,577.0,0.8209415188942001,BS177,0.0,2024-01-01,3.5078855,2023-01-01,289.3503200165213,282.96914718836956,"{""geodesic"":false,""type"":""Point"",""coordinates"":[-121.79012770708087,36.30698425943768]}"
17_0000000000000000006b_0,56.98944392913208,231.0,0.8476985438793627,BS186,0.0,2024-01-01,4.3183336,2023-01-01,289.3503200165213,282.96914718836956,"{""geodesic"":false,""type"":""Point"",""coordinates"":[-121.82731795984343,36.268985522919415]}"
17_0000000000000000006c_0,32.17306037645755,123.0,0.8224217262893162,BS187,0.0,2024-01-01,4.3183336,2023-01-01,289.3503200165213,282.96914718836956,"{""geodesic"":false,""type"":""Point"",""coordinates"":[-121.82731795984343,36.28111277925503]}"
17_0000000000000000006d_0,22.3847733655209,275.0,0.8713645304487105,BS188,0.0,2024-01-01,4.3183336,2023-01-01,289.3503200165213,282.96914718836956,"{""geodesic"":false,""type"":""Point"",""coordinates"":[-121.82300604647965,36.26413462038517]}"
17_0000000000000000006e_0,50.72577029047293,109.0,0.8026954738541483,BS190,0.0,2024-01-01,4.3183336,2023-01-01,289.3503200165213,282.96914718836956,"{""geodesic"":false,""type"":""Point"",""coordinates"":[-121.83297734613338,36.285963681789276]}"
17_0000000000000000006f_0,49.46721723524722,422.0,0.8448882414157634,BS193,0.0,2024-01-01,4.3183336,2023-01-01,289.3503200165213,282.96914718836956,"{""geodesic"":false,""type"":""Point"",""coordinates"":[-121.82839593818437,36.2988994218806]}"
17_00000000000000000070_0,67.23568736909192,437.0,0.8213895825224964,BS194,0.0,2024-01-01,4.3183336,2023-01-01,289.3503200165213,282.96914718836956,"{""geodesic"":false,""type"":""Point"",""coordinates"":[-121.82408402482059,36.29674346519871]}"
17_00000000000000000071_0,74.70163350497074,590.0,0.5816912388822612,BS195,0.0,2024-01-01,4.3183336,2023-01-01,289.3503200165213,282.96914718836956,"{""geodesic"":false,""type"":""Point"",""coordinates"":[-121.81249575765546,36.2951264976873]}"
17_00000000000000000072_0,76.76773995111559,661.0,0.6740532951144739,BS196,0.0,2024-01-01,4.3183336,2023-01-01,289.3503200165213,282.96914718836956,"{""geodesic"":false,""type"":""Point"",""coordinates"":[-121.80926182263262,36.29135357349399]}"
17_00000000000000000073_0,20.059807181848853,790.0,0.5940519459736382,BS201,0.0,2024-01-01,3.055128,2023-01-01,289.14163467198205,282.3223570105148,"{""geodesic"":false,""type"":""Point"",""coordinates"":[-121.82650947608772,36.353606822683474]}"
17_00000000000000000074_0,16.497478026907164,787.0,0.5719301015975038,BS202,0.0,2024-01-01,3.055128,2023-01-01,289.14163467198205,282.3223570105148,"{""geodesic"":false,""type"":""Point"",""coordinates"":[-121.83567229198573,36.35333732809824]}"
17_00000000000000000075_0,44.19383554000121,795.0,0.7749164644317977,BS203,0.0,2024-01-01,3.055128,2023-01-01,289.14163467198205,282.3223570105148,"{""geodesic"":false,""type"":""Point"",""coordinates"":[-121.83675027032668,36.35791873604725]}"
17_00000000000000000076_0,37.54160101749027,794.0,0.8112571684894253,BS204,0.0,2024-01-01,3.055128,2023-01-01,289.14163467198205,282.3223570105148,"{""geodesic"":false,""type"":""Point"",""coordinates"":[-121.84240965661662,36.358188230632486]}"
17_00000000000000000077_0,20.59077743974692,98.0,0.8468784203658811,BS205,0.0,2024-01-01,4.3183336,2023-01-01,289.3503200165213,282.96914718836956,"{""geodesic"":false,""type"":""Point"",""coordinates"":[-121.81195676848498,36.27006350126036]}"
17_00000000000000000078_0,48.1524656958745,335.0,0.8255256435779892,BS207,0.0,2024-01-01,4.3183336,2023-01-01,289.3503200165213,282.96914718836956,"{""geodesic"":false,""type"":""Point"",""coordinates"":[-121.80252445800173,36.25712776116904]}"
17_00000000000000000080_0,64.27254403598664,375.0,0.765838641515676,BS223,0.0,2024-01-01,3.6717818,2023-01-01,289.5252515400926,281.93710306245987,"{""geodesic"":false,""type"":""Point"",""coordinates"":[-121.74916453012503,36.250390396538144]}"
17_00000000000000000081_0,63.18380482962555,457.0,0.8392037330292882,BS224,0.0,2024-01-01,3.6717818,2023-01-01,289.5252515400926,281.93710306245987,"{""geodesic"":false,""type"":""Point"",""coordinates"":[-121.73973221964177,36.25389382614621]}"
17_00000000000000000082_0,56.68435794431728,497.0,0.8523777112335015,BS226,0.0,2024-01-01,4.0003867,2023-01-01,289.7197508511478,283.40221837710027,"{""geodesic"":false,""type"":""Point"",""coordinates"":[-121.73595929544847,36.24958191278244]}"
17_00000000000000000083_0,63.22804994578018,517.0,0.7794633092797562,BS228,0.0,2024-01-01,4.0003867,2023-01-01,289.7197508511478,283.40221837710027,"{""geodesic"":false,""type"":""Point"",""coordinates"":[-121.72733546872092,36.24580898858913]}"
17_00000000000000000084_0,65.56535075620474,742.0,0.7903438177469284,BS229,0.0,2024-01-01,4.0003867,2023-01-01,289.7197508511478,283.40221837710027,"{""geodesic"":false,""type"":""Point"",""coordinates"":[-121.7286829416471,36.23637667810588]}"
17_00000000000000000085_0,35.15533025786402,563.0,0.7639639374376003,BS230,0.0,2024-01-01,4.0003867,2023-01-01,289.7197508511478,283.40221837710027,"{""geodesic"":false,""type"":""Point"",""coordinates"":[-121.72059810409003,36.24149707522536]}"
17_00000000000000000086_0,62.3346456854294,723.0,0.7169083319007458,BS232,0.0,2024-01-01,4.0003867,2023-01-01,289.7197508511478,283.40221837710027,"{""geodesic"":false,""type"":""Point"",""coordinates"":[-121.74620008968743,36.23961061312871]}"
17_00000000000000000087_0,78.33474659355046,709.0,0.7765196340703567,BS233,0.0,2024-01-01,4.0003867,2023-01-01,289.7197508511478,283.40221837710027,"{""geodesic"":false,""type"":""Point"",""coordinates"":[-121.74512211134649,36.2312562809864]}"
17_0000000000000000008b_0,72.11445720290273,325.0,0.835151816967039,BS240,0.0,2024-01-01,4.0003867,2023-01-01,289.7197508511478,283.40221837710027,"{""geodesic"":false,""type"":""Point"",""coordinates"":[-121.71844214740814,36.24796494527102]}"
17_0000000000000000008c_0,69.51827334837235,376.0,0.8050725192162921,BS241,0.0,2024-01-01,4.0003867,2023-01-01,289.7197508511478,283.40221837710027,"{""geodesic"":false,""type"":""Point"",""coordinates"":[-121.71332175028866,36.24607848317437]}"
17_0000000000000000008d_0,36.2251214464003,442.0,0.8623683114515605,BS242,0.0,2024-01-01,4.0003867,2023-01-01,289.7197508511478,283.40221837710027,"{""geodesic"":false,""type"":""Point"",""coordinates"":[-121.70173348312352,36.24715646151531]}"
17_0000000000000000008e_0,69.59210859887942,451.0,0.8143051379026048,BS243,0.0,2024-01-01,3.6611304,2023-01-01,289.7197508511478,283.40221837710027,"{""geodesic"":false,""type"":""Point"",""coordinates"":[-121.6941876347369,36.248503934441494]}"
17_0000000000000000008f_0,33.18978716770692,394.0,0.8138826267848717,BS244,0.0,2024-01-01,3.302928,2023-01-01,289.5252515400926,281.93710306245987,"{""geodesic"":false,""type"":""Point"",""coordinates"":[-121.68771976469125,36.25200736404956]}"
17_00000000000000000090_0,72.51013470830388,459.0,0.7378007140592202,BS245,0.0,2024-01-01,3.6611304,2023-01-01,289.7197508511478,283.40221837710027,"{""geodesic"":false,""type"":""Point"",""coordinates"":[-121.68125189464558,36.2493124181972]}"
17_00000000000000000091_0,22.642137026965955,528.0,0.6969828428418811,BS246,0.0,2024-01-01,3.302928,2023-01-01,289.5252515400926,281.93710306245987,"{""geodesic"":false,""type"":""Point"",""coordinates"":[-121.67720947586704,36.250390396538144]}"
17_00000000000000000092_0,19.41921872259449,604.0,0.8112028224647951,BS247,0.0,2024-01-01,3.302928,2023-01-01,289.5252515400926,281.93710306245987,"{""geodesic"":false,""type"":""Point"",""coordinates"":[-121.67074160582139,36.2560497828281]}"
17_00000000000000000093_0,43.75698003115755,692.0,0.692328253919969,BS248,0.0,2024-01-01,3.6611304,2023-01-01,289.7197508511478,283.40221837710027,"{""geodesic"":false,""type"":""Point"",""coordinates"":[-121.65942283324148,36.248503934441494]}"
17_00000000000000000094_0,18.972127782788814,580.0,0.8343358659038679,BS249,0.0,2024-01-01,3.6611304,2023-01-01,289.7197508511478,283.40221837710027,"{""geodesic"":false,""type"":""Point"",""coordinates"":[-121.65349395236629,36.248503934441494]}"
17_00000000000000000095_0,21.39550362620003,827.0,0.7725662284303375,BS251,0.0,2024-01-01,4.0003867,2023-01-01,289.7197508511478,283.40221837710027,"{""geodesic"":false,""type"":""Point"",""coordinates"":[-121.73191687666993,36.23044779723069]}"
17_00000000000000000096_0,18.836455478084456,888.0,0.8433093949041973,BS253,0.0,2024-01-01,4.0003867,2023-01-01,289.7197508511478,283.40221837710027,"{""geodesic"":false,""type"":""Point"",""coordinates"":[-121.71763366365244,36.22020700299173]}"
17_00000000000000000097_0,42.315255167620265,901.0,0.8580221858694711,BS254,0.0,2024-01-01,4.0003867,2023-01-01,289.7197508511478,283.40221837710027,"{""geodesic"":false,""type"":""Point"",""coordinates"":[-121.71170478277725,36.219937508406495]}"
17_00000000000000000098_0,58.58749250243985,1127.0,0.7590848071881114,BS257,0.0,2024-01-01,3.6611304,2023-01-01,289.7197508511478,283.40221837710027,"{""geodesic"":false,""type"":""Point"",""coordinates"":[-121.67936543254893,36.20969671416753]}"
17_00000000000000000099_0,26.16659980583825,122.0,0.7562793221206573,BS259,0.0,2024-01-01,4.189265,2023-01-01,289.3503200165213,282.96914718836956,"{""geodesic"":false,""type"":""Point"",""coordinates"":[-121.79875153380843,36.26629057706706]}"
17_0000000000000000009a_0,27.993690044847344,256.0,0.8385348990563486,BS260,0.0,2024-01-01,4.3183336,2023-01-01,289.3503200165213,282.96914718836956,"{""geodesic"":false,""type"":""Point"",""coordinates"":[-121.80521940385408,36.260900685362344]}"
17_0000000000000000009b_0,31.765362048486818,539.0,0.7579610684335507,BS262,0.0,2024-01-01,4.0003867,2023-01-01,289.7197508511478,283.40221837710027,"{""geodesic"":false,""type"":""Point"",""coordinates"":[-121.71978962033431,36.23718516186159]}"
17_0000000000000000009c_0,19.998314562171746,209.0,0.8295217074192932,BS265,0.0,2024-01-01,4.3183336,2023-01-01,289.3503200165213,282.96914718836956,"{""geodesic"":false,""type"":""Point"",""coordinates"":[-121.81707716560446,36.25012090195291]}"
17_0000000000000000009e_0,14.556927172435737,854.0,0.6567286930298785,BS271,0.0,2024-01-01,4.0003867,2023-01-01,289.7197508511478,283.40221837710027,"{""geodesic"":false,""type"":""Point"",""coordinates"":[-121.71224377194771,36.213200143775595]}"
17_0000000000000000009f_0,30.041503142864055,635.0,0.7508801787073992,BS272,0.0,2024-01-01,4.0003867,2023-01-01,289.7197508511478,283.40221837710027,"{""geodesic"":false,""type"":""Point"",""coordinates"":[-121.7001165156121,36.20134238202522]}"
17_000000000000000000a0_0,14.108966554125958,765.0,0.8302030909697521,BS273,0.0,2024-01-01,3.6611304,2023-01-01,289.7197508511478,283.40221837710027,"{""geodesic"":false,""type"":""Point"",""coordinates"":[-121.69472662390739,36.205384800803756]}"
17_000000000000000000a1_0,26.78844968855481,1154.0,0.4761705438234307,BS274,0.0,2024-01-01,3.8918226,2023-01-01,289.7197508511478,283.40221837710027,"{""geodesic"":false,""type"":""Point"",""coordinates"":[-121.65645839280388,36.18975411486008]}"
17_000000000000000000a2_0,86.05299053093674,385.0,0.8328732296049792,BS276,0.0,2024-01-01,3.8918226,2023-01-01,289.7197508511478,283.40221837710027,"{""geodesic"":false,""type"":""Point"",""coordinates"":[-121.68610279717983,36.180321804376824]}"
17_000000000000000000a3_0,61.689711422491634,271.0,0.8007419226172549,BS277,0.0,2024-01-01,3.8918226,2023-01-01,289.7197508511478,283.40221837710027,"{""geodesic"":false,""type"":""Point"",""coordinates"":[-121.66616019787239,36.16630808594456]}"
17_000000000000000000a8_0,37.605246576189934,617.0,0.8422846479025733,BS283,0.0,2024-01-01,3.8918226,2023-01-01,289.7197508511478,283.40221837710027,"{""geodesic"":false,""type"":""Point"",""coordinates"":[-121.68044341088988,36.180052309791584]}"
17_000000000000000000a9_0,100.59364468063734,987.0,0.6540948734751261,BS287,0.0,2024-01-01,3.5475404,2023-01-01,289.92080755364407,282.30355567409566,"{""geodesic"":false,""type"":""Point"",""coordinates"":[-121.61010532414332,36.15013841083041]}"
17_000000000000000000aa_0,52.403120773900895,400.0,0.788073352191314,BS292,0.0,2024-01-01,2.1513448,2023-01-01,288.88989884886024,283.476172293049,"{""geodesic"":false,""type"":""Point"",""coordinates"":[-121.85157247251465,36.48916259905711]}"
17_000000000000000000ab_0,33.8217645931713,307.0,0.8685276030473993,BS293,0.0,2024-01-01,2.1513448,2023-01-01,288.88989884886024,283.476172293049,"{""geodesic"":false,""type"":""Point"",""coordinates"":[-121.8534589346113,36.47919129940339]}"
17_000000000000000000ac_0,49.750884779558355,489.0,0.7989780238218964,BS294,0.0,2024-01-01,2.1513448,2023-01-01,288.88989884886024,283.476172293049,"{""geodesic"":false,""type"":""Point"",""coordinates"":[-121.8572318588046,36.46059617302211]}"
17_000000000000000000ad_0,84.31441826665788,205.0,0.7876407803913236,BS295,0.0,2024-01-01,2.7729378,2023-01-01,291.3457963499304,283.66751487418395,"{""geodesic"":false,""type"":""Point"",""coordinates"":[-121.49098871746908,35.99464003514932]}"
17_000000000000000000ae_0,40.47926636421343,616.0,0.7841581218418824,BS296,0.0,2024-01-01,2.831139,2023-01-01,291.3457963499304,283.66751487418395,"{""geodesic"":false,""type"":""Point"",""coordinates"":[-121.47077662357638,36.00299436729163]}"
17_000000000000000000af_0,54.99718839609049,626.0,0.6517045644856903,BS297,0.0,2024-01-01,2.831139,2023-01-01,291.3457963499304,283.66751487418395,"{""geodesic"":false,""type"":""Point"",""coordinates"":[-121.45622391597365,36.00110790519498]}"
17_000000000000000000b0_0,79.82792133001071,223.0,0.8025616399964359,BS299,0.0,2024-01-01,2.7729378,2023-01-01,291.3457963499304,283.66751487418395,"{""geodesic"":false,""type"":""Point"",""coordinates"":[-121.47454954776968,35.99140610012648]}"
17_000000000000000000b1_0,73.83347792382587,530.0,0.7067833216512849,BS301,0.0,2024-01-01,2.7729378,2023-01-01,291.3457963499304,283.66751487418395,"{""geodesic"":false,""type"":""Point"",""coordinates"":[-121.46969864523544,35.98682469217748]}"
17_000000000000000000b2_0,81.4795856603378,675.0,0.7230653772112956,BS303,0.0,2024-01-01,2.7729378,2023-01-01,291.3457963499304,283.66751487418395,"{""geodesic"":false,""type"":""Point"",""coordinates"":[-121.46592572104214,35.981704295057995]}"
17_000000000000000000b3_0,77.24789392639944,861.0,0.7205382073977724,BS304,0.0,2024-01-01,2.7729378,2023-01-01,291.3457963499304,283.66751487418395,"{""geodesic"":false,""type"":""Point"",""coordinates"":[-121.454337453877,35.97604490876804]}"
17_000000000000000000b4_0,25.725572966106366,918.0,0.6902021630052908,BS306,0.0,2024-01-01,2.6711822,2023-01-01,291.9176101893595,283.1635677807952,"{""geodesic"":false,""type"":""Point"",""coordinates"":[-121.43412535998431,35.98224328422847]}"
17_000000000000000000b5_0,46.72790205073677,639.0,0.6783942958844756,BS309,0.0,2024-01-01,2.7729378,2023-01-01,291.3457963499304,283.66751487418395,"{""geodesic"":false,""type"":""Point"",""coordinates"":[-121.45110351885417,35.98682469217748]}"
17_000000000000000000b6_0,52.24745172646881,528.0,0.7289285953502919,BS310,0.0,2024-01-01,2.7729378,2023-01-01,291.3457963499304,283.66751487418395,"{""geodesic"":false,""type"":""Point"",""coordinates"":[-121.47401055859922,35.98143480047276]}"
17_000000000000000000b7_0,22.41655084572921,600.0,0.7621101579586046,BS312,0.0,2024-01-01,2.7729378,2023-01-01,291.3457963499304,283.66751487418395,"{""geodesic"":false,""type"":""Point"",""coordinates"":[-121.45784088348506,35.95960573906866]}"
17_000000000000000000b8_0,26.960142144994077,603.0,0.7866573095708488,BS313,0.0,2024-01-01,2.6711822,2023-01-01,291.9176101893595,283.1635677807952,"{""geodesic"":false,""type"":""Point"",""coordinates"":[-121.43547283291049,35.952868374437756]}"
17_000000000000000000b9_0,68.7989700513031,819.0,0.7828030468862242,BS315,0.0,2024-01-01,2.7273023,2023-01-01,291.91305516909244,284.3701904714924,"{""geodesic"":false,""type"":""Point"",""coordinates"":[-121.42819647910912,35.94316656936927]}"
17_000000000000000000ba_0,72.24181103242103,591.0,0.7737386523981611,BS316,0.0,2024-01-01,2.7273023,2023-01-01,291.91305516909244,284.3701904714924,"{""geodesic"":false,""type"":""Point"",""coordinates"":[-121.43978474627426,35.940471623516906]}"
17_000000000000000000bb_0,60.21009551319109,544.0,0.8170585802950089,BS317,0.0,2024-01-01,2.7273023,2023-01-01,291.91305516909244,284.3701904714924,"{""geodesic"":false,""type"":""Point"",""coordinates"":[-121.4446356488085,35.94181909644309]}"
17_000000000000000000bc_0,64.79408694350525,1007.0,0.8076807097582027,BS320,0.0,2024-01-01,2.6711822,2023-01-01,291.9176101893595,283.1635677807952,"{""geodesic"":false,""type"":""Point"",""coordinates"":[-121.42280658740441,35.9501734285854]}"
17_000000000000000000bd_0,20.71129324544048,928.0,0.7782077168367643,BS321,0.0,2024-01-01,2.7273023,2023-01-01,291.91305516909244,284.3701904714924,"{""geodesic"":false,""type"":""Point"",""coordinates"":[-121.42523203867152,35.938046172249784]}"
17_000000000000000000be_0,26.542010793133688,954.0,0.7474461065860529,BS322,0.0,2024-01-01,2.7273023,2023-01-01,291.91305516909244,284.3701904714924,"{""geodesic"":false,""type"":""Point"",""coordinates"":[-121.42900496286482,35.93346476430078]}"
17_000000000000000000bf_0,31.34022853083135,816.0,0.689890138129794,BS323,0.0,2024-01-01,2.7273023,2023-01-01,291.91305516909244,284.3701904714924,"{""geodesic"":false,""type"":""Point"",""coordinates"":[-121.43116091954671,35.923762959232285]}"
17_000000000000000000c0_0,35.96003011868451,766.0,0.7197313982956847,BS324,0.0,2024-01-01,2.7273023,2023-01-01,291.91305516909244,284.3701904714924,"{""geodesic"":false,""type"":""Point"",""coordinates"":[-121.43223889788766,35.9186425621128]}"
17_000000000000000000c1_0,34.99599446331832,730.0,0.8330578071405644,BS326,0.0,2024-01-01,2.7273023,2023-01-01,291.91305516909244,284.3701904714924,"{""geodesic"":false,""type"":""Point"",""coordinates"":[-121.43062193037625,35.913522164993324]}"
17_000000000000000000c2_0,66.04149000712685,449.0,0.7631979216909225,BS328,0.0,2024-01-01,2.6934464,2023-01-01,291.91305516909244,284.3701904714924,"{""geodesic"":false,""type"":""Point"",""coordinates"":[-121.43439485456955,35.89034563066304]}"
17_000000000000000000c3_0,28.693868498885248,602.0,0.7632787578859288,BS330,0.0,2024-01-01,2.6934464,2023-01-01,291.91305516909244,284.3701904714924,"{""geodesic"":false,""type"":""Point"",""coordinates"":[-121.4287354682796,35.88145230935026]}"
17_000000000000000000c4_0,37.43297612021416,758.0,0.8110059071530713,BS331,0.0,2024-01-01,2.6934464,2023-01-01,291.91305516909244,284.3701904714924,"{""geodesic"":false,""type"":""Point"",""coordinates"":[-121.41876416862587,35.88414725520261]}"
17_000000000000000000c5_0,63.23643387851218,835.0,0.8500262434137084,BS333,0.0,2024-01-01,2.6934464,2023-01-01,291.91305516909244,284.3701904714924,"{""geodesic"":false,""type"":""Point"",""coordinates"":[-121.40178600975601,35.88818967398115]}"
17_000000000000000000c6_0,63.473961534571934,972.0,0.8466614277760899,BS334,0.0,2024-01-01,2.675544,2023-01-01,291.91305516909244,284.3701904714924,"{""geodesic"":false,""type"":""Point"",""coordinates"":[-121.3875027967385,35.890884619833514]}"
17_000000000000000000c7_0,52.6354129246007,935.0,0.8537912106743459,BS335,0.0,2024-01-01,2.675544,2023-01-01,291.91305516909244,284.3701904714924,"{""geodesic"":false,""type"":""Point"",""coordinates"":[-121.3791484645962,35.89223209275969]}"
17_000000000000000000c8_0,41.75092536071832,606.0,0.8086417070558053,BS338,0.0,2024-01-01,2.675544,2023-01-01,291.91305516909244,284.3701904714924,"{""geodesic"":false,""type"":""Point"",""coordinates"":[-121.3942401613694,35.87094202052606]}"
17_000000000000000000c9_0,24.699184806171456,503.0,0.817990368619999,BS355,0.0,2024-01-01,3.5078855,2023-01-01,289.3503200165213,282.96914718836956,"{""geodesic"":false,""type"":""Point"",""coordinates"":[-121.78824124498422,36.33393371796126]}"
17_000000000000000000ca_0,11.485770777604408,807.0,0.8378610091530713,BS358,0.0,2024-01-01,3.5078855,2023-01-01,289.3503200165213,282.96914718836956,"{""geodesic"":false,""type"":""Point"",""coordinates"":[-121.78608528830233,36.3455219851264]}"
17_000000000000000000cb_0,39.5462474340981,736.0,0.7893799900470041,BS359,0.0,2024-01-01,2.7712934,2023-01-01,289.14163467198205,282.3223570105148,"{""geodesic"":false,""type"":""Point"",""coordinates"":[-121.79039720166611,36.35037288766065]}"
17_000000000000000000cc_0,26.083352304998808,936.0,0.7166446125983685,BS360,0.0,2024-01-01,2.7712934,2023-01-01,289.14163467198205,282.3223570105148,"{""geodesic"":false,""type"":""Point"",""coordinates"":[-121.79120568542182,36.355762779365364]}"
17_000000000000000000cd_0,36.830688497696116,1015.0,0.6629424264411756,BS365,0.0,2024-01-01,3.6611304,2023-01-01,289.7197508511478,283.40221837710027,"{""geodesic"":false,""type"":""Point"",""coordinates"":[-121.68610279717983,36.22290194884409]}"
17_000000000000000000ce_0,15.92479447513024,665.0,0.7548602382452742,BS372,0.0,2024-01-01,4.0003867,2023-01-01,289.7197508511478,283.40221837710027,"{""geodesic"":false,""type"":""Point"",""coordinates"":[-121.73568980086323,36.22290194884409]}"
17_000000000000000000cf_0,22.48867523714034,783.0,0.7541517518157171,BS373,0.0,2024-01-01,4.0003867,2023-01-01,289.7197508511478,283.40221837710027,"{""geodesic"":false,""type"":""Point"",""coordinates"":[-121.7362287900337,36.228022345963566]}"
17_000000000000000000d1_0,60.09303037205814,371.0,0.8308663310879342,BS378,0.0,2024-01-01,4.0003867,2023-01-01,289.7197508511478,283.40221837710027,"{""geodesic"":false,""type"":""Point"",""coordinates"":[-121.74566110051695,36.219668013821256]}"
17_000000000000000000d2_0,48.54473789351775,746.0,0.551485852586067,BS379,0.0,2024-01-01,4.0003867,2023-01-01,289.7197508511478,283.40221837710027,"{""geodesic"":false,""type"":""Point"",""coordinates"":[-121.73973221964177,36.23098678640116]}"
17_000000000000000000d8_0,68.80449300285544,371.0,0.8009022034962693,BS390,0.0,2024-01-01,3.5078855,2023-01-01,289.3503200165213,282.96914718836956,"{""geodesic"":false,""type"":""Point"",""coordinates"":[-121.79470911502989,36.333394728790786]}"
17_000000000000000000dd_0,26.806021219488542,878.0,0.8172178265841107,BS399,0.0,2024-01-01,2.7273023,2023-01-01,291.91305516909244,284.3701904714924,"{""geodesic"":false,""type"":""Point"",""coordinates"":[-121.42361507116011,35.93076981844842]}"
17_000000000000000000de_0,66.36425230330899,878.0,0.5787502814628104,BS405,0.0,2024-01-01,2.9185047,2023-01-01,291.3457963499304,283.66751487418395,"{""geodesic"":false,""type"":""Point"",""coordinates"":[-121.535455324033,36.04476602800319]}"
17_000000000000000000e1_0,24.34083772006247,263.0,0.8538667933341202,BS412,0.0,2024-01-01,2.7273023,2023-01-01,291.91305516909244,284.3701904714924,"{""geodesic"":false,""type"":""Point"",""coordinates"":[-121.41849467404063,35.90408985451007]}"
17_000000000000000000e2_0,29.683704859805875,628.0,0.7304650179876923,BS413,0.0,2024-01-01,2.6421824,2023-01-01,292.3442389919333,284.2521539139421,"{""geodesic"":false,""type"":""Point"",""coordinates"":[-121.33360387969134,35.806263320069455]}"
17_000000000000000000e5_0,83.65978738081037,597.0,0.7349010582342049,BS420,0.0,2024-01-01,2.831139,2023-01-01,291.3457963499304,283.66751487418395,"{""geodesic"":false,""type"":""Point"",""coordinates"":[-121.49071922288384,36.02374545035479]}"
17_000000000000000000e6_0,29.187778268910428,133.0,0.8158761593861242,BS423,0.0,2024-01-01,2.9185047,2023-01-01,291.3457963499304,283.66751487418395,"{""geodesic"":false,""type"":""Point"",""coordinates"":[-121.52144160560073,36.01566061279771]}"
17_000000000000000000e7_0,81.94283811670657,1336.0,0.7103364159175309,BS425,0.0,2024-01-01,2.8617575,2023-01-01,290.62973741505243,282.79316544206176,"{""geodesic"":false,""type"":""Point"",""coordinates"":[-121.49880406044092,36.05500682224215]}"
17_000000000000000000e8_0,51.30449138657875,268.0,0.7327581568522192,BS426,0.0,2024-01-01,2.9185047,2023-01-01,291.3457963499304,283.66751487418395,"{""geodesic"":false,""type"":""Point"",""coordinates"":[-121.52817897023162,36.018894547820544]}"
17_000000000000000000e9_0,86.79125595984429,531.0,0.76280831483655,BS427,0.0,2024-01-01,3.055128,2023-01-01,289.14163467198205,282.3223570105148,"{""geodesic"":false,""type"":""Point"",""coordinates"":[-121.83459431364479,36.37193245447951]}"
17_000000000000000000ea_0,45.53806426827274,379.0,0.8238541859384796,BS429,0.0,2024-01-01,2.1513448,2023-01-01,288.88989884886024,283.476172293049,"{""geodesic"":false,""type"":""Point"",""coordinates"":[-121.85184196709989,36.47245393477249]}"
17_000000000000000000eb_0,67.95194802135491,524.0,0.8244998305133958,BS430,0.0,2024-01-01,2.270588,2023-01-01,289.6289143601509,282.5427649093001,"{""geodesic"":false,""type"":""Point"",""coordinates"":[-121.81087879014403,36.46625555931207]}"
17_000000000000000000ec_0,56.72734670734721,808.0,0.7554989708097901,BS431,0.0,2024-01-01,2.1513448,2023-01-01,288.88989884886024,283.476172293049,"{""geodesic"":false,""type"":""Point"",""coordinates"":[-121.86100478299791,36.45008588419791]}"
17_000000000000000000ed_0,23.588448238716964,385.0,0.8247634785614227,BS433,0.0,2024-01-01,3.712084,2023-01-01,289.3503200165213,282.96914718836956,"{""geodesic"":false,""type"":""Point"",""coordinates"":[-121.80737536053597,36.347677941808286]}"
17_000000000000000000ee_0,37.51947218239983,875.0,0.7487348447393444,BS434,0.0,2024-01-01,2.1513448,2023-01-01,288.88989884886024,283.476172293049,"{""geodesic"":false,""type"":""Point"",""coordinates"":[-121.85103348334418,36.45089436795362]}"
17_000000000000000000ef_0,19.59603533645939,1045.0,0.5496488565715022,BS436,0.0,2024-01-01,3.0247226,2023-01-01,289.5252515400926,281.93710306245987,"{""geodesic"":false,""type"":""Point"",""coordinates"":[-121.72140658784573,36.3417490609331]}"
17_000000000000000000f0_0,32.654013820292896,367.0,0.79206548724693,BS438,0.0,2024-01-01,3.712084,2023-01-01,289.3503200165213,282.96914718836956,"{""geodesic"":false,""type"":""Point"",""coordinates"":[-121.80872283346216,36.34228805010357]}"
17_000000000000000000f1_0,21.92062677416017,109.0,0.8255992993151162,BS457,0.0,2024-01-01,3.8918226,2023-01-01,289.7197508511478,283.40221837710027,"{""geodesic"":false,""type"":""Point"",""coordinates"":[-121.6925706672255,36.17870483686541]}"
17_000000000000000000f4_0,21.281778629153607,438.0,0.7592535797496303,BS468,0.0,2024-01-01,2.270588,2023-01-01,289.6289143601509,282.5427649093001,"{""geodesic"":false,""type"":""Point"",""coordinates"":[-121.8467215699804,36.48512018027858]}"
17_000000000000000000f5_0,41.54475986202287,579.0,0.8417441382372667,BS469,0.0,2024-01-01,2.1513448,2023-01-01,288.88989884886024,283.476172293049,"{""geodesic"":false,""type"":""Point"",""coordinates"":[-121.85830983714554,36.45574527048787]}"
17_000000000000000000f6_0,80.25140255535459,737.0,0.7050754478905022,BS470,0.0,2024-01-01,2.1513448,2023-01-01,288.88989884886024,283.476172293049,"{""geodesic"":false,""type"":""Point"",""coordinates"":[-121.85291994544083,36.45628425965834]}"
17_000000000000000000f7_0,80.53200219231506,290.0,0.7370336522616374,BS474,0.0,2024-01-01,2.7729378,2023-01-01,291.3457963499304,283.66751487418395,"{""geodesic"":false,""type"":""Point"",""coordinates"":[-121.46727319396832,35.990328121785545]}"
17_000000000000000000f8_0,82.0245518698684,972.0,0.6718399298033475,BS478,0.0,2024-01-01,2.6711822,2023-01-01,291.9176101893595,283.1635677807952,"{""geodesic"":false,""type"":""Point"",""coordinates"":[-121.4333168762286,35.99437054056408]}"
17_000000000000000000f9_0,29.84683212610448,507.0,0.761312724882706,BS486,0.0,2024-01-01,2.7729378,2023-01-01,291.3457963499304,283.66751487418395,"{""geodesic"":false,""type"":""Point"",""coordinates"":[-121.46835117230926,35.95367685819347]}"
17_000000000000000000fb_0,52.59546118144046,836.0,0.8397073835390632,BS499,0.0,2024-01-01,2.6934464,2023-01-01,291.91305516909244,284.3701904714924,"{""geodesic"":false,""type"":""Point"",""coordinates"":[-121.4077148906312,35.88738119022545]}"
17_000000000000000000fc_0,18.096756866282963,677.0,0.8335201295857492,BS504,0.0,2024-01-01,2.675544,2023-01-01,291.91305516909244,284.3701904714924,"{""geodesic"":false,""type"":""Point"",""coordinates"":[-121.38911976424993,35.874175955548885]}"
17_000000000000000000fe_0,82.0644985169662,706.0,0.6579887892630866,BS518,0.0,2024-01-01,3.055128,2023-01-01,289.14163467198205,282.3223570105148,"{""geodesic"":false,""type"":""Point"",""coordinates"":[-121.83109088403673,36.38432920540036]}"
17_000000000000000000ff_0,47.01819199966321,538.0,0.8151726446164812,BS519,0.0,2024-01-01,3.055128,2023-01-01,289.14163467198205,282.3223570105148,"{""geodesic"":false,""type"":""Point"",""coordinates"":[-121.83944521617903,36.38352072164466]}"
17_00000000000000000101_0,34.772675851559804,581.0,0.8115605919426107,BS521,0.0,2024-01-01,3.8918226,2023-01-01,289.7197508511478,283.40221837710027,"{""geodesic"":false,""type"":""Point"",""coordinates"":[-121.69526561307785,36.19837794158762]}"
17_00000000000000000102_0,35.590526787457186,562.0,0.8124032771668808,BS600,0.0,2024-01-01,3.055128,2023-01-01,289.14163467198205,282.3223570105148,"{""geodesic"":false,""type"":""Point"",""coordinates"":[-121.8219280681387,36.3598051981439]}"
17_00000000000000000103_0,44.26461730476763,638.0,0.7961382491071238,BS601,0.0,2024-01-01,3.055128,2023-01-01,289.14163467198205,282.3223570105148,"{""geodesic"":false,""type"":""Point"",""coordinates"":[-121.83324684071862,36.35926620897343]}"
17_00000000000000000104_0,29.16104508997172,518.0,0.8083239909180482,BS603,0.0,2024-01-01,3.055128,2023-01-01,289.14163467198205,282.3223570105148,"{""geodesic"":false,""type"":""Point"",""coordinates"":[-121.84079268910521,36.366273068189564]}"
17_00000000000000000105_0,28.02662137584261,565.0,0.820866002637208,BS604,0.0,2024-01-01,3.055128,2023-01-01,289.14163467198205,282.3223570105148,"{""geodesic"":false,""type"":""Point"",""coordinates"":[-121.84887752666229,36.367890035700974]}"
17_00000000000000000107_0,15.45094343855608,1022.0,0.8221619492225756,BS607,0.0,2024-01-01,3.3675795,2023-01-01,289.92080755364407,282.30355567409566,"{""geodesic"":false,""type"":""Point"",""coordinates"":[-121.59151019776205,36.15013841083041]}"
17_00000000000000000108_0,84.32917190894965,257.0,0.7364829434338869,BS610,0.0,2024-01-01,3.8918226,2023-01-01,289.7197508511478,283.40221837710027,"{""geodesic"":false,""type"":""Point"",""coordinates"":[-121.66292626284955,36.16253516175126]}"
17_00000000000000000109_0,74.69098371230778,417.0,0.7807419757905539,BS611,0.0,2024-01-01,3.8918226,2023-01-01,289.7197508511478,283.40221837710027,"{""geodesic"":false,""type"":""Point"",""coordinates"":[-121.66454323036096,36.17304545057545]}"
17_0000000000000000010a_0,25.648976342171565,455.0,0.7855999410207584,BS612,0.0,2024-01-01,3.8918226,2023-01-01,289.7197508511478,283.40221837710027,"{""geodesic"":false,""type"":""Point"",""coordinates"":[-121.66993312206569,36.17277595599022]}"
17_0000000000000000010b_0,32.358543900438335,318.0,0.7759522417600461,BS613,0.0,2024-01-01,3.8918226,2023-01-01,289.7197508511478,283.40221837710027,"{""geodesic"":false,""type"":""Point"",""coordinates"":[-121.6693941328952,36.165769096774085]}"
17_0000000000000000010c_0,40.97266632874395,320.0,0.8400255679536902,BS620,0.0,2024-01-01,3.8918226,2023-01-01,289.7197508511478,283.40221837710027,"{""geodesic"":false,""type"":""Point"",""coordinates"":[-121.6933791509812,36.184364223155356]}"
17_0000000000000000010d_0,81.1971946686267,262.0,0.8135996212716639,BS621,0.0,2024-01-01,4.0003867,2023-01-01,289.7197508511478,283.40221837710027,"{""geodesic"":false,""type"":""Point"",""coordinates"":[-121.74862554095455,36.21805104630984]}"
17_00000000000000000113_0,22.79805060510979,151.0,0.8364880155669255,BS627,0.0,2024-01-01,4.3183336,2023-01-01,289.3503200165213,282.96914718836956,"{""geodesic"":false,""type"":""Point"",""coordinates"":[-121.80279395258697,36.27087198501607]}"
17_00000000000000000114_0,29.64836006723349,97.0,0.8250709284211385,BS628,0.0,2024-01-01,4.3183336,2023-01-01,289.3503200165213,282.96914718836956,"{""geodesic"":false,""type"":""Point"",""coordinates"":[-121.80629738219503,36.269255017504655]}"
17_00000000000000000115_0,31.324873183434573,405.0,0.8309904906725302,BS629,0.0,2024-01-01,3.8918226,2023-01-01,289.7197508511478,283.40221837710027,"{""geodesic"":false,""type"":""Point"",""coordinates"":[-121.69526561307785,36.18813714734866]}"
17_00000000000000000116_0,32.50290064195172,552.0,0.8244821195394523,BS632,0.0,2024-01-01,3.712084,2023-01-01,289.3503200165213,282.96914718836956,"{""geodesic"":false,""type"":""Point"",""coordinates"":[-121.80036850131984,36.325040396648475]}"
17_00000000000000000117_0,45.28130872095645,639.0,0.7599994025222506,BS633,0.0,2024-01-01,3.712084,2023-01-01,289.3503200165213,282.96914718836956,"{""geodesic"":false,""type"":""Point"",""coordinates"":[-121.80063799590508,36.32261494538135]}"
